report_time,facility_name,wait_time,times_unavailable
2026-10-01 00:00:00.000000,Airdrie Community Health Centre,44,0
2026-10-01 00:00:00.000000,Alberta Children's Hospital,205,0
2026-10-01 00:00:00.000000,Chinook Regional Hospital,190,0
2026-10-01 00:00:00.000000,Cochrane Community Health Centre,,0
2026-10-01 00:00:00.000000,Devon General Hospital,164,0
2026-10-01 00:00:00.000000,Foothills Medical Centre,277,0
2026-10-01 00:00:00.000000,Fort Sask Community Hospital,337,0
2026-10-01 00:00:00.000000,Grande Prairie Regional Hospital,357,0
2026-10-01 00:00:00.000000,Grey Nuns Community Hospital,325,0
2026-10-01 00:00:00.000000,Innisfail Health Centre,,1
2026-10-01 00:00:00.000000,Lacombe Hospital and Care Centre,,1
2026-10-01 00:00:00.000000,Leduc Community Hospital,175,0
2026-10-01 00:00:00.000000,Medicine Hat Regional Hospital,48,0
2026-10-01 00:00:00.000000,Misericordia Community Hospital,505,0
2026-10-01 00:00:00.000000,Northeast Community Health Centre,305,0
2026-10-01 00:00:00.000000,Northern Lights Regional Health Centre,41,0
2026-10-01 00:00:00.000000,Okotoks Health and Wellness Centre,,0
2026-10-01 00:00:00.000000,Peter Lougheed Centre,373,0
2026-10-01 00:00:00.000000,Red Deer Regional Hospital,74,0
2026-10-01 00:00:00.000000,Rockyview General Hospital,134,0
2026-10-01 00:00:00.000000,Royal Alexandra Hospital,267,0
2026-10-01 00:00:00.000000,Sheldon M. Chumir Centre,261,0
2026-10-01 00:00:00.000000,South Calgary Health Centre,,0
2026-10-01 00:00:00.000000,South Health Campus,417,0
2026-10-01 00:00:00.000000,Stollery Children's Hospital,230,0
2026-10-01 00:00:00.000000,Strathcona Community Hospital,271,0
2026-10-01 00:00:00.000000,Sturgeon Community Hospital,284,0
2026-10-01 00:00:00.000000,University of Alberta Hospital,195,0
2026-10-01 00:00:00.000000,WestView Health Centre,309,0
2026-10-01 00:10:00.000000,Airdrie Community Health Centre,44,0
2026-10-01 00:10:00.000000,Alberta Children's Hospital,213,0
2026-10-01 00:10:00.000000,Chinook Regional Hospital,192,0
2026-10-01 00:10:00.000000,Cochrane Community Health Centre,,0
2026-10-01 00:10:00.000000,Devon General Hospital,164,0
2026-10-01 00:10:00.000000,Foothills Medical Centre,276,0
2026-10-01 00:10:00.000000,Fort Sask Community Hospital,337,0
2026-10-01 00:10:00.000000,Grande Prairie Regional Hospital,364,0
2026-10-01 00:10:00.000000,Grey Nuns Community Hospital,316,0
2026-10-01 00:10:00.000000,Innisfail Health Centre,,1
2026-10-01 00:10:00.000000,Lacombe Hospital and Care Centre,,1
2026-10-01 00:10:00.000000,Leduc Community Hospital,175,0
2026-10-01 00:10:00.000000,Medicine Hat Regional Hospital,30,0
2026-10-01 00:10:00.000000,Misericordia Community Hospital,540,0
2026-10-01 00:10:00.000000,Northeast Community Health Centre,278,0
2026-10-01 00:10:00.000000,Northern Lights Regional Health Centre,55,0
2026-10-01 00:10:00.000000,Okotoks Health and Wellness Centre,,0
2026-10-01 00:10:00.000000,Peter Lougheed Centre,408,0
2026-10-01 00:10:00.000000,Red Deer Regional Hospital,78,0
2026-10-01 00:10:00.000000,Rockyview General Hospital,148,0
2026-10-01 00:10:00.000000,Royal Alexandra Hospital,272,0
2026-10-01 00:10:00.000000,Sheldon M. Chumir Centre,233,0
2026-10-01 00:10:00.000000,South Calgary Health Centre,,0
2026-10-01 00:10:00.000000,South Health Campus,411,0
2026-10-01 00:10:00.000000,Stollery Children's Hospital,255,0
2026-10-01 00:10:00.000000,Strathcona Community Hospital,256,0
2026-10-01 00:10:00.000000,Sturgeon Community Hospital,272,0
2026-10-01 00:10:00.000000,University of Alberta Hospital,206,0
2026-10-01 00:10:00.000000,WestView Health Centre,240,0
2026-10-01 00:20:00.000000,Airdrie Community Health Centre,47,0
2026-10-01 00:20:00.000000,Alberta Children's Hospital,191,0
2026-10-01 00:20:00.000000,Chinook Regional Hospital,168,0
2026-10-01 00:20:00.000000,Cochrane Community Health Centre,,0
2026-10-01 00:20:00.000000,Devon General Hospital,164,0
2026-10-01 00:20:00.000000,Foothills Medical Centre,290,0
2026-10-01 00:20:00.000000,Fort Sask Community Hospital,337,0
2026-10-01 00:20:00.000000,Grande Prairie Regional Hospital,360,0
2026-10-01 00:20:00.000000,Grey Nuns Community Hospital,306,0
2026-10-01 00:20:00.000000,Innisfail Health Centre,,1
2026-10-01 00:20:00.000000,Lacombe Hospital and Care Centre,,1
2026-10-01 00:20:00.000000,Leduc Community Hospital,150,0
2026-10-01 00:20:00.000000,Medicine Hat Regional Hospital,30,0
2026-10-01 00:20:00.000000,Misericordia Community Hospital,505,0
2026-10-01 00:20:00.000000,Northeast Community Health Centre,305,0
2026-10-01 00:20:00.000000,Northern Lights Regional Health Centre,55,0
2026-10-01 00:20:00.000000,Okotoks Health and Wellness Centre,,0
2026-10-01 00:20:00.000000,Peter Lougheed Centre,404,0
2026-10-01 00:20:00.000000,Red Deer Regional Hospital,85,0
2026-10-01 00:20:00.000000,Rockyview General Hospital,112,0
2026-10-01 00:20:00.000000,Royal Alexandra Hospital,253,0
2026-10-01 00:20:00.000000,Sheldon M. Chumir Centre,224,0
2026-10-01 00:20:00.000000,South Calgary Health Centre,,0
2026-10-01 00:20:00.000000,South Health Campus,383,0
2026-10-01 00:20:00.000000,Stollery Children's Hospital,266,0
2026-10-01 00:20:00.000000,Strathcona Community Hospital,289,0
2026-10-01 00:20:00.000000,Sturgeon Community Hospital,266,0
2026-10-01 00:20:00.000000,University of Alberta Hospital,205,0
2026-10-01 00:20:00.000000,WestView Health Centre,279,0
2026-10-01 00:30:00.000000,Airdrie Community Health Centre,64,0
2026-10-01 00:30:00.000000,Alberta Children's Hospital,213,0
2026-10-01 00:30:00.000000,Chinook Regional Hospital,193,0
2026-10-01 00:30:00.000000,Cochrane Community Health Centre,,0
2026-10-01 00:30:00.000000,Devon General Hospital,205,0
2026-10-01 00:30:00.000000,Foothills Medical Centre,300,0
2026-10-01 00:30:00.000000,Fort Sask Community Hospital,380,0
2026-10-01 00:30:00.000000,Grande Prairie Regional Hospital,358,0
2026-10-01 00:30:00.000000,Grey Nuns Community Hospital,279,0
2026-10-01 00:30:00.000000,Innisfail Health Centre,,1
2026-10-01 00:30:00.000000,Lacombe Hospital and Care Centre,,1
2026-10-01 00:30:00.000000,Leduc Community Hospital,150,0
2026-10-01 00:30:00.000000,Medicine Hat Regional Hospital,30,0
2026-10-01 00:30:00.000000,Misericordia Community Hospital,558,0
2026-10-01 00:30:00.000000,Northeast Community Health Centre,325,0
2026-10-01 00:30:00.000000,Northern Lights Regional Health Centre,69,0
2026-10-01 00:30:00.000000,Okotoks Health and Wellness Centre,,0
2026-10-01 00:30:00.000000,Peter Lougheed Centre,415,0
2026-10-01 00:30:00.000000,Red Deer Regional Hospital,72,0
2026-10-01 00:30:00.000000,Rockyview General Hospital,135,0
2026-10-01 00:30:00.000000,Royal Alexandra Hospital,253,0
2026-10-01 00:30:00.000000,Sheldon M. Chumir Centre,212,0
2026-10-01 00:30:00.000000,South Calgary Health Centre,,0
2026-10-01 00:30:00.000000,South Health Campus,391,0
2026-10-01 00:30:00.000000,Stollery Children's Hospital,256,0
2026-10-01 00:30:00.000000,Strathcona Community Hospital,231,0
2026-10-01 00:30:00.000000,Sturgeon Community Hospital,244,0
2026-10-01 00:30:00.000000,University of Alberta Hospital,208,0
2026-10-01 00:30:00.000000,WestView Health Centre,279,0
2026-10-01 00:40:00.000000,Airdrie Community Health Centre,114,0
2026-10-01 00:40:00.000000,Alberta Children's Hospital,196,0
2026-10-01 00:40:00.000000,Chinook Regional Hospital,201,0
2026-10-01 00:40:00.000000,Cochrane Community Health Centre,,0
2026-10-01 00:40:00.000000,Devon General Hospital,164,0
2026-10-01 00:40:00.000000,Foothills Medical Centre,320,0
2026-10-01 00:40:00.000000,Fort Sask Community Hospital,380,0
2026-10-01 00:40:00.000000,Grande Prairie Regional Hospital,364,0
2026-10-01 00:40:00.000000,Grey Nuns Community Hospital,269,0
2026-10-01 00:40:00.000000,Innisfail Health Centre,,1
2026-10-01 00:40:00.000000,Lacombe Hospital and Care Centre,,1
2026-10-01 00:40:00.000000,Leduc Community Hospital,125,0
2026-10-01 00:40:00.000000,Medicine Hat Regional Hospital,30,0
2026-10-01 00:40:00.000000,Misericordia Community Hospital,561,0
2026-10-01 00:40:00.000000,Northeast Community Health Centre,365,0
2026-10-01 00:40:00.000000,Northern Lights Regional Health Centre,82,0
2026-10-01 00:40:00.000000,Okotoks Health and Wellness Centre,,0
2026-10-01 00:40:00.000000,Peter Lougheed Centre,409,0
2026-10-01 00:40:00.000000,Red Deer Regional Hospital,59,0
2026-10-01 00:40:00.000000,Rockyview General Hospital,105,0
2026-10-01 00:40:00.000000,Royal Alexandra Hospital,248,0
2026-10-01 00:40:00.000000,Sheldon M. Chumir Centre,238,0
2026-10-01 00:40:00.000000,South Calgary Health Centre,,0
2026-10-01 00:40:00.000000,South Health Campus,385,0
2026-10-01 00:40:00.000000,Stollery Children's Hospital,246,0
2026-10-01 00:40:00.000000,Strathcona Community Hospital,219,0
2026-10-01 00:40:00.000000,Sturgeon Community Hospital,236,0
2026-10-01 00:40:00.000000,University of Alberta Hospital,210,0
2026-10-01 00:40:00.000000,WestView Health Centre,279,0
2026-10-01 00:50:00.000000,Airdrie Community Health Centre,161,0
2026-10-01 00:50:00.000000,Alberta Children's Hospital,188,0
2026-10-01 00:50:00.000000,Chinook Regional Hospital,211,0
2026-10-01 00:50:00.000000,Cochrane Community Health Centre,,0
2026-10-01 00:50:00.000000,Devon General Hospital,164,0
2026-10-01 00:50:00.000000,Foothills Medical Centre,345,0
2026-10-01 00:50:00.000000,Fort Sask Community Hospital,380,0
2026-10-01 00:50:00.000000,Grande Prairie Regional Hospital,360,0
2026-10-01 00:50:00.000000,Grey Nuns Community Hospital,269,0
2026-10-01 00:50:00.000000,Innisfail Health Centre,,1
2026-10-01 00:50:00.000000,Lacombe Hospital and Care Centre,,1
2026-10-01 00:50:00.000000,Leduc Community Hospital,100,0
2026-10-01 00:50:00.000000,Medicine Hat Regional Hospital,30,0
2026-10-01 00:50:00.000000,Misericordia Community Hospital,518,0
2026-10-01 00:50:00.000000,Northeast Community Health Centre,394,0
2026-10-01 00:50:00.000000,Northern Lights Regional Health Centre,55,0
2026-10-01 00:50:00.000000,Okotoks Health and Wellness Centre,,0
2026-10-01 00:50:00.000000,Peter Lougheed Centre,421,0
2026-10-01 00:50:00.000000,Red Deer Regional Hospital,47,0
2026-10-01 00:50:00.000000,Rockyview General Hospital,112,0
2026-10-01 00:50:00.000000,Royal Alexandra Hospital,248,0
2026-10-01 00:50:00.000000,Sheldon M. Chumir Centre,228,0
2026-10-01 00:50:00.000000,South Calgary Health Centre,,0
2026-10-01 00:50:00.000000,South Health Campus,382,0
2026-10-01 00:50:00.000000,Stollery Children's Hospital,257,0
2026-10-01 00:50:00.000000,Strathcona Community Hospital,255,0
2026-10-01 00:50:00.000000,Sturgeon Community Hospital,190,0
2026-10-01 00:50:00.000000,University of Alberta Hospital,212,0
2026-10-01 00:50:00.000000,WestView Health Centre,320,0
2026-10-01 01:00:00.000000,Airdrie Community Health Centre,177,0
2026-10-01 01:00:00.000000,Alberta Children's Hospital,223,0
2026-10-01 01:00:00.000000,Chinook Regional Hospital,202,0
2026-10-01 01:00:00.000000,Cochrane Community Health Centre,,0
2026-10-01 01:00:00.000000,Devon General Hospital,164,0
2026-10-01 01:00:00.000000,Foothills Medical Centre,355,0
2026-10-01 01:00:00.000000,Fort Sask Community Hospital,337,0
2026-10-01 01:00:00.000000,Grande Prairie Regional Hospital,358,0
2026-10-01 01:00:00.000000,Grey Nuns Community Hospital,251,0
2026-10-01 01:00:00.000000,Innisfail Health Centre,,1
2026-10-01 01:00:00.000000,Lacombe Hospital and Care Centre,,1
2026-10-01 01:00:00.000000,Leduc Community Hospital,100,0
2026-10-01 01:00:00.000000,Medicine Hat Regional Hospital,30,0
2026-10-01 01:00:00.000000,Misericordia Community Hospital,526,0
2026-10-01 01:00:00.000000,Northeast Community Health Centre,399,0
2026-10-01 01:00:00.000000,Northern Lights Regional Health Centre,55,0
2026-10-01 01:00:00.000000,Okotoks Health and Wellness Centre,,0
2026-10-01 01:00:00.000000,Peter Lougheed Centre,406,0
2026-10-01 01:00:00.000000,Red Deer Regional Hospital,53,0
2026-10-01 01:00:00.000000,Rockyview General Hospital,100,0
2026-10-01 01:00:00.000000,Royal Alexandra Hospital,248,0
2026-10-01 01:00:00.000000,Sheldon M. Chumir Centre,235,0
2026-10-01 01:00:00.000000,South Calgary Health Centre,,0
2026-10-01 01:00:00.000000,South Health Campus,390,0
2026-10-01 01:00:00.000000,Stollery Children's Hospital,301,0
2026-10-01 01:00:00.000000,Strathcona Community Hospital,265,0
2026-10-01 01:00:00.000000,Sturgeon Community Hospital,195,0
2026-10-01 01:00:00.000000,University of Alberta Hospital,205,0
2026-10-01 01:00:00.000000,WestView Health Centre,360,0
2026-10-01 01:10:00.000000,Airdrie Community Health Centre,192,0
2026-10-01 01:10:00.000000,Alberta Children's Hospital,225,0
2026-10-01 01:10:00.000000,Chinook Regional Hospital,195,0
2026-10-01 01:10:00.000000,Cochrane Community Health Centre,,0
2026-10-01 01:10:00.000000,Devon General Hospital,164,0
2026-10-01 01:10:00.000000,Foothills Medical Centre,355,0
2026-10-01 01:10:00.000000,Fort Sask Community Hospital,295,0
2026-10-01 01:10:00.000000,Grande Prairie Regional Hospital,354,0
2026-10-01 01:10:00.000000,Grey Nuns Community Hospital,241,0
2026-10-01 01:10:00.000000,Innisfail Health Centre,,1
2026-10-01 01:10:00.000000,Lacombe Hospital and Care Centre,,1
2026-10-01 01:10:00.000000,Leduc Community Hospital,125,0
2026-10-01 01:10:00.000000,Medicine Hat Regional Hospital,30,0
2026-10-01 01:10:00.000000,Misericordia Community Hospital,536,0
2026-10-01 01:10:00.000000,Northeast Community Health Centre,455,0
2026-10-01 01:10:00.000000,Northern Lights Regional Health Centre,30,0
2026-10-01 01:10:00.000000,Okotoks Health and Wellness Centre,,0
2026-10-01 01:10:00.000000,Peter Lougheed Centre,410,0
2026-10-01 01:10:00.000000,Red Deer Regional Hospital,61,0
2026-10-01 01:10:00.000000,Rockyview General Hospital,121,0
2026-10-01 01:10:00.000000,Royal Alexandra Hospital,263,0
2026-10-01 01:10:00.000000,Sheldon M. Chumir Centre,244,0
2026-10-01 01:10:00.000000,South Calgary Health Centre,,0
2026-10-01 01:10:00.000000,South Health Campus,407,0
2026-10-01 01:10:00.000000,Stollery Children's Hospital,294,0
2026-10-01 01:10:00.000000,Strathcona Community Hospital,232,0
2026-10-01 01:10:00.000000,Sturgeon Community Hospital,262,0
2026-10-01 01:10:00.000000,University of Alberta Hospital,202,0
2026-10-01 01:10:00.000000,WestView Health Centre,320,0
2026-10-01 01:20:00.000000,Airdrie Community Health Centre,226,0
2026-10-01 01:20:00.000000,Alberta Children's Hospital,237,0
2026-10-01 01:20:00.000000,Chinook Regional Hospital,202,0
2026-10-01 01:20:00.000000,Cochrane Community Health Centre,,0
2026-10-01 01:20:00.000000,Devon General Hospital,164,0
2026-10-01 01:20:00.000000,Foothills Medical Centre,350,0
2026-10-01 01:20:00.000000,Fort Sask Community Hospital,295,0
2026-10-01 01:20:00.000000,Grande Prairie Regional Hospital,361,0
2026-10-01 01:20:00.000000,Grey Nuns Community Hospital,241,0
2026-10-01 01:20:00.000000,Innisfail Health Centre,,1
2026-10-01 01:20:00.000000,Lacombe Hospital and Care Centre,,1
2026-10-01 01:20:00.000000,Leduc Community Hospital,125,0
2026-10-01 01:20:00.000000,Medicine Hat Regional Hospital,30,0
2026-10-01 01:20:00.000000,Misericordia Community Hospital,526,0
2026-10-01 01:20:00.000000,Northeast Community Health Centre,488,0
2026-10-01 01:20:00.000000,Northern Lights Regional Health Centre,30,0
2026-10-01 01:20:00.000000,Okotoks Health and Wellness Centre,,0
2026-10-01 01:20:00.000000,Peter Lougheed Centre,423,0
2026-10-01 01:20:00.000000,Red Deer Regional Hospital,85,0
2026-10-01 01:20:00.000000,Rockyview General Hospital,129,0
2026-10-01 01:20:00.000000,Royal Alexandra Hospital,258,0
2026-10-01 01:20:00.000000,Sheldon M. Chumir Centre,290,0
2026-10-01 01:20:00.000000,South Calgary Health Centre,,0
2026-10-01 01:20:00.000000,South Health Campus,407,0
2026-10-01 01:20:00.000000,Stollery Children's Hospital,319,0
2026-10-01 01:20:00.000000,Strathcona Community Hospital,197,0
2026-10-01 01:20:00.000000,Sturgeon Community Hospital,249,0
2026-10-01 01:20:00.000000,University of Alberta Hospital,210,0
2026-10-01 01:20:00.000000,WestView Health Centre,320,0
2026-10-01 01:30:00.000000,Airdrie Community Health Centre,208,0
2026-10-01 01:30:00.000000,Alberta Children's Hospital,265,0
2026-10-01 01:30:00.000000,Chinook Regional Hospital,227,0
2026-10-01 01:30:00.000000,Cochrane Community Health Centre,,0
2026-10-01 01:30:00.000000,Devon General Hospital,164,0
2026-10-01 01:30:00.000000,Foothills Medical Centre,334,0
2026-10-01 01:30:00.000000,Fort Sask Community Hospital,295,0
2026-10-01 01:30:00.000000,Grande Prairie Regional Hospital,358,0
2026-10-01 01:30:00.000000,Grey Nuns Community Hospital,241,0
2026-10-01 01:30:00.000000,Innisfail Health Centre,,1
2026-10-01 01:30:00.000000,Lacombe Hospital and Care Centre,,1
2026-10-01 01:30:00.000000,Leduc Community Hospital,150,0
2026-10-01 01:30:00.000000,Medicine Hat Regional Hospital,30,0
2026-10-01 01:30:00.000000,Misericordia Community Hospital,534,0
2026-10-01 01:30:00.000000,Northeast Community Health Centre,476,0
2026-10-01 01:30:00.000000,Northern Lights Regional Health Centre,30,0
2026-10-01 01:30:00.000000,Okotoks Health and Wellness Centre,,0
2026-10-01 01:30:00.000000,Peter Lougheed Centre,403,0
2026-10-01 01:30:00.000000,Red Deer Regional Hospital,90,0
2026-10-01 01:30:00.000000,Rockyview General Hospital,149,0
2026-10-01 01:30:00.000000,Royal Alexandra Hospital,253,0
2026-10-01 01:30:00.000000,Sheldon M. Chumir Centre,316,0
2026-10-01 01:30:00.000000,South Calgary Health Centre,,0
2026-10-01 01:30:00.000000,South Health Campus,407,0
2026-10-01 01:30:00.000000,Stollery Children's Hospital,345,0
2026-10-01 01:30:00.000000,Strathcona Community Hospital,185,0
2026-10-01 01:30:00.000000,Sturgeon Community Hospital,237,0
2026-10-01 01:30:00.000000,University of Alberta Hospital,210,0
2026-10-01 01:30:00.000000,WestView Health Centre,320,0
2026-10-01 01:40:00.000000,Airdrie Community Health Centre,164,0
2026-10-01 01:40:00.000000,Alberta Children's Hospital,248,0
2026-10-01 01:40:00.000000,Chinook Regional Hospital,237,0
2026-10-01 01:40:00.000000,Cochrane Community Health Centre,,0
2026-10-01 01:40:00.000000,Devon General Hospital,164,0
2026-10-01 01:40:00.000000,Foothills Medical Centre,331,0
2026-10-01 01:40:00.000000,Fort Sask Community Hospital,253,0
2026-10-01 01:40:00.000000,Grande Prairie Regional Hospital,354,0
2026-10-01 01:40:00.000000,Grey Nuns Community Hospital,232,0
2026-10-01 01:40:00.000000,Innisfail Health Centre,,1
2026-10-01 01:40:00.000000,Lacombe Hospital and Care Centre,,1
2026-10-01 01:40:00.000000,Leduc Community Hospital,150,0
2026-10-01 01:40:00.000000,Medicine Hat Regional Hospital,30,0
2026-10-01 01:40:00.000000,Misericordia Community Hospital,545,0
2026-10-01 01:40:00.000000,Northeast Community Health Centre,467,0
2026-10-01 01:40:00.000000,Northern Lights Regional Health Centre,30,0
2026-10-01 01:40:00.000000,Okotoks Health and Wellness Centre,,0
2026-10-01 01:40:00.000000,Peter Lougheed Centre,410,0
2026-10-01 01:40:00.000000,Red Deer Regional Hospital,117,0
2026-10-01 01:40:00.000000,Rockyview General Hospital,159,0
2026-10-01 01:40:00.000000,Royal Alexandra Hospital,261,0
2026-10-01 01:40:00.000000,Sheldon M. Chumir Centre,287,0
2026-10-01 01:40:00.000000,South Calgary Health Centre,,0
2026-10-01 01:40:00.000000,South Health Campus,390,0
2026-10-01 01:40:00.000000,Stollery Children's Hospital,338,0
2026-10-01 01:40:00.000000,Strathcona Community Hospital,176,0
2026-10-01 01:40:00.000000,Sturgeon Community Hospital,227,0
2026-10-01 01:40:00.000000,University of Alberta Hospital,206,0
2026-10-01 01:40:00.000000,WestView Health Centre,320,0
2026-10-01 01:50:00.000000,Airdrie Community Health Centre,172,0
2026-10-01 01:50:00.000000,Alberta Children's Hospital,244,0
2026-10-01 01:50:00.000000,Chinook Regional Hospital,245,0
2026-10-01 01:50:00.000000,Cochrane Community Health Centre,,0
2026-10-01 01:50:00.000000,Devon General Hospital,164,0
2026-10-01 01:50:00.000000,Foothills Medical Centre,349,0
2026-10-01 01:50:00.000000,Fort Sask Community Hospital,253,0
2026-10-01 01:50:00.000000,Grande Prairie Regional Hospital,361,0
2026-10-01 01:50:00.000000,Grey Nuns Community Hospital,232,0
2026-10-01 01:50:00.000000,Innisfail Health Centre,,1
2026-10-01 01:50:00.000000,Lacombe Hospital and Care Centre,,1
2026-10-01 01:50:00.000000,Leduc Community Hospital,200,0
2026-10-01 01:50:00.000000,Medicine Hat Regional Hospital,30,0
2026-10-01 01:50:00.000000,Misericordia Community Hospital,534,0
2026-10-01 01:50:00.000000,Northeast Community Health Centre,453,0
2026-10-01 01:50:00.000000,Northern Lights Regional Health Centre,30,0
2026-10-01 01:50:00.000000,Okotoks Health and Wellness Centre,,0
2026-10-01 01:50:00.000000,Peter Lougheed Centre,416,0
2026-10-01 01:50:00.000000,Red Deer Regional Hospital,141,0
2026-10-01 01:50:00.000000,Rockyview General Hospital,167,0
2026-10-01 01:50:00.000000,Royal Alexandra Hospital,250,0
2026-10-01 01:50:00.000000,Sheldon M. Chumir Centre,256,0
2026-10-01 01:50:00.000000,South Calgary Health Centre,,0
2026-10-01 01:50:00.000000,South Health Campus,390,0
2026-10-01 01:50:00.000000,Stollery Children's Hospital,381,0
2026-10-01 01:50:00.000000,Strathcona Community Hospital,185,0
2026-10-01 01:50:00.000000,Sturgeon Community Hospital,254,0
2026-10-01 01:50:00.000000,University of Alberta Hospital,211,0
2026-10-01 01:50:00.000000,WestView Health Centre,320,0
2026-10-01 02:00:00.000000,Airdrie Community Health Centre,207,0
2026-10-01 02:00:00.000000,Alberta Children's Hospital,240,0
2026-10-01 02:00:00.000000,Chinook Regional Hospital,234,0
2026-10-01 02:00:00.000000,Cochrane Community Health Centre,,0
2026-10-01 02:00:00.000000,Devon General Hospital,82,0
2026-10-01 02:00:00.000000,Foothills Medical Centre,356,0
2026-10-01 02:00:00.000000,Fort Sask Community Hospital,253,0
2026-10-01 02:00:00.000000,Grande Prairie Regional Hospital,350,0
2026-10-01 02:00:00.000000,Grey Nuns Community Hospital,223,0
2026-10-01 02:00:00.000000,Innisfail Health Centre,,1
2026-10-01 02:00:00.000000,Lacombe Hospital and Care Centre,,1
2026-10-01 02:00:00.000000,Leduc Community Hospital,200,0
2026-10-01 02:00:00.000000,Medicine Hat Regional Hospital,30,0
2026-10-01 02:00:00.000000,Misericordia Community Hospital,507,0
2026-10-01 02:00:00.000000,Northeast Community Health Centre,418,0
2026-10-01 02:00:00.000000,Northern Lights Regional Health Centre,30,0
2026-10-01 02:00:00.000000,Okotoks Health and Wellness Centre,,0
2026-10-01 02:00:00.000000,Peter Lougheed Centre,403,0
2026-10-01 02:00:00.000000,Red Deer Regional Hospital,146,0
2026-10-01 02:00:00.000000,Rockyview General Hospital,162,0
2026-10-01 02:00:00.000000,Royal Alexandra Hospital,245,0
2026-10-01 02:00:00.000000,Sheldon M. Chumir Centre,263,0
2026-10-01 02:00:00.000000,South Calgary Health Centre,,0
2026-10-01 02:00:00.000000,South Health Campus,382,0
2026-10-01 02:00:00.000000,Stollery Children's Hospital,353,0
2026-10-01 02:00:00.000000,Strathcona Community Hospital,172,0
2026-10-01 02:00:00.000000,Sturgeon Community Hospital,202,0
2026-10-01 02:00:00.000000,University of Alberta Hospital,208,0
2026-10-01 02:00:00.000000,WestView Health Centre,279,0
2026-10-01 02:10:00.000000,Airdrie Community Health Centre,213,0
2026-10-01 02:10:00.000000,Alberta Children's Hospital,235,0
2026-10-01 02:10:00.000000,Chinook Regional Hospital,240,0
2026-10-01 02:10:00.000000,Cochrane Community Health Centre,,0
2026-10-01 02:10:00.000000,Devon General Hospital,41,0
2026-10-01 02:10:00.000000,Foothills Medical Centre,374,0
2026-10-01 02:10:00.000000,Fort Sask Community Hospital,211,0
2026-10-01 02:10:00.000000,Grande Prairie Regional Hospital,346,0
2026-10-01 02:10:00.000000,Grey Nuns Community Hospital,213,0
2026-10-01 02:10:00.000000,Innisfail Health Centre,,1
2026-10-01 02:10:00.000000,Lacombe Hospital and Care Centre,,1
2026-10-01 02:10:00.000000,Leduc Community Hospital,200,0
2026-10-01 02:10:00.000000,Medicine Hat Regional Hospital,30,0
2026-10-01 02:10:00.000000,Misericordia Community Hospital,446,0
2026-10-01 02:10:00.000000,Northeast Community Health Centre,432,0
2026-10-01 02:10:00.000000,Northern Lights Regional Health Centre,30,0
2026-10-01 02:10:00.000000,Okotoks Health and Wellness Centre,,0
2026-10-01 02:10:00.000000,Peter Lougheed Centre,409,0
2026-10-01 02:10:00.000000,Red Deer Regional Hospital,113,0
2026-10-01 02:10:00.000000,Rockyview General Hospital,156,0
2026-10-01 02:10:00.000000,Royal Alexandra Hospital,228,0
2026-10-01 02:10:00.000000,Sheldon M. Chumir Centre,286,0
2026-10-01 02:10:00.000000,South Calgary Health Centre,,0
2026-10-01 02:10:00.000000,South Health Campus,373,0
2026-10-01 02:10:00.000000,Stollery Children's Hospital,324,0
2026-10-01 02:10:00.000000,Strathcona Community Hospital,158,0
2026-10-01 02:10:00.000000,Sturgeon Community Hospital,152,0
2026-10-01 02:10:00.000000,University of Alberta Hospital,199,0
2026-10-01 02:10:00.000000,WestView Health Centre,279,0
2026-10-01 02:20:00.000000,Airdrie Community Health Centre,186,0
2026-10-01 02:20:00.000000,Alberta Children's Hospital,211,0
2026-10-01 02:20:00.000000,Chinook Regional Hospital,240,0
2026-10-01 02:20:00.000000,Cochrane Community Health Centre,,0
2026-10-01 02:20:00.000000,Devon General Hospital,41,0
2026-10-01 02:20:00.000000,Foothills Medical Centre,345,0
2026-10-01 02:20:00.000000,Fort Sask Community Hospital,211,0
2026-10-01 02:20:00.000000,Grande Prairie Regional Hospital,334,0
2026-10-01 02:20:00.000000,Grey Nuns Community Hospital,213,0
2026-10-01 02:20:00.000000,Innisfail Health Centre,,1
2026-10-01 02:20:00.000000,Lacombe Hospital and Care Centre,,1
2026-10-01 02:20:00.000000,Leduc Community Hospital,200,0
2026-10-01 02:20:00.000000,Medicine Hat Regional Hospital,48,0
2026-10-01 02:20:00.000000,Misericordia Community Hospital,438,0
2026-10-01 02:20:00.000000,Northeast Community Health Centre,469,0
2026-10-01 02:20:00.000000,Northern Lights Regional Health Centre,30,0
2026-10-01 02:20:00.000000,Okotoks Health and Wellness Centre,,0
2026-10-01 02:20:00.000000,Peter Lougheed Centre,400,0
2026-10-01 02:20:00.000000,Red Deer Regional Hospital,113,0
2026-10-01 02:20:00.000000,Rockyview General Hospital,148,0
2026-10-01 02:20:00.000000,Royal Alexandra Hospital,211,0
2026-10-01 02:20:00.000000,Sheldon M. Chumir Centre,291,0
2026-10-01 02:20:00.000000,South Calgary Health Centre,,0
2026-10-01 02:20:00.000000,South Health Campus,365,0
2026-10-01 02:20:00.000000,Stollery Children's Hospital,324,0
2026-10-01 02:20:00.000000,Strathcona Community Hospital,158,0
2026-10-01 02:20:00.000000,Sturgeon Community Hospital,141,0
2026-10-01 02:20:00.000000,University of Alberta Hospital,204,0
2026-10-01 02:20:00.000000,WestView Health Centre,279,0
2026-10-01 02:30:00.000000,Airdrie Community Health Centre,186,0
2026-10-01 02:30:00.000000,Alberta Children's Hospital,201,0
2026-10-01 02:30:00.000000,Chinook Regional Hospital,223,0
2026-10-01 02:30:00.000000,Cochrane Community Health Centre,,0
2026-10-01 02:30:00.000000,Devon General Hospital,41,0
2026-10-01 02:30:00.000000,Foothills Medical Centre,348,0
2026-10-01 02:30:00.000000,Fort Sask Community Hospital,211,0
2026-10-01 02:30:00.000000,Grande Prairie Regional Hospital,332,0
2026-10-01 02:30:00.000000,Grey Nuns Community Hospital,213,0
2026-10-01 02:30:00.000000,Innisfail Health Centre,,1
2026-10-01 02:30:00.000000,Lacombe Hospital and Care Centre,,1
2026-10-01 02:30:00.000000,Leduc Community Hospital,150,0
2026-10-01 02:30:00.000000,Medicine Hat Regional Hospital,30,0
2026-10-01 02:30:00.000000,Misericordia Community Hospital,446,0
2026-10-01 02:30:00.000000,Northeast Community Health Centre,480,0
2026-10-01 02:30:00.000000,Northern Lights Regional Health Centre,30,0
2026-10-01 02:30:00.000000,Okotoks Health and Wellness Centre,,0
2026-10-01 02:30:00.000000,Peter Lougheed Centre,408,0
2026-10-01 02:30:00.000000,Red Deer Regional Hospital,113,0
2026-10-01 02:30:00.000000,Rockyview General Hospital,178,0
2026-10-01 02:30:00.000000,Royal Alexandra Hospital,227,0
2026-10-01 02:30:00.000000,Sheldon M. Chumir Centre,288,0
2026-10-01 02:30:00.000000,South Calgary Health Centre,,0
2026-10-01 02:30:00.000000,South Health Campus,356,0
2026-10-01 02:30:00.000000,Stollery Children's Hospital,341,0
2026-10-01 02:30:00.000000,Strathcona Community Hospital,158,0
2026-10-01 02:30:00.000000,Sturgeon Community Hospital,109,0
2026-10-01 02:30:00.000000,University of Alberta Hospital,195,0
2026-10-01 02:30:00.000000,WestView Health Centre,279,0
2026-10-01 02:40:00.000000,Airdrie Community Health Centre,186,0
2026-10-01 02:40:00.000000,Alberta Children's Hospital,190,0
2026-10-01 02:40:00.000000,Chinook Regional Hospital,206,0
2026-10-01 02:40:00.000000,Cochrane Community Health Centre,,0
2026-10-01 02:40:00.000000,Devon General Hospital,82,0
2026-10-01 02:40:00.000000,Foothills Medical Centre,328,0
2026-10-01 02:40:00.000000,Fort Sask Community Hospital,211,0
2026-10-01 02:40:00.000000,Grande Prairie Regional Hospital,338,0
2026-10-01 02:40:00.000000,Grey Nuns Community Hospital,213,0
2026-10-01 02:40:00.000000,Innisfail Health Centre,,1
2026-10-01 02:40:00.000000,Lacombe Hospital and Care Centre,,1
2026-10-01 02:40:00.000000,Leduc Community Hospital,125,0
2026-10-01 02:40:00.000000,Medicine Hat Regional Hospital,30,0
2026-10-01 02:40:00.000000,Misericordia Community Hospital,418,0
2026-10-01 02:40:00.000000,Northeast Community Health Centre,458,0
2026-10-01 02:40:00.000000,Northern Lights Regional Health Centre,30,0
2026-10-01 02:40:00.000000,Okotoks Health and Wellness Centre,,0
2026-10-01 02:40:00.000000,Peter Lougheed Centre,410,0
2026-10-01 02:40:00.000000,Red Deer Regional Hospital,113,0
2026-10-01 02:40:00.000000,Rockyview General Hospital,181,0
2026-10-01 02:40:00.000000,Royal Alexandra Hospital,221,0
2026-10-01 02:40:00.000000,Sheldon M. Chumir Centre,284,0
2026-10-01 02:40:00.000000,South Calgary Health Centre,,0
2026-10-01 02:40:00.000000,South Health Campus,320,0
2026-10-01 02:40:00.000000,Stollery Children's Hospital,324,0
2026-10-01 02:40:00.000000,Strathcona Community Hospital,135,0
2026-10-01 02:40:00.000000,Sturgeon Community Hospital,136,0
2026-10-01 02:40:00.000000,University of Alberta Hospital,204,0
2026-10-01 02:40:00.000000,WestView Health Centre,200,0
2026-10-01 02:50:00.000000,Airdrie Community Health Centre,186,0
2026-10-01 02:50:00.000000,Alberta Children's Hospital,214,0
2026-10-01 02:50:00.000000,Chinook Regional Hospital,189,0
2026-10-01 02:50:00.000000,Cochrane Community Health Centre,,0
2026-10-01 02:50:00.000000,Devon General Hospital,123,0
2026-10-01 02:50:00.000000,Foothills Medical Centre,344,0
2026-10-01 02:50:00.000000,Fort Sask Community Hospital,211,0
2026-10-01 02:50:00.000000,Grande Prairie Regional Hospital,326,0
2026-10-01 02:50:00.000000,Grey Nuns Community Hospital,213,0
2026-10-01 02:50:00.000000,Innisfail Health Centre,,1
2026-10-01 02:50:00.000000,Lacombe Hospital and Care Centre,,1
2026-10-01 02:50:00.000000,Leduc Community Hospital,75,0
2026-10-01 02:50:00.000000,Medicine Hat Regional Hospital,30,0
2026-10-01 02:50:00.000000,Misericordia Community Hospital,429,0
2026-10-01 02:50:00.000000,Northeast Community Health Centre,435,0
2026-10-01 02:50:00.000000,Northern Lights Regional Health Centre,30,0
2026-10-01 02:50:00.000000,Okotoks Health and Wellness Centre,,0
2026-10-01 02:50:00.000000,Peter Lougheed Centre,411,0
2026-10-01 02:50:00.000000,Red Deer Regional Hospital,113,0
2026-10-01 02:50:00.000000,Rockyview General Hospital,212,0
2026-10-01 02:50:00.000000,Royal Alexandra Hospital,227,0
2026-10-01 02:50:00.000000,Sheldon M. Chumir Centre,270,0
2026-10-01 02:50:00.000000,South Calgary Health Centre,,0
2026-10-01 02:50:00.000000,South Health Campus,322,0
2026-10-01 02:50:00.000000,Stollery Children's Hospital,270,0
2026-10-01 02:50:00.000000,Strathcona Community Hospital,158,0
2026-10-01 02:50:00.000000,Sturgeon Community Hospital,185,0
2026-10-01 02:50:00.000000,University of Alberta Hospital,218,0
2026-10-01 02:50:00.000000,WestView Health Centre,200,0
2026-10-01 03:00:00.000000,Airdrie Community Health Centre,186,0
2026-10-01 03:00:00.000000,Alberta Children's Hospital,238,0
2026-10-01 03:00:00.000000,Chinook Regional Hospital,172,0
2026-10-01 03:00:00.000000,Cochrane Community Health Centre,,0
2026-10-01 03:00:00.000000,Devon General Hospital,123,0
2026-10-01 03:00:00.000000,Foothills Medical Centre,360,0
2026-10-01 03:00:00.000000,Fort Sask Community Hospital,168,0
2026-10-01 03:00:00.000000,Grande Prairie Regional Hospital,314,0
2026-10-01 03:00:00.000000,Grey Nuns Community Hospital,223,0
2026-10-01 03:00:00.000000,Innisfail Health Centre,,1
2026-10-01 03:00:00.000000,Lacombe Hospital and Care Centre,,1
2026-10-01 03:00:00.000000,Leduc Community Hospital,75,0
2026-10-01 03:00:00.000000,Medicine Hat Regional Hospital,30,0
2026-10-01 03:00:00.000000,Misericordia Community Hospital,456,0
2026-10-01 03:00:00.000000,Northeast Community Health Centre,413,0
2026-10-01 03:00:00.000000,Northern Lights Regional Health Centre,30,0
2026-10-01 03:00:00.000000,Okotoks Health and Wellness Centre,,0
2026-10-01 03:00:00.000000,Peter Lougheed Centre,397,0
2026-10-01 03:00:00.000000,Red Deer Regional Hospital,113,0
2026-10-01 03:00:00.000000,Rockyview General Hospital,178,0
2026-10-01 03:00:00.000000,Royal Alexandra Hospital,234,0
2026-10-01 03:00:00.000000,Sheldon M. Chumir Centre,265,0
2026-10-01 03:00:00.000000,South Calgary Health Centre,,0
2026-10-01 03:00:00.000000,South Health Campus,322,0
2026-10-01 03:00:00.000000,Stollery Children's Hospital,216,0
2026-10-01 03:00:00.000000,Strathcona Community Hospital,158,0
2026-10-01 03:00:00.000000,Sturgeon Community Hospital,155,0
2026-10-01 03:00:00.000000,University of Alberta Hospital,214,0
2026-10-01 03:00:00.000000,WestView Health Centre,200,0
2026-10-01 03:10:00.000000,Airdrie Community Health Centre,184,0
2026-10-01 03:10:00.000000,Alberta Children's Hospital,225,0
2026-10-01 03:10:00.000000,Chinook Regional Hospital,172,0
2026-10-01 03:10:00.000000,Cochrane Community Health Centre,,0
2026-10-01 03:10:00.000000,Devon General Hospital,164,0
2026-10-01 03:10:00.000000,Foothills Medical Centre,372,0
2026-10-01 03:10:00.000000,Fort Sask Community Hospital,168,0
2026-10-01 03:10:00.000000,Grande Prairie Regional Hospital,311,0
2026-10-01 03:10:00.000000,Grey Nuns Community Hospital,213,0
2026-10-01 03:10:00.000000,Innisfail Health Centre,,1
2026-10-01 03:10:00.000000,Lacombe Hospital and Care Centre,,1
2026-10-01 03:10:00.000000,Leduc Community Hospital,75,0
2026-10-01 03:10:00.000000,Medicine Hat Regional Hospital,30,0
2026-10-01 03:10:00.000000,Misericordia Community Hospital,460,0
2026-10-01 03:10:00.000000,Northeast Community Health Centre,422,0
2026-10-01 03:10:00.000000,Northern Lights Regional Health Centre,30,0
2026-10-01 03:10:00.000000,Okotoks Health and Wellness Centre,,0
2026-10-01 03:10:00.000000,Peter Lougheed Centre,399,0
2026-10-01 03:10:00.000000,Red Deer Regional Hospital,132,0
2026-10-01 03:10:00.000000,Rockyview General Hospital,180,0
2026-10-01 03:10:00.000000,Royal Alexandra Hospital,240,0
2026-10-01 03:10:00.000000,Sheldon M. Chumir Centre,271,0
2026-10-01 03:10:00.000000,South Calgary Health Centre,,0
2026-10-01 03:10:00.000000,South Health Campus,330,0
2026-10-01 03:10:00.000000,Stollery Children's Hospital,198,0
2026-10-01 03:10:00.000000,Strathcona Community Hospital,158,0
2026-10-01 03:10:00.000000,Sturgeon Community Hospital,158,0
2026-10-01 03:10:00.000000,University of Alberta Hospital,208,0
2026-10-01 03:10:00.000000,WestView Health Centre,200,0
2026-10-01 03:20:00.000000,Airdrie Community Health Centre,179,0
2026-10-01 03:20:00.000000,Alberta Children's Hospital,241,0
2026-10-01 03:20:00.000000,Chinook Regional Hospital,172,0
2026-10-01 03:20:00.000000,Cochrane Community Health Centre,,0
2026-10-01 03:20:00.000000,Devon General Hospital,246,0
2026-10-01 03:20:00.000000,Foothills Medical Centre,372,0
2026-10-01 03:20:00.000000,Fort Sask Community Hospital,168,0
2026-10-01 03:20:00.000000,Grande Prairie Regional Hospital,299,0
2026-10-01 03:20:00.000000,Grey Nuns Community Hospital,204,0
2026-10-01 03:20:00.000000,Innisfail Health Centre,,1
2026-10-01 03:20:00.000000,Lacombe Hospital and Care Centre,,1
2026-10-01 03:20:00.000000,Leduc Community Hospital,75,0
2026-10-01 03:20:00.000000,Medicine Hat Regional Hospital,30,0
2026-10-01 03:20:00.000000,Misericordia Community Hospital,442,0
2026-10-01 03:20:00.000000,Northeast Community Health Centre,404,0
2026-10-01 03:20:00.000000,Northern Lights Regional Health Centre,30,0
2026-10-01 03:20:00.000000,Okotoks Health and Wellness Centre,,0
2026-10-01 03:20:00.000000,Peter Lougheed Centre,393,0
2026-10-01 03:20:00.000000,Red Deer Regional Hospital,132,0
2026-10-01 03:20:00.000000,Rockyview General Hospital,180,0
2026-10-01 03:20:00.000000,Royal Alexandra Hospital,240,0
2026-10-01 03:20:00.000000,Sheldon M. Chumir Centre,248,0
2026-10-01 03:20:00.000000,South Calgary Health Centre,,0
2026-10-01 03:20:00.000000,South Health Campus,309,0
2026-10-01 03:20:00.000000,Stollery Children's Hospital,198,0
2026-10-01 03:20:00.000000,Strathcona Community Hospital,135,0
2026-10-01 03:20:00.000000,Sturgeon Community Hospital,158,0
2026-10-01 03:20:00.000000,University of Alberta Hospital,221,0
2026-10-01 03:20:00.000000,WestView Health Centre,200,0
2026-10-01 03:30:00.000000,Airdrie Community Health Centre,176,0
2026-10-01 03:30:00.000000,Alberta Children's Hospital,209,0
2026-10-01 03:30:00.000000,Chinook Regional Hospital,172,0
2026-10-01 03:30:00.000000,Cochrane Community Health Centre,,0
2026-10-01 03:30:00.000000,Devon General Hospital,246,0
2026-10-01 03:30:00.000000,Foothills Medical Centre,372,0
2026-10-01 03:30:00.000000,Fort Sask Community Hospital,168,0
2026-10-01 03:30:00.000000,Grande Prairie Regional Hospital,297,0
2026-10-01 03:30:00.000000,Grey Nuns Community Hospital,195,0
2026-10-01 03:30:00.000000,Innisfail Health Centre,,1
2026-10-01 03:30:00.000000,Lacombe Hospital and Care Centre,,1
2026-10-01 03:30:00.000000,Leduc Community Hospital,75,0
2026-10-01 03:30:00.000000,Medicine Hat Regional Hospital,30,0
2026-10-01 03:30:00.000000,Misericordia Community Hospital,424,0
2026-10-01 03:30:00.000000,Northeast Community Health Centre,399,0
2026-10-01 03:30:00.000000,Northern Lights Regional Health Centre,30,0
2026-10-01 03:30:00.000000,Okotoks Health and Wellness Centre,,0
2026-10-01 03:30:00.000000,Peter Lougheed Centre,378,0
2026-10-01 03:30:00.000000,Red Deer Regional Hospital,132,0
2026-10-01 03:30:00.000000,Rockyview General Hospital,206,0
2026-10-01 03:30:00.000000,Royal Alexandra Hospital,247,0
2026-10-01 03:30:00.000000,Sheldon M. Chumir Centre,244,0
2026-10-01 03:30:00.000000,South Calgary Health Centre,,0
2026-10-01 03:30:00.000000,South Health Campus,307,0
2026-10-01 03:30:00.000000,Stollery Children's Hospital,216,0
2026-10-01 03:30:00.000000,Strathcona Community Hospital,135,0
2026-10-01 03:30:00.000000,Sturgeon Community Hospital,184,0
2026-10-01 03:30:00.000000,University of Alberta Hospital,215,0
2026-10-01 03:30:00.000000,WestView Health Centre,160,0
2026-10-01 03:40:00.000000,Airdrie Community Health Centre,133,0
2026-10-01 03:40:00.000000,Alberta Children's Hospital,225,0
2026-10-01 03:40:00.000000,Chinook Regional Hospital,154,0
2026-10-01 03:40:00.000000,Cochrane Community Health Centre,,0
2026-10-01 03:40:00.000000,Devon General Hospital,246,0
2026-10-01 03:40:00.000000,Foothills Medical Centre,372,0
2026-10-01 03:40:00.000000,Fort Sask Community Hospital,168,0
2026-10-01 03:40:00.000000,Grande Prairie Regional Hospital,294,0
2026-10-01 03:40:00.000000,Grey Nuns Community Hospital,167,0
2026-10-01 03:40:00.000000,Innisfail Health Centre,,1
2026-10-01 03:40:00.000000,Lacombe Hospital and Care Centre,,1
2026-10-01 03:40:00.000000,Leduc Community Hospital,75,0
2026-10-01 03:40:00.000000,Medicine Hat Regional Hospital,30,0
2026-10-01 03:40:00.000000,Misericordia Community Hospital,424,0
2026-10-01 03:40:00.000000,Northeast Community Health Centre,371,0
2026-10-01 03:40:00.000000,Northern Lights Regional Health Centre,30,0
2026-10-01 03:40:00.000000,Okotoks Health and Wellness Centre,,0
2026-10-01 03:40:00.000000,Peter Lougheed Centre,377,0
2026-10-01 03:40:00.000000,Red Deer Regional Hospital,132,0
2026-10-01 03:40:00.000000,Rockyview General Hospital,193,0
2026-10-01 03:40:00.000000,Royal Alexandra Hospital,247,0
2026-10-01 03:40:00.000000,Sheldon M. Chumir Centre,249,0
2026-10-01 03:40:00.000000,South Calgary Health Centre,,0
2026-10-01 03:40:00.000000,South Health Campus,278,0
2026-10-01 03:40:00.000000,Stollery Children's Hospital,198,0
2026-10-01 03:40:00.000000,Strathcona Community Hospital,135,0
2026-10-01 03:40:00.000000,Sturgeon Community Hospital,165,0
2026-10-01 03:40:00.000000,University of Alberta Hospital,215,0
2026-10-01 03:40:00.000000,WestView Health Centre,160,0
2026-10-01 03:50:00.000000,Airdrie Community Health Centre,153,0
2026-10-01 03:50:00.000000,Alberta Children's Hospital,209,0
2026-10-01 03:50:00.000000,Chinook Regional Hospital,154,0
2026-10-01 03:50:00.000000,Cochrane Community Health Centre,,0
2026-10-01 03:50:00.000000,Devon General Hospital,246,0
2026-10-01 03:50:00.000000,Foothills Medical Centre,350,0
2026-10-01 03:50:00.000000,Fort Sask Community Hospital,168,0
2026-10-01 03:50:00.000000,Grande Prairie Regional Hospital,291,0
2026-10-01 03:50:00.000000,Grey Nuns Community Hospital,167,0
2026-10-01 03:50:00.000000,Innisfail Health Centre,,1
2026-10-01 03:50:00.000000,Lacombe Hospital and Care Centre,,1
2026-10-01 03:50:00.000000,Leduc Community Hospital,75,0
2026-10-01 03:50:00.000000,Medicine Hat Regional Hospital,30,0
2026-10-01 03:50:00.000000,Misericordia Community Hospital,389,0
2026-10-01 03:50:00.000000,Northeast Community Health Centre,366,0
2026-10-01 03:50:00.000000,Northern Lights Regional Health Centre,30,0
2026-10-01 03:50:00.000000,Okotoks Health and Wellness Centre,,0
2026-10-01 03:50:00.000000,Peter Lougheed Centre,373,0
2026-10-01 03:50:00.000000,Red Deer Regional Hospital,132,0
2026-10-01 03:50:00.000000,Rockyview General Hospital,167,0
2026-10-01 03:50:00.000000,Royal Alexandra Hospital,246,0
2026-10-01 03:50:00.000000,Sheldon M. Chumir Centre,246,0
2026-10-01 03:50:00.000000,South Calgary Health Centre,,0
2026-10-01 03:50:00.000000,South Health Campus,276,0
2026-10-01 03:50:00.000000,Stollery Children's Hospital,180,0
2026-10-01 03:50:00.000000,Strathcona Community Hospital,113,0
2026-10-01 03:50:00.000000,Sturgeon Community Hospital,160,0
2026-10-01 03:50:00.000000,University of Alberta Hospital,208,0
2026-10-01 03:50:00.000000,WestView Health Centre,160,0
2026-10-01 04:00:00.000000,Airdrie Community Health Centre,148,0
2026-10-01 04:00:00.000000,Alberta Children's Hospital,192,0
2026-10-01 04:00:00.000000,Chinook Regional Hospital,154,0
2026-10-01 04:00:00.000000,Cochrane Community Health Centre,,0
2026-10-01 04:00:00.000000,Devon General Hospital,246,0
2026-10-01 04:00:00.000000,Foothills Medical Centre,350,0
2026-10-01 04:00:00.000000,Fort Sask Community Hospital,126,0
2026-10-01 04:00:00.000000,Grande Prairie Regional Hospital,288,0
2026-10-01 04:00:00.000000,Grey Nuns Community Hospital,167,0
2026-10-01 04:00:00.000000,Innisfail Health Centre,,1
2026-10-01 04:00:00.000000,Lacombe Hospital and Care Centre,,1
2026-10-01 04:00:00.000000,Leduc Community Hospital,50,0
2026-10-01 04:00:00.000000,Medicine Hat Regional Hospital,30,0
2026-10-01 04:00:00.000000,Misericordia Community Hospital,424,0
2026-10-01 04:00:00.000000,Northeast Community Health Centre,348,0
2026-10-01 04:00:00.000000,Northern Lights Regional Health Centre,30,0
2026-10-01 04:00:00.000000,Okotoks Health and Wellness Centre,,0
2026-10-01 04:00:00.000000,Peter Lougheed Centre,362,0
2026-10-01 04:00:00.000000,Red Deer Regional Hospital,132,0
2026-10-01 04:00:00.000000,Rockyview General Hospital,180,0
2026-10-01 04:00:00.000000,Royal Alexandra Hospital,249,0
2026-10-01 04:00:00.000000,Sheldon M. Chumir Centre,241,0
2026-10-01 04:00:00.000000,South Calgary Health Centre,,0
2026-10-01 04:00:00.000000,South Health Campus,290,0
2026-10-01 04:00:00.000000,Stollery Children's Hospital,180,0
2026-10-01 04:00:00.000000,Strathcona Community Hospital,113,0
2026-10-01 04:00:00.000000,Sturgeon Community Hospital,167,0
2026-10-01 04:00:00.000000,University of Alberta Hospital,208,0
2026-10-01 04:00:00.000000,WestView Health Centre,120,0
2026-10-01 04:10:00.000000,Airdrie Community Health Centre,145,0
2026-10-01 04:10:00.000000,Alberta Children's Hospital,160,0
2026-10-01 04:10:00.000000,Chinook Regional Hospital,172,0
2026-10-01 04:10:00.000000,Cochrane Community Health Centre,,0
2026-10-01 04:10:00.000000,Devon General Hospital,246,0
2026-10-01 04:10:00.000000,Foothills Medical Centre,361,0
2026-10-01 04:10:00.000000,Fort Sask Community Hospital,168,0
2026-10-01 04:10:00.000000,Grande Prairie Regional Hospital,294,0
2026-10-01 04:10:00.000000,Grey Nuns Community Hospital,167,0
2026-10-01 04:10:00.000000,Innisfail Health Centre,,1
2026-10-01 04:10:00.000000,Lacombe Hospital and Care Centre,,1
2026-10-01 04:10:00.000000,Leduc Community Hospital,75,0
2026-10-01 04:10:00.000000,Medicine Hat Regional Hospital,30,0
2026-10-01 04:10:00.000000,Misericordia Community Hospital,424,0
2026-10-01 04:10:00.000000,Northeast Community Health Centre,344,0
2026-10-01 04:10:00.000000,Northern Lights Regional Health Centre,30,0
2026-10-01 04:10:00.000000,Okotoks Health and Wellness Centre,,0
2026-10-01 04:10:00.000000,Peter Lougheed Centre,362,0
2026-10-01 04:10:00.000000,Red Deer Regional Hospital,149,0
2026-10-01 04:10:00.000000,Rockyview General Hospital,180,0
2026-10-01 04:10:00.000000,Royal Alexandra Hospital,252,0
2026-10-01 04:10:00.000000,Sheldon M. Chumir Centre,237,0
2026-10-01 04:10:00.000000,South Calgary Health Centre,,0
2026-10-01 04:10:00.000000,South Health Campus,279,0
2026-10-01 04:10:00.000000,Stollery Children's Hospital,126,0
2026-10-01 04:10:00.000000,Strathcona Community Hospital,113,0
2026-10-01 04:10:00.000000,Sturgeon Community Hospital,149,0
2026-10-01 04:10:00.000000,University of Alberta Hospital,195,0
2026-10-01 04:10:00.000000,WestView Health Centre,120,0
2026-10-01 04:20:00.000000,Airdrie Community Health Centre,140,0
2026-10-01 04:20:00.000000,Alberta Children's Hospital,160,0
2026-10-01 04:20:00.000000,Chinook Regional Hospital,189,0
2026-10-01 04:20:00.000000,Cochrane Community Health Centre,,0
2026-10-01 04:20:00.000000,Devon General Hospital,41,0
2026-10-01 04:20:00.000000,Foothills Medical Centre,361,0
2026-10-01 04:20:00.000000,Fort Sask Community Hospital,126,0
2026-10-01 04:20:00.000000,Grande Prairie Regional Hospital,282,0
2026-10-01 04:20:00.000000,Grey Nuns Community Hospital,167,0
2026-10-01 04:20:00.000000,Innisfail Health Centre,,1
2026-10-01 04:20:00.000000,Lacombe Hospital and Care Centre,,1
2026-10-01 04:20:00.000000,Leduc Community Hospital,100,0
2026-10-01 04:20:00.000000,Medicine Hat Regional Hospital,30,0
2026-10-01 04:20:00.000000,Misericordia Community Hospital,424,0
2026-10-01 04:20:00.000000,Northeast Community Health Centre,348,0
2026-10-01 04:20:00.000000,Northern Lights Regional Health Centre,30,0
2026-10-01 04:20:00.000000,Okotoks Health and Wellness Centre,,0
2026-10-01 04:20:00.000000,Peter Lougheed Centre,346,0
2026-10-01 04:20:00.000000,Red Deer Regional Hospital,132,0
2026-10-01 04:20:00.000000,Rockyview General Hospital,193,0
2026-10-01 04:20:00.000000,Royal Alexandra Hospital,250,0
2026-10-01 04:20:00.000000,Sheldon M. Chumir Centre,231,0
2026-10-01 04:20:00.000000,South Calgary Health Centre,,0
2026-10-01 04:20:00.000000,South Health Campus,276,0
2026-10-01 04:20:00.000000,Stollery Children's Hospital,108,0
2026-10-01 04:20:00.000000,Strathcona Community Hospital,113,0
2026-10-01 04:20:00.000000,Sturgeon Community Hospital,156,0
2026-10-01 04:20:00.000000,University of Alberta Hospital,202,0
2026-10-01 04:20:00.000000,WestView Health Centre,120,0
2026-10-01 04:30:00.000000,Airdrie Community Health Centre,136,0
2026-10-01 04:30:00.000000,Alberta Children's Hospital,128,0
2026-10-01 04:30:00.000000,Chinook Regional Hospital,172,0
2026-10-01 04:30:00.000000,Cochrane Community Health Centre,,0
2026-10-01 04:30:00.000000,Devon General Hospital,41,0
2026-10-01 04:30:00.000000,Foothills Medical Centre,350,0
2026-10-01 04:30:00.000000,Fort Sask Community Hospital,168,0
2026-10-01 04:30:00.000000,Grande Prairie Regional Hospital,288,0
2026-10-01 04:30:00.000000,Grey Nuns Community Hospital,195,0
2026-10-01 04:30:00.000000,Innisfail Health Centre,,1
2026-10-01 04:30:00.000000,Lacombe Hospital and Care Centre,,1
2026-10-01 04:30:00.000000,Leduc Community Hospital,100,0
2026-10-01 04:30:00.000000,Medicine Hat Regional Hospital,30,0
2026-10-01 04:30:00.000000,Misericordia Community Hospital,424,0
2026-10-01 04:30:00.000000,Northeast Community Health Centre,344,0
2026-10-01 04:30:00.000000,Northern Lights Regional Health Centre,30,0
2026-10-01 04:30:00.000000,Okotoks Health and Wellness Centre,,0
2026-10-01 04:30:00.000000,Peter Lougheed Centre,346,0
2026-10-01 04:30:00.000000,Red Deer Regional Hospital,143,0
2026-10-01 04:30:00.000000,Rockyview General Hospital,180,0
2026-10-01 04:30:00.000000,Royal Alexandra Hospital,244,0
2026-10-01 04:30:00.000000,Sheldon M. Chumir Centre,233,0
2026-10-01 04:30:00.000000,South Calgary Health Centre,,0
2026-10-01 04:30:00.000000,South Health Campus,273,0
2026-10-01 04:30:00.000000,Stollery Children's Hospital,108,0
2026-10-01 04:30:00.000000,Strathcona Community Hospital,90,0
2026-10-01 04:30:00.000000,Sturgeon Community Hospital,151,0
2026-10-01 04:30:00.000000,University of Alberta Hospital,208,0
2026-10-01 04:30:00.000000,WestView Health Centre,120,0
2026-10-01 04:40:00.000000,Airdrie Community Health Centre,131,0
2026-10-01 04:40:00.000000,Alberta Children's Hospital,128,0
2026-10-01 04:40:00.000000,Chinook Regional Hospital,172,0
2026-10-01 04:40:00.000000,Cochrane Community Health Centre,,0
2026-10-01 04:40:00.000000,Devon General Hospital,41,0
2026-10-01 04:40:00.000000,Foothills Medical Centre,350,0
2026-10-01 04:40:00.000000,Fort Sask Community Hospital,126,0
2026-10-01 04:40:00.000000,Grande Prairie Regional Hospital,276,0
2026-10-01 04:40:00.000000,Grey Nuns Community Hospital,204,0
2026-10-01 04:40:00.000000,Innisfail Health Centre,,1
2026-10-01 04:40:00.000000,Lacombe Hospital and Care Centre,,1
2026-10-01 04:40:00.000000,Leduc Community Hospital,100,0
2026-10-01 04:40:00.000000,Medicine Hat Regional Hospital,30,0
2026-10-01 04:40:00.000000,Misericordia Community Hospital,424,0
2026-10-01 04:40:00.000000,Northeast Community Health Centre,326,0
2026-10-01 04:40:00.000000,Northern Lights Regional Health Centre,30,0
2026-10-01 04:40:00.000000,Okotoks Health and Wellness Centre,,0
2026-10-01 04:40:00.000000,Peter Lougheed Centre,339,0
2026-10-01 04:40:00.000000,Red Deer Regional Hospital,113,0
2026-10-01 04:40:00.000000,Rockyview General Hospital,180,0
2026-10-01 04:40:00.000000,Royal Alexandra Hospital,247,0
2026-10-01 04:40:00.000000,Sheldon M. Chumir Centre,233,0
2026-10-01 04:40:00.000000,South Calgary Health Centre,,0
2026-10-01 04:40:00.000000,South Health Campus,270,0
2026-10-01 04:40:00.000000,Stollery Children's Hospital,108,0
2026-10-01 04:40:00.000000,Strathcona Community Hospital,67,0
2026-10-01 04:40:00.000000,Sturgeon Community Hospital,145,0
2026-10-01 04:40:00.000000,University of Alberta Hospital,208,0
2026-10-01 04:40:00.000000,WestView Health Centre,120,0
2026-10-01 04:50:00.000000,Airdrie Community Health Centre,113,0
2026-10-01 04:50:00.000000,Alberta Children's Hospital,128,0
2026-10-01 04:50:00.000000,Chinook Regional Hospital,189,0
2026-10-01 04:50:00.000000,Cochrane Community Health Centre,,0
2026-10-01 04:50:00.000000,Devon General Hospital,41,0
2026-10-01 04:50:00.000000,Foothills Medical Centre,360,0
2026-10-01 04:50:00.000000,Fort Sask Community Hospital,126,0
2026-10-01 04:50:00.000000,Grande Prairie Regional Hospital,274,0
2026-10-01 04:50:00.000000,Grey Nuns Community Hospital,204,0
2026-10-01 04:50:00.000000,Innisfail Health Centre,,1
2026-10-01 04:50:00.000000,Lacombe Hospital and Care Centre,,1
2026-10-01 04:50:00.000000,Leduc Community Hospital,100,0
2026-10-01 04:50:00.000000,Medicine Hat Regional Hospital,30,0
2026-10-01 04:50:00.000000,Misericordia Community Hospital,407,0
2026-10-01 04:50:00.000000,Northeast Community Health Centre,322,0
2026-10-01 04:50:00.000000,Northern Lights Regional Health Centre,30,0
2026-10-01 04:50:00.000000,Okotoks Health and Wellness Centre,,0
2026-10-01 04:50:00.000000,Peter Lougheed Centre,330,0
2026-10-01 04:50:00.000000,Red Deer Regional Hospital,113,0
2026-10-01 04:50:00.000000,Rockyview General Hospital,193,0
2026-10-01 04:50:00.000000,Royal Alexandra Hospital,241,0
2026-10-01 04:50:00.000000,Sheldon M. Chumir Centre,222,0
2026-10-01 04:50:00.000000,South Calgary Health Centre,,0
2026-10-01 04:50:00.000000,South Health Campus,274,0
2026-10-01 04:50:00.000000,Stollery Children's Hospital,90,0
2026-10-01 04:50:00.000000,Strathcona Community Hospital,45,0
2026-10-01 04:50:00.000000,Sturgeon Community Hospital,154,0
2026-10-01 04:50:00.000000,University of Alberta Hospital,215,0
2026-10-01 04:50:00.000000,WestView Health Centre,120,0
2026-10-01 05:00:00.000000,Airdrie Community Health Centre,109,0
2026-10-01 05:00:00.000000,Alberta Children's Hospital,112,0
2026-10-01 05:00:00.000000,Chinook Regional Hospital,206,0
2026-10-01 05:00:00.000000,Cochrane Community Health Centre,,0
2026-10-01 05:00:00.000000,Devon General Hospital,41,0
2026-10-01 05:00:00.000000,Foothills Medical Centre,348,0
2026-10-01 05:00:00.000000,Fort Sask Community Hospital,126,0
2026-10-01 05:00:00.000000,Grande Prairie Regional Hospital,270,0
2026-10-01 05:00:00.000000,Grey Nuns Community Hospital,186,0
2026-10-01 05:00:00.000000,Innisfail Health Centre,,1
2026-10-01 05:00:00.000000,Lacombe Hospital and Care Centre,,1
2026-10-01 05:00:00.000000,Leduc Community Hospital,75,0
2026-10-01 05:00:00.000000,Medicine Hat Regional Hospital,30,0
2026-10-01 05:00:00.000000,Misericordia Community Hospital,371,0
2026-10-01 05:00:00.000000,Northeast Community Health Centre,326,0
2026-10-01 05:00:00.000000,Northern Lights Regional Health Centre,30,0
2026-10-01 05:00:00.000000,Okotoks Health and Wellness Centre,,0
2026-10-01 05:00:00.000000,Peter Lougheed Centre,328,0
2026-10-01 05:00:00.000000,Red Deer Regional Hospital,113,0
2026-10-01 05:00:00.000000,Rockyview General Hospital,180,0
2026-10-01 05:00:00.000000,Royal Alexandra Hospital,234,0
2026-10-01 05:00:00.000000,Sheldon M. Chumir Centre,150,0
2026-10-01 05:00:00.000000,South Calgary Health Centre,,0
2026-10-01 05:00:00.000000,South Health Campus,269,0
2026-10-01 05:00:00.000000,Stollery Children's Hospital,72,0
2026-10-01 05:00:00.000000,Strathcona Community Hospital,45,0
2026-10-01 05:00:00.000000,Sturgeon Community Hospital,160,0
2026-10-01 05:00:00.000000,University of Alberta Hospital,208,0
2026-10-01 05:00:00.000000,WestView Health Centre,120,0
2026-10-01 05:10:00.000000,Airdrie Community Health Centre,105,0
2026-10-01 05:10:00.000000,Alberta Children's Hospital,112,0
2026-10-01 05:10:00.000000,Chinook Regional Hospital,213,0
2026-10-01 05:10:00.000000,Cochrane Community Health Centre,,0
2026-10-01 05:10:00.000000,Devon General Hospital,41,0
2026-10-01 05:10:00.000000,Foothills Medical Centre,346,0
2026-10-01 05:10:00.000000,Fort Sask Community Hospital,126,0
2026-10-01 05:10:00.000000,Grande Prairie Regional Hospital,259,0
2026-10-01 05:10:00.000000,Grey Nuns Community Hospital,186,0
2026-10-01 05:10:00.000000,Innisfail Health Centre,,1
2026-10-01 05:10:00.000000,Lacombe Hospital and Care Centre,,1
2026-10-01 05:10:00.000000,Leduc Community Hospital,75,0
2026-10-01 05:10:00.000000,Medicine Hat Regional Hospital,30,0
2026-10-01 05:10:00.000000,Misericordia Community Hospital,371,0
2026-10-01 05:10:00.000000,Northeast Community Health Centre,299,0
2026-10-01 05:10:00.000000,Northern Lights Regional Health Centre,30,0
2026-10-01 05:10:00.000000,Okotoks Health and Wellness Centre,,0
2026-10-01 05:10:00.000000,Peter Lougheed Centre,318,0
2026-10-01 05:10:00.000000,Red Deer Regional Hospital,112,0
2026-10-01 05:10:00.000000,Rockyview General Hospital,167,0
2026-10-01 05:10:00.000000,Royal Alexandra Hospital,238,0
2026-10-01 05:10:00.000000,Sheldon M. Chumir Centre,147,0
2026-10-01 05:10:00.000000,South Calgary Health Centre,,0
2026-10-01 05:10:00.000000,South Health Campus,278,0
2026-10-01 05:10:00.000000,Stollery Children's Hospital,72,0
2026-10-01 05:10:00.000000,Strathcona Community Hospital,45,0
2026-10-01 05:10:00.000000,Sturgeon Community Hospital,158,0
2026-10-01 05:10:00.000000,University of Alberta Hospital,216,0
2026-10-01 05:10:00.000000,WestView Health Centre,120,0
2026-10-01 05:20:00.000000,Airdrie Community Health Centre,113,0
2026-10-01 05:20:00.000000,Alberta Children's Hospital,128,0
2026-10-01 05:20:00.000000,Chinook Regional Hospital,208,0
2026-10-01 05:20:00.000000,Cochrane Community Health Centre,,0
2026-10-01 05:20:00.000000,Devon General Hospital,30,0
2026-10-01 05:20:00.000000,Foothills Medical Centre,334,0
2026-10-01 05:20:00.000000,Fort Sask Community Hospital,126,0
2026-10-01 05:20:00.000000,Grande Prairie Regional Hospital,256,0
2026-10-01 05:20:00.000000,Grey Nuns Community Hospital,176,0
2026-10-01 05:20:00.000000,Innisfail Health Centre,,1
2026-10-01 05:20:00.000000,Lacombe Hospital and Care Centre,,1
2026-10-01 05:20:00.000000,Leduc Community Hospital,75,0
2026-10-01 05:20:00.000000,Medicine Hat Regional Hospital,30,0
2026-10-01 05:20:00.000000,Misericordia Community Hospital,354,0
2026-10-01 05:20:00.000000,Northeast Community Health Centre,304,0
2026-10-01 05:20:00.000000,Northern Lights Regional Health Centre,30,0
2026-10-01 05:20:00.000000,Okotoks Health and Wellness Centre,,0
2026-10-01 05:20:00.000000,Peter Lougheed Centre,312,0
2026-10-01 05:20:00.000000,Red Deer Regional Hospital,94,0
2026-10-01 05:20:00.000000,Rockyview General Hospital,167,0
2026-10-01 05:20:00.000000,Royal Alexandra Hospital,250,0
2026-10-01 05:20:00.000000,Sheldon M. Chumir Centre,162,0
2026-10-01 05:20:00.000000,South Calgary Health Centre,,0
2026-10-01 05:20:00.000000,South Health Campus,267,0
2026-10-01 05:20:00.000000,Stollery Children's Hospital,30,0
2026-10-01 05:20:00.000000,Strathcona Community Hospital,67,0
2026-10-01 05:20:00.000000,Sturgeon Community Hospital,171,0
2026-10-01 05:20:00.000000,University of Alberta Hospital,218,0
2026-10-01 05:20:00.000000,WestView Health Centre,80,0
2026-10-01 05:30:00.000000,Airdrie Community Health Centre,109,0
2026-10-01 05:30:00.000000,Alberta Children's Hospital,160,0
2026-10-01 05:30:00.000000,Chinook Regional Hospital,213,0
2026-10-01 05:30:00.000000,Cochrane Community Health Centre,,0
2026-10-01 05:30:00.000000,Devon General Hospital,30,0
2026-10-01 05:30:00.000000,Foothills Medical Centre,323,0
2026-10-01 05:30:00.000000,Fort Sask Community Hospital,84,0
2026-10-01 05:30:00.000000,Grande Prairie Regional Hospital,236,0
2026-10-01 05:30:00.000000,Grey Nuns Community Hospital,176,0
2026-10-01 05:30:00.000000,Innisfail Health Centre,,1
2026-10-01 05:30:00.000000,Lacombe Hospital and Care Centre,,1
2026-10-01 05:30:00.000000,Leduc Community Hospital,75,0
2026-10-01 05:30:00.000000,Medicine Hat Regional Hospital,30,0
2026-10-01 05:30:00.000000,Misericordia Community Hospital,354,0
2026-10-01 05:30:00.000000,Northeast Community Health Centre,288,0
2026-10-01 05:30:00.000000,Northern Lights Regional Health Centre,30,0
2026-10-01 05:30:00.000000,Okotoks Health and Wellness Centre,,0
2026-10-01 05:30:00.000000,Peter Lougheed Centre,302,0
2026-10-01 05:30:00.000000,Red Deer Regional Hospital,75,0
2026-10-01 05:30:00.000000,Rockyview General Hospital,180,0
2026-10-01 05:30:00.000000,Royal Alexandra Hospital,254,0
2026-10-01 05:30:00.000000,Sheldon M. Chumir Centre,158,0
2026-10-01 05:30:00.000000,South Calgary Health Centre,,0
2026-10-01 05:30:00.000000,South Health Campus,263,0
2026-10-01 05:30:00.000000,Stollery Children's Hospital,30,0
2026-10-01 05:30:00.000000,Strathcona Community Hospital,45,0
2026-10-01 05:30:00.000000,Sturgeon Community Hospital,171,0
2026-10-01 05:30:00.000000,University of Alberta Hospital,213,0
2026-10-01 05:30:00.000000,WestView Health Centre,80,0
2026-10-01 05:40:00.000000,Airdrie Community Health Centre,104,0
2026-10-01 05:40:00.000000,Alberta Children's Hospital,160,0
2026-10-01 05:40:00.000000,Chinook Regional Hospital,190,0
2026-10-01 05:40:00.000000,Cochrane Community Health Centre,,0
2026-10-01 05:40:00.000000,Devon General Hospital,41,0
2026-10-01 05:40:00.000000,Foothills Medical Centre,320,0
2026-10-01 05:40:00.000000,Fort Sask Community Hospital,84,0
2026-10-01 05:40:00.000000,Grande Prairie Regional Hospital,233,0
2026-10-01 05:40:00.000000,Grey Nuns Community Hospital,176,0
2026-10-01 05:40:00.000000,Innisfail Health Centre,,1
2026-10-01 05:40:00.000000,Lacombe Hospital and Care Centre,,1
2026-10-01 05:40:00.000000,Leduc Community Hospital,50,0
2026-10-01 05:40:00.000000,Medicine Hat Regional Hospital,30,0
2026-10-01 05:40:00.000000,Misericordia Community Hospital,336,0
2026-10-01 05:40:00.000000,Northeast Community Health Centre,282,0
2026-10-01 05:40:00.000000,Northern Lights Regional Health Centre,30,0
2026-10-01 05:40:00.000000,Okotoks Health and Wellness Centre,,0
2026-10-01 05:40:00.000000,Peter Lougheed Centre,287,0
2026-10-01 05:40:00.000000,Red Deer Regional Hospital,75,0
2026-10-01 05:40:00.000000,Rockyview General Hospital,179,0
2026-10-01 05:40:00.000000,Royal Alexandra Hospital,247,0
2026-10-01 05:40:00.000000,Sheldon M. Chumir Centre,154,0
2026-10-01 05:40:00.000000,South Calgary Health Centre,,0
2026-10-01 05:40:00.000000,South Health Campus,265,0
2026-10-01 05:40:00.000000,Stollery Children's Hospital,51,0
2026-10-01 05:40:00.000000,Strathcona Community Hospital,45,0
2026-10-01 05:40:00.000000,Sturgeon Community Hospital,158,0
2026-10-01 05:40:00.000000,University of Alberta Hospital,214,0
2026-10-01 05:40:00.000000,WestView Health Centre,80,0
2026-10-01 05:50:00.000000,Airdrie Community Health Centre,100,0
2026-10-01 05:50:00.000000,Alberta Children's Hospital,176,0
2026-10-01 05:50:00.000000,Chinook Regional Hospital,187,0
2026-10-01 05:50:00.000000,Cochrane Community Health Centre,,0
2026-10-01 05:50:00.000000,Devon General Hospital,41,0
2026-10-01 05:50:00.000000,Foothills Medical Centre,309,0
2026-10-01 05:50:00.000000,Fort Sask Community Hospital,126,0
2026-10-01 05:50:00.000000,Grande Prairie Regional Hospital,222,0
2026-10-01 05:50:00.000000,Grey Nuns Community Hospital,167,0
2026-10-01 05:50:00.000000,Innisfail Health Centre,,1
2026-10-01 05:50:00.000000,Lacombe Hospital and Care Centre,,1
2026-10-01 05:50:00.000000,Leduc Community Hospital,50,0
2026-10-01 05:50:00.000000,Medicine Hat Regional Hospital,30,0
2026-10-01 05:50:00.000000,Misericordia Community Hospital,336,0
2026-10-01 05:50:00.000000,Northeast Community Health Centre,277,0
2026-10-01 05:50:00.000000,Northern Lights Regional Health Centre,30,0
2026-10-01 05:50:00.000000,Okotoks Health and Wellness Centre,,0
2026-10-01 05:50:00.000000,Peter Lougheed Centre,273,0
2026-10-01 05:50:00.000000,Red Deer Regional Hospital,75,0
2026-10-01 05:50:00.000000,Rockyview General Hospital,167,0
2026-10-01 05:50:00.000000,Royal Alexandra Hospital,249,0
2026-10-01 05:50:00.000000,Sheldon M. Chumir Centre,158,0
2026-10-01 05:50:00.000000,South Calgary Health Centre,,0
2026-10-01 05:50:00.000000,South Health Campus,267,0
2026-10-01 05:50:00.000000,Stollery Children's Hospital,45,0
2026-10-01 05:50:00.000000,Strathcona Community Hospital,45,0
2026-10-01 05:50:00.000000,Sturgeon Community Hospital,158,0
2026-10-01 05:50:00.000000,University of Alberta Hospital,204,0
2026-10-01 05:50:00.000000,WestView Health Centre,80,0
2026-10-01 06:00:00.000000,Airdrie Community Health Centre,68,0
2026-10-01 06:00:00.000000,Alberta Children's Hospital,176,0
2026-10-01 06:00:00.000000,Chinook Regional Hospital,182,0
2026-10-01 06:00:00.000000,Cochrane Community Health Centre,,0
2026-10-01 06:00:00.000000,Devon General Hospital,41,0
2026-10-01 06:00:00.000000,Foothills Medical Centre,298,0
2026-10-01 06:00:00.000000,Fort Sask Community Hospital,126,0
2026-10-01 06:00:00.000000,Grande Prairie Regional Hospital,227,0
2026-10-01 06:00:00.000000,Grey Nuns Community Hospital,176,0
2026-10-01 06:00:00.000000,Innisfail Health Centre,,1
2026-10-01 06:00:00.000000,Lacombe Hospital and Care Centre,,1
2026-10-01 06:00:00.000000,Leduc Community Hospital,50,0
2026-10-01 06:00:00.000000,Medicine Hat Regional Hospital,30,0
2026-10-01 06:00:00.000000,Misericordia Community Hospital,318,0
2026-10-01 06:00:00.000000,Northeast Community Health Centre,271,0
2026-10-01 06:00:00.000000,Northern Lights Regional Health Centre,30,0
2026-10-01 06:00:00.000000,Okotoks Health and Wellness Centre,,0
2026-10-01 06:00:00.000000,Peter Lougheed Centre,271,0
2026-10-01 06:00:00.000000,Red Deer Regional Hospital,86,0
2026-10-01 06:00:00.000000,Rockyview General Hospital,164,0
2026-10-01 06:00:00.000000,Royal Alexandra Hospital,242,0
2026-10-01 06:00:00.000000,Sheldon M. Chumir Centre,152,0
2026-10-01 06:00:00.000000,South Calgary Health Centre,,0
2026-10-01 06:00:00.000000,South Health Campus,244,0
2026-10-01 06:00:00.000000,Stollery Children's Hospital,38,0
2026-10-01 06:00:00.000000,Strathcona Community Hospital,45,0
2026-10-01 06:00:00.000000,Sturgeon Community Hospital,171,0
2026-10-01 06:00:00.000000,University of Alberta Hospital,194,0
2026-10-01 06:00:00.000000,WestView Health Centre,80,0
2026-10-01 09:30:00.000000,Airdrie Community Health Centre,100,0
2026-10-01 09:30:00.000000,Alberta Children's Hospital,120,0
2026-10-01 09:30:00.000000,Chinook Regional Hospital,82,0
2026-10-01 09:30:00.000000,Cochrane Community Health Centre,122,0
2026-10-01 09:30:00.000000,Devon General Hospital,126,0
2026-10-01 09:30:00.000000,Foothills Medical Centre,284,0
2026-10-01 09:30:00.000000,Fort Sask Community Hospital,191,0
2026-10-01 09:30:00.000000,Grande Prairie Regional Hospital,49,0
2026-10-01 09:30:00.000000,Grey Nuns Community Hospital,140,0
2026-10-01 09:30:00.000000,Innisfail Health Centre,,1
2026-10-01 09:30:00.000000,Lacombe Hospital and Care Centre,,1
2026-10-01 09:30:00.000000,Leduc Community Hospital,93,0
2026-10-01 09:30:00.000000,Medicine Hat Regional Hospital,67,0
2026-10-01 09:30:00.000000,Misericordia Community Hospital,256,0
2026-10-01 09:30:00.000000,Northeast Community Health Centre,168,0
2026-10-01 09:30:00.000000,Northern Lights Regional Health Centre,93,0
2026-10-01 09:30:00.000000,Okotoks Health and Wellness Centre,90,0
2026-10-01 09:30:00.000000,Peter Lougheed Centre,204,0
2026-10-01 09:30:00.000000,Red Deer Regional Hospital,63,0
2026-10-01 09:30:00.000000,Rockyview General Hospital,95,0
2026-10-01 09:30:00.000000,Royal Alexandra Hospital,136,0
2026-10-01 09:30:00.000000,Sheldon M. Chumir Centre,74,0
2026-10-01 09:30:00.000000,South Calgary Health Centre,93,0
2026-10-01 09:30:00.000000,South Health Campus,133,0
2026-10-01 09:30:00.000000,Stollery Children's Hospital,34,0
2026-10-01 09:30:00.000000,Strathcona Community Hospital,59,0
2026-10-01 09:30:00.000000,Sturgeon Community Hospital,247,0
2026-10-01 09:30:00.000000,University of Alberta Hospital,146,0
2026-10-01 09:30:00.000000,WestView Health Centre,185,0
2026-10-01 09:40:00.000000,Airdrie Community Health Centre,110,0
2026-10-01 09:40:00.000000,Alberta Children's Hospital,142,0
2026-10-01 09:40:00.000000,Chinook Regional Hospital,75,0
2026-10-01 09:40:00.000000,Cochrane Community Health Centre,128,0
2026-10-01 09:40:00.000000,Devon General Hospital,126,0
2026-10-01 09:40:00.000000,Foothills Medical Centre,264,0
2026-10-01 09:40:00.000000,Fort Sask Community Hospital,191,0
2026-10-01 09:40:00.000000,Grande Prairie Regional Hospital,40,0
2026-10-01 09:40:00.000000,Grey Nuns Community Hospital,156,0
2026-10-01 09:40:00.000000,Innisfail Health Centre,,1
2026-10-01 09:40:00.000000,Lacombe Hospital and Care Centre,,1
2026-10-01 09:40:00.000000,Leduc Community Hospital,55,0
2026-10-01 09:40:00.000000,Medicine Hat Regional Hospital,81,0
2026-10-01 09:40:00.000000,Misericordia Community Hospital,271,0
2026-10-01 09:40:00.000000,Northeast Community Health Centre,165,0
2026-10-01 09:40:00.000000,Northern Lights Regional Health Centre,113,0
2026-10-01 09:40:00.000000,Okotoks Health and Wellness Centre,85,0
2026-10-01 09:40:00.000000,Peter Lougheed Centre,208,0
2026-10-01 09:40:00.000000,Red Deer Regional Hospital,102,0
2026-10-01 09:40:00.000000,Rockyview General Hospital,105,0
2026-10-01 09:40:00.000000,Royal Alexandra Hospital,132,0
2026-10-01 09:40:00.000000,Sheldon M. Chumir Centre,63,0
2026-10-01 09:40:00.000000,South Calgary Health Centre,101,0
2026-10-01 09:40:00.000000,South Health Campus,127,0
2026-10-01 09:40:00.000000,Stollery Children's Hospital,60,0
2026-10-01 09:40:00.000000,Strathcona Community Hospital,44,0
2026-10-01 09:40:00.000000,Sturgeon Community Hospital,239,0
2026-10-01 09:40:00.000000,University of Alberta Hospital,132,0
2026-10-01 09:40:00.000000,WestView Health Centre,222,0
2026-10-01 09:50:00.000000,Airdrie Community Health Centre,108,0
2026-10-01 09:50:00.000000,Alberta Children's Hospital,142,0
2026-10-01 09:50:00.000000,Chinook Regional Hospital,73,0
2026-10-01 09:50:00.000000,Cochrane Community Health Centre,135,0
2026-10-01 09:50:00.000000,Devon General Hospital,94,0
2026-10-01 09:50:00.000000,Foothills Medical Centre,259,0
2026-10-01 09:50:00.000000,Fort Sask Community Hospital,159,0
2026-10-01 09:50:00.000000,Grande Prairie Regional Hospital,45,0
2026-10-01 09:50:00.000000,Grey Nuns Community Hospital,156,0
2026-10-01 09:50:00.000000,Innisfail Health Centre,,1
2026-10-01 09:50:00.000000,Lacombe Hospital and Care Centre,,1
2026-10-01 09:50:00.000000,Leduc Community Hospital,55,0
2026-10-01 09:50:00.000000,Medicine Hat Regional Hospital,67,0
2026-10-01 09:50:00.000000,Misericordia Community Hospital,278,0
2026-10-01 09:50:00.000000,Northeast Community Health Centre,172,0
2026-10-01 09:50:00.000000,Northern Lights Regional Health Centre,111,0
2026-10-01 09:50:00.000000,Okotoks Health and Wellness Centre,82,0
2026-10-01 09:50:00.000000,Peter Lougheed Centre,199,0
2026-10-01 09:50:00.000000,Red Deer Regional Hospital,89,0
2026-10-01 09:50:00.000000,Rockyview General Hospital,84,0
2026-10-01 09:50:00.000000,Royal Alexandra Hospital,106,0
2026-10-01 09:50:00.000000,Sheldon M. Chumir Centre,68,0
2026-10-01 09:50:00.000000,South Calgary Health Centre,101,0
2026-10-01 09:50:00.000000,South Health Campus,131,0
2026-10-01 09:50:00.000000,Stollery Children's Hospital,66,0
2026-10-01 09:50:00.000000,Strathcona Community Hospital,59,0
2026-10-01 09:50:00.000000,Sturgeon Community Hospital,250,0
2026-10-01 09:50:00.000000,University of Alberta Hospital,134,0
2026-10-01 09:50:00.000000,WestView Health Centre,222,0
2026-10-01 10:00:00.000000,Airdrie Community Health Centre,95,0
2026-10-01 10:00:00.000000,Alberta Children's Hospital,164,0
2026-10-01 10:00:00.000000,Chinook Regional Hospital,80,0
2026-10-01 10:00:00.000000,Cochrane Community Health Centre,161,0
2026-10-01 10:00:00.000000,Devon General Hospital,31,0
2026-10-01 10:00:00.000000,Foothills Medical Centre,250,0
2026-10-01 10:00:00.000000,Fort Sask Community Hospital,191,0
2026-10-01 10:00:00.000000,Grande Prairie Regional Hospital,56,0
2026-10-01 10:00:00.000000,Grey Nuns Community Hospital,171,0
2026-10-01 10:00:00.000000,Innisfail Health Centre,,1
2026-10-01 10:00:00.000000,Lacombe Hospital and Care Centre,,1
2026-10-01 10:00:00.000000,Leduc Community Hospital,93,0
2026-10-01 10:00:00.000000,Medicine Hat Regional Hospital,54,0
2026-10-01 10:00:00.000000,Misericordia Community Hospital,283,0
2026-10-01 10:00:00.000000,Northeast Community Health Centre,152,0
2026-10-01 10:00:00.000000,Northern Lights Regional Health Centre,92,0
2026-10-01 10:00:00.000000,Okotoks Health and Wellness Centre,89,0
2026-10-01 10:00:00.000000,Peter Lougheed Centre,203,0
2026-10-01 10:00:00.000000,Red Deer Regional Hospital,76,0
2026-10-01 10:00:00.000000,Rockyview General Hospital,92,0
2026-10-01 10:00:00.000000,Royal Alexandra Hospital,109,0
2026-10-01 10:00:00.000000,Sheldon M. Chumir Centre,64,0
2026-10-01 10:00:00.000000,South Calgary Health Centre,109,0
2026-10-01 10:00:00.000000,South Health Campus,115,0
2026-10-01 10:00:00.000000,Stollery Children's Hospital,71,0
2026-10-01 10:00:00.000000,Strathcona Community Hospital,59,0
2026-10-01 10:00:00.000000,Sturgeon Community Hospital,259,0
2026-10-01 10:00:00.000000,University of Alberta Hospital,135,0
2026-10-01 10:00:00.000000,WestView Health Centre,244,0
2026-10-01 10:10:00.000000,Airdrie Community Health Centre,92,0
2026-10-01 10:10:00.000000,Alberta Children's Hospital,171,0
2026-10-01 10:10:00.000000,Chinook Regional Hospital,82,0
2026-10-01 10:10:00.000000,Cochrane Community Health Centre,170,0
2026-10-01 10:10:00.000000,Devon General Hospital,31,0
2026-10-01 10:10:00.000000,Foothills Medical Centre,245,0
2026-10-01 10:10:00.000000,Fort Sask Community Hospital,159,0
2026-10-01 10:10:00.000000,Grande Prairie Regional Hospital,62,0
2026-10-01 10:10:00.000000,Grey Nuns Community Hospital,179,0
2026-10-01 10:10:00.000000,Innisfail Health Centre,,1
2026-10-01 10:10:00.000000,Lacombe Hospital and Care Centre,,1
2026-10-01 10:10:00.000000,Leduc Community Hospital,93,0
2026-10-01 10:10:00.000000,Medicine Hat Regional Hospital,54,0
2026-10-01 10:10:00.000000,Misericordia Community Hospital,278,0
2026-10-01 10:10:00.000000,Northeast Community Health Centre,159,0
2026-10-01 10:10:00.000000,Northern Lights Regional Health Centre,90,0
2026-10-01 10:10:00.000000,Okotoks Health and Wellness Centre,98,0
2026-10-01 10:10:00.000000,Peter Lougheed Centre,190,0
2026-10-01 10:10:00.000000,Red Deer Regional Hospital,89,0
2026-10-01 10:10:00.000000,Rockyview General Hospital,99,0
2026-10-01 10:10:00.000000,Royal Alexandra Hospital,107,0
2026-10-01 10:10:00.000000,Sheldon M. Chumir Centre,70,0
2026-10-01 10:10:00.000000,South Calgary Health Centre,124,0
2026-10-01 10:10:00.000000,South Health Campus,120,0
2026-10-01 10:10:00.000000,Stollery Children's Hospital,80,0
2026-10-01 10:10:00.000000,Strathcona Community Hospital,74,0
2026-10-01 10:10:00.000000,Sturgeon Community Hospital,255,0
2026-10-01 10:10:00.000000,University of Alberta Hospital,148,0
2026-10-01 10:10:00.000000,WestView Health Centre,255,0
2026-10-01 10:20:00.000000,Airdrie Community Health Centre,99,0
2026-10-01 10:20:00.000000,Alberta Children's Hospital,184,0
2026-10-01 10:20:00.000000,Chinook Regional Hospital,85,0
2026-10-01 10:20:00.000000,Cochrane Community Health Centre,160,0
2026-10-01 10:20:00.000000,Devon General Hospital,31,0
2026-10-01 10:20:00.000000,Foothills Medical Centre,253,0
2026-10-01 10:20:00.000000,Fort Sask Community Hospital,159,0
2026-10-01 10:20:00.000000,Grande Prairie Regional Hospital,48,0
2026-10-01 10:20:00.000000,Grey Nuns Community Hospital,171,0
2026-10-01 10:20:00.000000,Innisfail Health Centre,,1
2026-10-01 10:20:00.000000,Lacombe Hospital and Care Centre,,1
2026-10-01 10:20:00.000000,Leduc Community Hospital,111,0
2026-10-01 10:20:00.000000,Medicine Hat Regional Hospital,67,0
2026-10-01 10:20:00.000000,Misericordia Community Hospital,272,0
2026-10-01 10:20:00.000000,Northeast Community Health Centre,153,0
2026-10-01 10:20:00.000000,Northern Lights Regional Health Centre,88,0
2026-10-01 10:20:00.000000,Okotoks Health and Wellness Centre,109,0
2026-10-01 10:20:00.000000,Peter Lougheed Centre,187,0
2026-10-01 10:20:00.000000,Red Deer Regional Hospital,89,0
2026-10-01 10:20:00.000000,Rockyview General Hospital,90,0
2026-10-01 10:20:00.000000,Royal Alexandra Hospital,100,0
2026-10-01 10:20:00.000000,Sheldon M. Chumir Centre,55,0
2026-10-01 10:20:00.000000,South Calgary Health Centre,124,0
2026-10-01 10:20:00.000000,South Health Campus,118,0
2026-10-01 10:20:00.000000,Stollery Children's Hospital,80,0
2026-10-01 10:20:00.000000,Strathcona Community Hospital,103,0
2026-10-01 10:20:00.000000,Sturgeon Community Hospital,252,0
2026-10-01 10:20:00.000000,University of Alberta Hospital,146,0
2026-10-01 10:20:00.000000,WestView Health Centre,265,0
2026-10-01 10:30:00.000000,Airdrie Community Health Centre,104,0
2026-10-01 10:30:00.000000,Alberta Children's Hospital,197,0
2026-10-01 10:30:00.000000,Chinook Regional Hospital,86,0
2026-10-01 10:30:00.000000,Cochrane Community Health Centre,130,0
2026-10-01 10:30:00.000000,Devon General Hospital,63,0
2026-10-01 10:30:00.000000,Foothills Medical Centre,271,0
2026-10-01 10:30:00.000000,Fort Sask Community Hospital,159,0
2026-10-01 10:30:00.000000,Grande Prairie Regional Hospital,48,0
2026-10-01 10:30:00.000000,Grey Nuns Community Hospital,194,0
2026-10-01 10:30:00.000000,Innisfail Health Centre,,1
2026-10-01 10:30:00.000000,Lacombe Hospital and Care Centre,,1
2026-10-01 10:30:00.000000,Leduc Community Hospital,111,0
2026-10-01 10:30:00.000000,Medicine Hat Regional Hospital,67,0
2026-10-01 10:30:00.000000,Misericordia Community Hospital,265,0
2026-10-01 10:30:00.000000,Northeast Community Health Centre,121,0
2026-10-01 10:30:00.000000,Northern Lights Regional Health Centre,77,0
2026-10-01 10:30:00.000000,Okotoks Health and Wellness Centre,109,0
2026-10-01 10:30:00.000000,Peter Lougheed Centre,188,0
2026-10-01 10:30:00.000000,Red Deer Regional Hospital,114,0
2026-10-01 10:30:00.000000,Rockyview General Hospital,103,0
2026-10-01 10:30:00.000000,Royal Alexandra Hospital,124,0
2026-10-01 10:30:00.000000,Sheldon M. Chumir Centre,55,0
2026-10-01 10:30:00.000000,South Calgary Health Centre,140,0
2026-10-01 10:30:00.000000,South Health Campus,140,0
2026-10-01 10:30:00.000000,Stollery Children's Hospital,80,0
2026-10-01 10:30:00.000000,Strathcona Community Hospital,86,0
2026-10-01 10:30:00.000000,Sturgeon Community Hospital,263,0
2026-10-01 10:30:00.000000,University of Alberta Hospital,144,0
2026-10-01 10:30:00.000000,WestView Health Centre,254,0
2026-10-01 10:40:00.000000,Airdrie Community Health Centre,120,0
2026-10-01 10:40:00.000000,Alberta Children's Hospital,193,0
2026-10-01 10:40:00.000000,Chinook Regional Hospital,84,0
2026-10-01 10:40:00.000000,Cochrane Community Health Centre,120,0
2026-10-01 10:40:00.000000,Devon General Hospital,126,0
2026-10-01 10:40:00.000000,Foothills Medical Centre,234,0
2026-10-01 10:40:00.000000,Fort Sask Community Hospital,159,0
2026-10-01 10:40:00.000000,Grande Prairie Regional Hospital,48,0
2026-10-01 10:40:00.000000,Grey Nuns Community Hospital,194,0
2026-10-01 10:40:00.000000,Innisfail Health Centre,,1
2026-10-01 10:40:00.000000,Lacombe Hospital and Care Centre,,1
2026-10-01 10:40:00.000000,Leduc Community Hospital,93,0
2026-10-01 10:40:00.000000,Medicine Hat Regional Hospital,81,0
2026-10-01 10:40:00.000000,Misericordia Community Hospital,270,0
2026-10-01 10:40:00.000000,Northeast Community Health Centre,126,0
2026-10-01 10:40:00.000000,Northern Lights Regional Health Centre,90,0
2026-10-01 10:40:00.000000,Okotoks Health and Wellness Centre,109,0
2026-10-01 10:40:00.000000,Peter Lougheed Centre,170,0
2026-10-01 10:40:00.000000,Red Deer Regional Hospital,114,0
2026-10-01 10:40:00.000000,Rockyview General Hospital,123,0
2026-10-01 10:40:00.000000,Royal Alexandra Hospital,143,0
2026-10-01 10:40:00.000000,Sheldon M. Chumir Centre,55,0
2026-10-01 10:40:00.000000,South Calgary Health Centre,132,0
2026-10-01 10:40:00.000000,South Health Campus,149,0
2026-10-01 10:40:00.000000,Stollery Children's Hospital,92,0
2026-10-01 10:40:00.000000,Strathcona Community Hospital,57,0
2026-10-01 10:40:00.000000,Sturgeon Community Hospital,251,0
2026-10-01 10:40:00.000000,University of Alberta Hospital,148,0
2026-10-01 10:40:00.000000,WestView Health Centre,261,0
2026-10-01 10:50:00.000000,Airdrie Community Health Centre,126,0
2026-10-01 10:50:00.000000,Alberta Children's Hospital,206,0
2026-10-01 10:50:00.000000,Chinook Regional Hospital,91,0
2026-10-01 10:50:00.000000,Cochrane Community Health Centre,140,0
2026-10-01 10:50:00.000000,Devon General Hospital,94,0
2026-10-01 10:50:00.000000,Foothills Medical Centre,209,0
2026-10-01 10:50:00.000000,Fort Sask Community Hospital,159,0
2026-10-01 10:50:00.000000,Grande Prairie Regional Hospital,30,0
2026-10-01 10:50:00.000000,Grey Nuns Community Hospital,187,0
2026-10-01 10:50:00.000000,Innisfail Health Centre,,1
2026-10-01 10:50:00.000000,Lacombe Hospital and Care Centre,,1
2026-10-01 10:50:00.000000,Leduc Community Hospital,111,0
2026-10-01 10:50:00.000000,Medicine Hat Regional Hospital,81,0
2026-10-01 10:50:00.000000,Misericordia Community Hospital,277,0
2026-10-01 10:50:00.000000,Northeast Community Health Centre,121,0
2026-10-01 10:50:00.000000,Northern Lights Regional Health Centre,87,0
2026-10-01 10:50:00.000000,Okotoks Health and Wellness Centre,109,0
2026-10-01 10:50:00.000000,Peter Lougheed Centre,177,0
2026-10-01 10:50:00.000000,Red Deer Regional Hospital,122,0
2026-10-01 10:50:00.000000,Rockyview General Hospital,128,0
2026-10-01 10:50:00.000000,Royal Alexandra Hospital,157,0
2026-10-01 10:50:00.000000,Sheldon M. Chumir Centre,62,0
2026-10-01 10:50:00.000000,South Calgary Health Centre,140,0
2026-10-01 10:50:00.000000,South Health Campus,159,0
2026-10-01 10:50:00.000000,Stollery Children's Hospital,115,0
2026-10-01 10:50:00.000000,Strathcona Community Hospital,41,0
2026-10-01 10:50:00.000000,Sturgeon Community Hospital,226,0
2026-10-01 10:50:00.000000,University of Alberta Hospital,146,0
2026-10-01 10:50:00.000000,WestView Health Centre,253,0
2026-10-01 11:00:00.000000,Airdrie Community Health Centre,142,0
2026-10-01 11:00:00.000000,Alberta Children's Hospital,203,0
2026-10-01 11:00:00.000000,Chinook Regional Hospital,89,0
2026-10-01 11:00:00.000000,Cochrane Community Health Centre,120,0
2026-10-01 11:00:00.000000,Devon General Hospital,63,0
2026-10-01 11:00:00.000000,Foothills Medical Centre,217,0
2026-10-01 11:00:00.000000,Fort Sask Community Hospital,159,0
2026-10-01 11:00:00.000000,Grande Prairie Regional Hospital,34,0
2026-10-01 11:00:00.000000,Grey Nuns Community Hospital,202,0
2026-10-01 11:00:00.000000,Innisfail Health Centre,,1
2026-10-01 11:00:00.000000,Lacombe Hospital and Care Centre,,1
2026-10-01 11:00:00.000000,Leduc Community Hospital,111,0
2026-10-01 11:00:00.000000,Medicine Hat Regional Hospital,67,0
2026-10-01 11:00:00.000000,Misericordia Community Hospital,284,0
2026-10-01 11:00:00.000000,Northeast Community Health Centre,128,0
2026-10-01 11:00:00.000000,Northern Lights Regional Health Centre,85,0
2026-10-01 11:00:00.000000,Okotoks Health and Wellness Centre,87,0
2026-10-01 11:00:00.000000,Peter Lougheed Centre,184,0
2026-10-01 11:00:00.000000,Red Deer Regional Hospital,128,0
2026-10-01 11:00:00.000000,Rockyview General Hospital,147,0
2026-10-01 11:00:00.000000,Royal Alexandra Hospital,155,0
2026-10-01 11:00:00.000000,Sheldon M. Chumir Centre,62,0
2026-10-01 11:00:00.000000,South Calgary Health Centre,124,0
2026-10-01 11:00:00.000000,South Health Campus,140,0
2026-10-01 11:00:00.000000,Stollery Children's Hospital,103,0
2026-10-01 11:00:00.000000,Strathcona Community Hospital,58,0
2026-10-01 11:00:00.000000,Sturgeon Community Hospital,226,0
2026-10-01 11:00:00.000000,University of Alberta Hospital,144,0
2026-10-01 11:00:00.000000,WestView Health Centre,246,0
2026-10-01 11:10:00.000000,Airdrie Community Health Centre,140,0
2026-10-01 11:10:00.000000,Alberta Children's Hospital,215,0
2026-10-01 11:10:00.000000,Chinook Regional Hospital,88,0
2026-10-01 11:10:00.000000,Cochrane Community Health Centre,130,0
2026-10-01 11:10:00.000000,Devon General Hospital,63,0
2026-10-01 11:10:00.000000,Foothills Medical Centre,227,0
2026-10-01 11:10:00.000000,Fort Sask Community Hospital,191,0
2026-10-01 11:10:00.000000,Grande Prairie Regional Hospital,30,0
2026-10-01 11:10:00.000000,Grey Nuns Community Hospital,202,0
2026-10-01 11:10:00.000000,Innisfail Health Centre,,1
2026-10-01 11:10:00.000000,Lacombe Hospital and Care Centre,,1
2026-10-01 11:10:00.000000,Leduc Community Hospital,111,0
2026-10-01 11:10:00.000000,Medicine Hat Regional Hospital,94,0
2026-10-01 11:10:00.000000,Misericordia Community Hospital,289,0
2026-10-01 11:10:00.000000,Northeast Community Health Centre,137,0
2026-10-01 11:10:00.000000,Northern Lights Regional Health Centre,84,0
2026-10-01 11:10:00.000000,Okotoks Health and Wellness Centre,98,0
2026-10-01 11:10:00.000000,Peter Lougheed Centre,181,0
2026-10-01 11:10:00.000000,Red Deer Regional Hospital,125,0
2026-10-01 11:10:00.000000,Rockyview General Hospital,154,0
2026-10-01 11:10:00.000000,Royal Alexandra Hospital,174,0
2026-10-01 11:10:00.000000,Sheldon M. Chumir Centre,62,0
2026-10-01 11:10:00.000000,South Calgary Health Centre,124,0
2026-10-01 11:10:00.000000,South Health Campus Children[;]South Health Campus,105,
2026-10-01 11:10:00.000000,Stollery Children's Hospital,126,0
2026-10-01 11:10:00.000000,Strathcona Community Hospital,66,0
2026-10-01 11:10:00.000000,Sturgeon Community Hospital,251,0
2026-10-01 11:10:00.000000,University of Alberta Hospital,162,0
2026-10-01 11:10:00.000000,WestView Health Centre,253,0
2026-10-01 11:20:00.000000,Airdrie Community Health Centre,131,0
2026-10-01 11:20:00.000000,Alberta Children's Hospital,213,0
2026-10-01 11:20:00.000000,Chinook Regional Hospital,92,0
2026-10-01 11:20:00.000000,Cochrane Community Health Centre,150,0
2026-10-01 11:20:00.000000,Devon General Hospital,94,0
2026-10-01 11:20:00.000000,Foothills Medical Centre,262,0
2026-10-01 11:20:00.000000,Fort Sask Community Hospital,223,0
2026-10-01 11:20:00.000000,Grande Prairie Regional Hospital,34,0
2026-10-01 11:20:00.000000,Grey Nuns Community Hospital,202,0
2026-10-01 11:20:00.000000,Innisfail Health Centre,,1
2026-10-01 11:20:00.000000,Lacombe Hospital and Care Centre,,1
2026-10-01 11:20:00.000000,Leduc Community Hospital,130,0
2026-10-01 11:20:00.000000,Medicine Hat Regional Hospital,94,0
2026-10-01 11:20:00.000000,Misericordia Community Hospital,295,0
2026-10-01 11:20:00.000000,Northeast Community Health Centre,124,0
2026-10-01 11:20:00.000000,Northern Lights Regional Health Centre,84,0
2026-10-01 11:20:00.000000,Okotoks Health and Wellness Centre,87,0
2026-10-01 11:20:00.000000,Peter Lougheed Centre,175,0
2026-10-01 11:20:00.000000,Red Deer Regional Hospital,123,0
2026-10-01 11:20:00.000000,Rockyview General Hospital,190,0
2026-10-01 11:20:00.000000,Royal Alexandra Hospital,180,0
2026-10-01 11:20:00.000000,Sheldon M. Chumir Centre,62,0
2026-10-01 11:20:00.000000,South Calgary Health Centre,124,0
2026-10-01 11:20:00.000000,South Health Campus Children[;]South Health Campus,79,
2026-10-01 11:20:00.000000,Stollery Children's Hospital,115,0
2026-10-01 11:20:00.000000,Strathcona Community Hospital,77,0
2026-10-01 11:20:00.000000,Sturgeon Community Hospital,239,0
2026-10-01 11:20:00.000000,University of Alberta Hospital,168,0
2026-10-01 11:20:00.000000,WestView Health Centre,263,0
2026-10-01 11:30:00.000000,Airdrie Community Health Centre,140,0
2026-10-01 11:30:00.000000,Alberta Children's Hospital,201,0
2026-10-01 11:30:00.000000,Chinook Regional Hospital,92,0
2026-10-01 11:30:00.000000,Cochrane Community Health Centre,160,0
2026-10-01 11:30:00.000000,Devon General Hospital,94,0
2026-10-01 11:30:00.000000,Foothills Medical Centre,255,0
2026-10-01 11:30:00.000000,Fort Sask Community Hospital,223,0
2026-10-01 11:30:00.000000,Grande Prairie Regional Hospital,41,0
2026-10-01 11:30:00.000000,Grey Nuns Community Hospital,187,0
2026-10-01 11:30:00.000000,Innisfail Health Centre,,1
2026-10-01 11:30:00.000000,Lacombe Hospital and Care Centre,,1
2026-10-01 11:30:00.000000,Leduc Community Hospital,130,0
2026-10-01 11:30:00.000000,Medicine Hat Regional Hospital,121,0
2026-10-01 11:30:00.000000,Misericordia Community Hospital,293,0
2026-10-01 11:30:00.000000,Northeast Community Health Centre,149,0
2026-10-01 11:30:00.000000,Northern Lights Regional Health Centre,61,0
2026-10-01 11:30:00.000000,Okotoks Health and Wellness Centre,76,0
2026-10-01 11:30:00.000000,Peter Lougheed Centre,193,0
2026-10-01 11:30:00.000000,Red Deer Regional Hospital,120,0
2026-10-01 11:30:00.000000,Rockyview General Hospital,202,0
2026-10-01 11:30:00.000000,Royal Alexandra Hospital,193,0
2026-10-01 11:30:00.000000,Sheldon M. Chumir Centre,55,0
2026-10-01 11:30:00.000000,South Calgary Health Centre,115,0
2026-10-01 11:30:00.000000,South Health Campus Children[;]South Health Campus,79,
2026-10-01 11:30:00.000000,Stollery Children's Hospital,92,0
2026-10-01 11:30:00.000000,Strathcona Community Hospital,99,0
2026-10-01 11:30:00.000000,Sturgeon Community Hospital,226,0
2026-10-01 11:30:00.000000,University of Alberta Hospital,168,0
2026-10-01 11:30:00.000000,WestView Health Centre,255,0
2026-10-01 11:40:00.000000,Airdrie Community Health Centre,140,0
2026-10-01 11:40:00.000000,Alberta Children's Hospital,208,0
2026-10-01 11:40:00.000000,Chinook Regional Hospital,104,0
2026-10-01 11:40:00.000000,Cochrane Community Health Centre,170,0
2026-10-01 11:40:00.000000,Devon General Hospital,126,0
2026-10-01 11:40:00.000000,Foothills Medical Centre,248,0
2026-10-01 11:40:00.000000,Fort Sask Community Hospital,255,0
2026-10-01 11:40:00.000000,Grande Prairie Regional Hospital,30,0
2026-10-01 11:40:00.000000,Grey Nuns Community Hospital,194,0
2026-10-01 11:40:00.000000,Innisfail Health Centre,,1
2026-10-01 11:40:00.000000,Lacombe Hospital and Care Centre,,1
2026-10-01 11:40:00.000000,Leduc Community Hospital,130,0
2026-10-01 11:40:00.000000,Medicine Hat Regional Hospital,108,0
2026-10-01 11:40:00.000000,Misericordia Community Hospital,312,0
2026-10-01 11:40:00.000000,Northeast Community Health Centre,162,0
2026-10-01 11:40:00.000000,Northern Lights Regional Health Centre,53,0
2026-10-01 11:40:00.000000,Okotoks Health and Wellness Centre,76,0
2026-10-01 11:40:00.000000,Peter Lougheed Centre,216,0
2026-10-01 11:40:00.000000,Red Deer Regional Hospital,142,0
2026-10-01 11:40:00.000000,Rockyview General Hospital,202,0
2026-10-01 11:40:00.000000,Royal Alexandra Hospital,161,0
2026-10-01 11:40:00.000000,Sheldon M. Chumir Centre,62,0
2026-10-01 11:40:00.000000,South Calgary Health Centre,109,0
2026-10-01 11:40:00.000000,South Health Campus Children[;]South Health Campus,79,
2026-10-01 11:40:00.000000,Stollery Children's Hospital,115,0
2026-10-01 11:40:00.000000,Strathcona Community Hospital,88,0
2026-10-01 11:40:00.000000,Sturgeon Community Hospital,233,0
2026-10-01 11:40:00.000000,University of Alberta Hospital,168,0
2026-10-01 11:40:00.000000,WestView Health Centre,244,0
2026-10-01 11:50:00.000000,Airdrie Community Health Centre,131,0
2026-10-01 11:50:00.000000,Alberta Children's Hospital,230,0
2026-10-01 11:50:00.000000,Chinook Regional Hospital,107,0
2026-10-01 11:50:00.000000,Cochrane Community Health Centre,180,0
2026-10-01 11:50:00.000000,Devon General Hospital,126,0
2026-10-01 11:50:00.000000,Foothills Medical Centre,252,0
2026-10-01 11:50:00.000000,Fort Sask Community Hospital,223,0
2026-10-01 11:50:00.000000,Grande Prairie Regional Hospital,30,0
2026-10-01 11:50:00.000000,Grey Nuns Community Hospital,218,0
2026-10-01 11:50:00.000000,Innisfail Health Centre,,1
2026-10-01 11:50:00.000000,Lacombe Hospital and Care Centre,,1
2026-10-01 11:50:00.000000,Leduc Community Hospital,128,0
2026-10-01 11:50:00.000000,Medicine Hat Regional Hospital,108,0
2026-10-01 11:50:00.000000,Misericordia Community Hospital,330,0
2026-10-01 11:50:00.000000,Northeast Community Health Centre,199,0
2026-10-01 11:50:00.000000,Northern Lights Regional Health Centre,45,0
2026-10-01 11:50:00.000000,Okotoks Health and Wellness Centre,87,0
2026-10-01 11:50:00.000000,Peter Lougheed Centre,211,0
2026-10-01 11:50:00.000000,Red Deer Regional Hospital,157,0
2026-10-01 11:50:00.000000,Rockyview General Hospital,220,0
2026-10-01 11:50:00.000000,Royal Alexandra Hospital,174,0
2026-10-01 11:50:00.000000,Sheldon M. Chumir Centre,62,0
2026-10-01 11:50:00.000000,South Calgary Health Centre,96,0
2026-10-01 11:50:00.000000,South Health Campus Children[;]South Health Campus,52,
2026-10-01 11:50:00.000000,Stollery Children's Hospital,115,0
2026-10-01 11:50:00.000000,Strathcona Community Hospital,99,0
2026-10-01 11:50:00.000000,Sturgeon Community Hospital,239,0
2026-10-01 11:50:00.000000,University of Alberta Hospital,174,0
2026-10-01 11:50:00.000000,WestView Health Centre,218,0
2026-10-01 12:00:00.000000,Airdrie Community Health Centre,131,0
2026-10-01 12:00:00.000000,Alberta Children's Hospital,252,0
2026-10-01 12:00:00.000000,Chinook Regional Hospital,117,0
2026-10-01 12:00:00.000000,Cochrane Community Health Centre,150,0
2026-10-01 12:00:00.000000,Devon General Hospital,126,0
2026-10-01 12:00:00.000000,Foothills Medical Centre,267,0
2026-10-01 12:00:00.000000,Fort Sask Community Hospital,223,0
2026-10-01 12:00:00.000000,Grande Prairie Regional Hospital,34,0
2026-10-01 12:00:00.000000,Grey Nuns Community Hospital,218,0
2026-10-01 12:00:00.000000,Innisfail Health Centre,,1
2026-10-01 12:00:00.000000,Lacombe Hospital and Care Centre,,1
2026-10-01 12:00:00.000000,Leduc Community Hospital,141,0
2026-10-01 12:00:00.000000,Medicine Hat Regional Hospital,121,0
2026-10-01 12:00:00.000000,Misericordia Community Hospital,348,0
2026-10-01 12:00:00.000000,Northeast Community Health Centre,211,0
2026-10-01 12:00:00.000000,Northern Lights Regional Health Centre,45,0
2026-10-01 12:00:00.000000,Okotoks Health and Wellness Centre,98,0
2026-10-01 12:00:00.000000,Peter Lougheed Centre,207,0
2026-10-01 12:00:00.000000,Red Deer Regional Hospital,162,0
2026-10-01 12:00:00.000000,Rockyview General Hospital,232,0
2026-10-01 12:00:00.000000,Royal Alexandra Hospital,174,0
2026-10-01 12:00:00.000000,Sheldon M. Chumir Centre,70,0
2026-10-01 12:00:00.000000,South Calgary Health Centre,95,0
2026-10-01 12:00:00.000000,South Health Campus Children[;]South Health Campus,52,
2026-10-01 12:00:00.000000,Stollery Children's Hospital,115,0
2026-10-01 12:00:00.000000,Strathcona Community Hospital,88,0
2026-10-01 12:00:00.000000,Sturgeon Community Hospital,226,0
2026-10-01 12:00:00.000000,University of Alberta Hospital,186,0
2026-10-01 12:00:00.000000,WestView Health Centre,207,0
2026-10-01 12:10:00.000000,Airdrie Community Health Centre,121,0
2026-10-01 12:10:00.000000,Alberta Children's Hospital,254,0
2026-10-01 12:10:00.000000,Chinook Regional Hospital,118,0
2026-10-01 12:10:00.000000,Cochrane Community Health Centre,140,0
2026-10-01 12:10:00.000000,Devon General Hospital,189,0
2026-10-01 12:10:00.000000,Foothills Medical Centre,279,0
2026-10-01 12:10:00.000000,Fort Sask Community Hospital,223,0
2026-10-01 12:10:00.000000,Grande Prairie Regional Hospital,34,0
2026-10-01 12:10:00.000000,Grey Nuns Community Hospital,194,0
2026-10-01 12:10:00.000000,Innisfail Health Centre,,1
2026-10-01 12:10:00.000000,Lacombe Hospital and Care Centre,,1
2026-10-01 12:10:00.000000,Leduc Community Hospital,146,0
2026-10-01 12:10:00.000000,Medicine Hat Regional Hospital,135,0
2026-10-01 12:10:00.000000,Misericordia Community Hospital,352,0
2026-10-01 12:10:00.000000,Northeast Community Health Centre,199,0
2026-10-01 12:10:00.000000,Northern Lights Regional Health Centre,45,0
2026-10-01 12:10:00.000000,Okotoks Health and Wellness Centre,98,0
2026-10-01 12:10:00.000000,Peter Lougheed Centre,207,0
2026-10-01 12:10:00.000000,Red Deer Regional Hospital,160,0
2026-10-01 12:10:00.000000,Rockyview General Hospital,237,0
2026-10-01 12:10:00.000000,Royal Alexandra Hospital,181,0
2026-10-01 12:10:00.000000,Sheldon M. Chumir Centre,86,0
2026-10-01 12:10:00.000000,South Calgary Health Centre,91,0
2026-10-01 12:10:00.000000,South Health Campus Children[;]South Health Campus,52,
2026-10-01 12:10:00.000000,Stollery Children's Hospital,126,0
2026-10-01 12:10:00.000000,Strathcona Community Hospital,88,0
2026-10-01 12:10:00.000000,Sturgeon Community Hospital,233,0
2026-10-01 12:10:00.000000,University of Alberta Hospital,175,0
2026-10-01 12:10:00.000000,WestView Health Centre,222,0
2026-10-01 12:20:00.000000,Airdrie Community Health Centre,121,0
2026-10-01 12:20:00.000000,Alberta Children's Hospital,279,0
2026-10-01 12:20:00.000000,Chinook Regional Hospital,118,0
2026-10-01 12:20:00.000000,Cochrane Community Health Centre,120,0
2026-10-01 12:20:00.000000,Devon General Hospital,220,0
2026-10-01 12:20:00.000000,Foothills Medical Centre,300,0
2026-10-01 12:20:00.000000,Fort Sask Community Hospital,287,0
2026-10-01 12:20:00.000000,Grande Prairie Regional Hospital,41,0
2026-10-01 12:20:00.000000,Grey Nuns Community Hospital,194,0
2026-10-01 12:20:00.000000,Innisfail Health Centre,,1
2026-10-01 12:20:00.000000,Lacombe Hospital and Care Centre,,1
2026-10-01 12:20:00.000000,Leduc Community Hospital,151,0
2026-10-01 12:20:00.000000,Medicine Hat Regional Hospital,94,0
2026-10-01 12:20:00.000000,Misericordia Community Hospital,371,0
2026-10-01 12:20:00.000000,Northeast Community Health Centre,211,0
2026-10-01 12:20:00.000000,Northern Lights Regional Health Centre,30,0
2026-10-01 12:20:00.000000,Okotoks Health and Wellness Centre,98,0
2026-10-01 12:20:00.000000,Peter Lougheed Centre,198,0
2026-10-01 12:20:00.000000,Red Deer Regional Hospital,174,0
2026-10-01 12:20:00.000000,Rockyview General Hospital,205,0
2026-10-01 12:20:00.000000,Royal Alexandra Hospital,201,0
2026-10-01 12:20:00.000000,Sheldon M. Chumir Centre,70,0
2026-10-01 12:20:00.000000,South Calgary Health Centre,73,0
2026-10-01 12:20:00.000000,South Health Campus Children[;]South Health Campus,52,
2026-10-01 12:20:00.000000,Stollery Children's Hospital,115,0
2026-10-01 12:20:00.000000,Strathcona Community Hospital,113,0
2026-10-01 12:20:00.000000,Sturgeon Community Hospital,252,0
2026-10-01 12:20:00.000000,University of Alberta Hospital,177,0
2026-10-01 12:20:00.000000,WestView Health Centre,203,0
2026-10-01 12:30:00.000000,Airdrie Community Health Centre,121,0
2026-10-01 12:30:00.000000,Alberta Children's Hospital,273,0
2026-10-01 12:30:00.000000,Chinook Regional Hospital,127,0
2026-10-01 12:30:00.000000,Cochrane Community Health Centre,110,0
2026-10-01 12:30:00.000000,Devon General Hospital,220,0
2026-10-01 12:30:00.000000,Foothills Medical Centre,306,0
2026-10-01 12:30:00.000000,Fort Sask Community Hospital,255,0
2026-10-01 12:30:00.000000,Grande Prairie Regional Hospital,41,0
2026-10-01 12:30:00.000000,Grey Nuns Community Hospital,194,0
2026-10-01 12:30:00.000000,Innisfail Health Centre,,1
2026-10-01 12:30:00.000000,Lacombe Hospital and Care Centre,,1
2026-10-01 12:30:00.000000,Leduc Community Hospital,156,0
2026-10-01 12:30:00.000000,Medicine Hat Regional Hospital,81,0
2026-10-01 12:30:00.000000,Misericordia Community Hospital,313,0
2026-10-01 12:30:00.000000,Northeast Community Health Centre,224,0
2026-10-01 12:30:00.000000,Northern Lights Regional Health Centre,30,0
2026-10-01 12:30:00.000000,Okotoks Health and Wellness Centre,98,0
2026-10-01 12:30:00.000000,Peter Lougheed Centre,188,0
2026-10-01 12:30:00.000000,Red Deer Regional Hospital,180,0
2026-10-01 12:30:00.000000,Rockyview General Hospital,204,0
2026-10-01 12:30:00.000000,Royal Alexandra Hospital,211,0
2026-10-01 12:30:00.000000,Sheldon M. Chumir Centre,55,0
2026-10-01 12:30:00.000000,South Calgary Health Centre,69,0
2026-10-01 12:30:00.000000,South Health Campus Children[;]South Health Campus,52,
2026-10-01 12:30:00.000000,Stollery Children's Hospital,126,0
2026-10-01 12:30:00.000000,Strathcona Community Hospital,150,0
2026-10-01 12:30:00.000000,Sturgeon Community Hospital,269,0
2026-10-01 12:30:00.000000,University of Alberta Hospital,203,0
2026-10-01 12:30:00.000000,WestView Health Centre,246,0
2026-10-01 12:40:00.000000,Airdrie Community Health Centre,131,0
2026-10-01 12:40:00.000000,Alberta Children's Hospital,295,0
2026-10-01 12:40:00.000000,Chinook Regional Hospital,127,0
2026-10-01 12:40:00.000000,Cochrane Community Health Centre,120,0
2026-10-01 12:40:00.000000,Devon General Hospital,220,0
2026-10-01 12:40:00.000000,Foothills Medical Centre,303,0
2026-10-01 12:40:00.000000,Fort Sask Community Hospital,287,0
2026-10-01 12:40:00.000000,Grande Prairie Regional Hospital,41,0
2026-10-01 12:40:00.000000,Grey Nuns Community Hospital,202,0
2026-10-01 12:40:00.000000,Innisfail Health Centre,,1
2026-10-01 12:40:00.000000,Lacombe Hospital and Care Centre,,1
2026-10-01 12:40:00.000000,Leduc Community Hospital,141,0
2026-10-01 12:40:00.000000,Medicine Hat Regional Hospital,81,0
2026-10-01 12:40:00.000000,Misericordia Community Hospital,306,0
2026-10-01 12:40:00.000000,Northeast Community Health Centre,249,0
2026-10-01 12:40:00.000000,Northern Lights Regional Health Centre,38,0
2026-10-01 12:40:00.000000,Okotoks Health and Wellness Centre,109,0
2026-10-01 12:40:00.000000,Peter Lougheed Centre,202,0
2026-10-01 12:40:00.000000,Red Deer Regional Hospital,151,0
2026-10-01 12:40:00.000000,Rockyview General Hospital,206,0
2026-10-01 12:40:00.000000,Royal Alexandra Hospital,211,0
2026-10-01 12:40:00.000000,Sheldon M. Chumir Centre,47,0
2026-10-01 12:40:00.000000,South Calgary Health Centre,74,0
2026-10-01 12:40:00.000000,South Health Campus Children[;]South Health Campus,30,
2026-10-01 12:40:00.000000,Stollery Children's Hospital,115,0
2026-10-01 12:40:00.000000,Strathcona Community Hospital,173,0
2026-10-01 12:40:00.000000,Sturgeon Community Hospital,275,0
2026-10-01 12:40:00.000000,University of Alberta Hospital,224,0
2026-10-01 12:40:00.000000,WestView Health Centre,231,0
2026-10-01 12:50:00.000000,Airdrie Community Health Centre,121,0
2026-10-01 12:50:00.000000,Alberta Children's Hospital,287,0
2026-10-01 12:50:00.000000,Chinook Regional Hospital,140,0
2026-10-01 12:50:00.000000,Cochrane Community Health Centre,140,0
2026-10-01 12:50:00.000000,Devon General Hospital,251,0
2026-10-01 12:50:00.000000,Foothills Medical Centre,300,0
2026-10-01 12:50:00.000000,Fort Sask Community Hospital,255,0
2026-10-01 12:50:00.000000,Grande Prairie Regional Hospital,41,0
2026-10-01 12:50:00.000000,Grey Nuns Community Hospital,218,0
2026-10-01 12:50:00.000000,Innisfail Health Centre,,1
2026-10-01 12:50:00.000000,Lacombe Hospital and Care Centre,,1
2026-10-01 12:50:00.000000,Leduc Community Hospital,137,0
2026-10-01 12:50:00.000000,Medicine Hat Regional Hospital,94,0
2026-10-01 12:50:00.000000,Misericordia Community Hospital,296,0
2026-10-01 12:50:00.000000,Northeast Community Health Centre,236,0
2026-10-01 12:50:00.000000,Northern Lights Regional Health Centre,61,0
2026-10-01 12:50:00.000000,Okotoks Health and Wellness Centre,98,0
2026-10-01 12:50:00.000000,Peter Lougheed Centre,209,0
2026-10-01 12:50:00.000000,Red Deer Regional Hospital,140,0
2026-10-01 12:50:00.000000,Rockyview General Hospital,209,0
2026-10-01 12:50:00.000000,Royal Alexandra Hospital,211,0
2026-10-01 12:50:00.000000,Sheldon M. Chumir Centre,39,0
2026-10-01 12:50:00.000000,South Calgary Health Centre,72,0
2026-10-01 12:50:00.000000,South Health Campus Children[;]South Health Campus,30,
2026-10-01 12:50:00.000000,Stollery Children's Hospital,126,0
2026-10-01 12:50:00.000000,Strathcona Community Hospital,180,0
2026-10-01 12:50:00.000000,Sturgeon Community Hospital,279,0
2026-10-01 12:50:00.000000,University of Alberta Hospital,239,0
2026-10-01 12:50:00.000000,WestView Health Centre,210,0
2026-10-01 13:00:00.000000,Airdrie Community Health Centre,121,0
2026-10-01 13:00:00.000000,Alberta Children's Hospital,303,0
2026-10-01 13:00:00.000000,Chinook Regional Hospital,127,0
2026-10-01 13:00:00.000000,Cochrane Community Health Centre,140,0
2026-10-01 13:00:00.000000,Devon General Hospital,251,0
2026-10-01 13:00:00.000000,Foothills Medical Centre,296,0
2026-10-01 13:00:00.000000,Fort Sask Community Hospital,223,0
2026-10-01 13:00:00.000000,Grande Prairie Regional Hospital,55,0
2026-10-01 13:00:00.000000,Grey Nuns Community Hospital,218,0
2026-10-01 13:00:00.000000,Innisfail Health Centre,,1
2026-10-01 13:00:00.000000,Lacombe Hospital and Care Centre,,1
2026-10-01 13:00:00.000000,Leduc Community Hospital,122,0
2026-10-01 13:00:00.000000,Medicine Hat Regional Hospital,94,0
2026-10-01 13:00:00.000000,Misericordia Community Hospital,334,0
2026-10-01 13:00:00.000000,Northeast Community Health Centre,236,0
2026-10-01 13:00:00.000000,Northern Lights Regional Health Centre,45,0
2026-10-01 13:00:00.000000,Okotoks Health and Wellness Centre,87,0
2026-10-01 13:00:00.000000,Peter Lougheed Centre,217,0
2026-10-01 13:00:00.000000,Red Deer Regional Hospital,128,0
2026-10-01 13:00:00.000000,Rockyview General Hospital,199,0
2026-10-01 13:00:00.000000,Royal Alexandra Hospital,226,0
2026-10-01 13:00:00.000000,Sheldon M. Chumir Centre,47,0
2026-10-01 13:00:00.000000,South Calgary Health Centre,75,0
2026-10-01 13:00:00.000000,South Health Campus Children[;]South Health Campus,30,
2026-10-01 13:00:00.000000,Stollery Children's Hospital,138,0
2026-10-01 13:00:00.000000,Strathcona Community Hospital,204,0
2026-10-01 13:00:00.000000,Sturgeon Community Hospital,286,0
2026-10-01 13:00:00.000000,University of Alberta Hospital,241,0
2026-10-01 13:00:00.000000,WestView Health Centre,270,0
2026-10-01 13:10:00.000000,Airdrie Community Health Centre,121,0
2026-10-01 13:10:00.000000,Alberta Children's Hospital,287,0
2026-10-01 13:10:00.000000,Chinook Regional Hospital,127,0
2026-10-01 13:10:00.000000,Cochrane Community Health Centre,130,0
2026-10-01 13:10:00.000000,Devon General Hospital,283,0
2026-10-01 13:10:00.000000,Foothills Medical Centre,285,0
2026-10-01 13:10:00.000000,Fort Sask Community Hospital,223,0
2026-10-01 13:10:00.000000,Grande Prairie Regional Hospital,55,0
2026-10-01 13:10:00.000000,Grey Nuns Community Hospital,226,0
2026-10-01 13:10:00.000000,Innisfail Health Centre,,1
2026-10-01 13:10:00.000000,Lacombe Hospital and Care Centre,,1
2026-10-01 13:10:00.000000,Leduc Community Hospital,109,0
2026-10-01 13:10:00.000000,Medicine Hat Regional Hospital,106,0
2026-10-01 13:10:00.000000,Misericordia Community Hospital,310,0
2026-10-01 13:10:00.000000,Northeast Community Health Centre,224,0
2026-10-01 13:10:00.000000,Northern Lights Regional Health Centre,61,0
2026-10-01 13:10:00.000000,Okotoks Health and Wellness Centre,65,0
2026-10-01 13:10:00.000000,Peter Lougheed Centre,202,0
2026-10-01 13:10:00.000000,Red Deer Regional Hospital,127,0
2026-10-01 13:10:00.000000,Rockyview General Hospital,197,0
2026-10-01 13:10:00.000000,Royal Alexandra Hospital,216,0
2026-10-01 13:10:00.000000,Sheldon M. Chumir Centre,47,0
2026-10-01 13:10:00.000000,South Calgary Health Centre,78,0
2026-10-01 13:10:00.000000,South Health Campus Children[;]South Health Campus,30,
2026-10-01 13:10:00.000000,Stollery Children's Hospital,138,0
2026-10-01 13:10:00.000000,Strathcona Community Hospital,192,0
2026-10-01 13:10:00.000000,Sturgeon Community Hospital,288,0
2026-10-01 13:10:00.000000,University of Alberta Hospital,247,0
2026-10-01 13:10:00.000000,WestView Health Centre,322,0
2026-10-01 13:20:00.000000,Airdrie Community Health Centre,121,0
2026-10-01 13:20:00.000000,Alberta Children's Hospital,287,0
2026-10-01 13:20:00.000000,Chinook Regional Hospital,122,0
2026-10-01 13:20:00.000000,Cochrane Community Health Centre,130,0
2026-10-01 13:20:00.000000,Devon General Hospital,283,0
2026-10-01 13:20:00.000000,Foothills Medical Centre,291,0
2026-10-01 13:20:00.000000,Fort Sask Community Hospital,223,0
2026-10-01 13:20:00.000000,Grande Prairie Regional Hospital,55,0
2026-10-01 13:20:00.000000,Grey Nuns Community Hospital,218,0
2026-10-01 13:20:00.000000,Innisfail Health Centre,,1
2026-10-01 13:20:00.000000,Lacombe Hospital and Care Centre,,1
2026-10-01 13:20:00.000000,Leduc Community Hospital,105,0
2026-10-01 13:20:00.000000,Medicine Hat Regional Hospital,103,0
2026-10-01 13:20:00.000000,Misericordia Community Hospital,322,0
2026-10-01 13:20:00.000000,Northeast Community Health Centre,224,0
2026-10-01 13:20:00.000000,Northern Lights Regional Health Centre,61,0
2026-10-01 13:20:00.000000,Okotoks Health and Wellness Centre,65,0
2026-10-01 13:20:00.000000,Peter Lougheed Centre,209,0
2026-10-01 13:20:00.000000,Red Deer Regional Hospital,127,0
2026-10-01 13:20:00.000000,Rockyview General Hospital,200,0
2026-10-01 13:20:00.000000,Royal Alexandra Hospital,226,0
2026-10-01 13:20:00.000000,Sheldon M. Chumir Centre,39,0
2026-10-01 13:20:00.000000,South Calgary Health Centre,85,0
2026-10-01 13:20:00.000000,South Health Campus Children[;]South Health Campus,30,
2026-10-01 13:20:00.000000,Stollery Children's Hospital,149,0
2026-10-01 13:20:00.000000,Strathcona Community Hospital,207,0
2026-10-01 13:20:00.000000,Sturgeon Community Hospital,275,0
2026-10-01 13:20:00.000000,University of Alberta Hospital,256,0
2026-10-01 13:20:00.000000,WestView Health Centre,322,0
2026-10-01 13:30:00.000000,Airdrie Community Health Centre,135,0
2026-10-01 13:30:00.000000,Alberta Children's Hospital,294,0
2026-10-01 13:30:00.000000,Chinook Regional Hospital,122,0
2026-10-01 13:30:00.000000,Cochrane Community Health Centre,130,0
2026-10-01 13:30:00.000000,Devon General Hospital,251,0
2026-10-01 13:30:00.000000,Foothills Medical Centre,269,0
2026-10-01 13:30:00.000000,Fort Sask Community Hospital,255,0
2026-10-01 13:30:00.000000,Grande Prairie Regional Hospital,55,0
2026-10-01 13:30:00.000000,Grey Nuns Community Hospital,202,0
2026-10-01 13:30:00.000000,Innisfail Health Centre,,1
2026-10-01 13:30:00.000000,Lacombe Hospital and Care Centre,,1
2026-10-01 13:30:00.000000,Leduc Community Hospital,99,0
2026-10-01 13:30:00.000000,Medicine Hat Regional Hospital,109,0
2026-10-01 13:30:00.000000,Misericordia Community Hospital,354,0
2026-10-01 13:30:00.000000,Northeast Community Health Centre,224,0
2026-10-01 13:30:00.000000,Northern Lights Regional Health Centre,68,0
2026-10-01 13:30:00.000000,Okotoks Health and Wellness Centre,76,0
2026-10-01 13:30:00.000000,Peter Lougheed Centre,228,0
2026-10-01 13:30:00.000000,Red Deer Regional Hospital,127,0
2026-10-01 13:30:00.000000,Rockyview General Hospital,198,0
2026-10-01 13:30:00.000000,Royal Alexandra Hospital,226,0
2026-10-01 13:30:00.000000,Sheldon M. Chumir Centre,62,0
2026-10-01 13:30:00.000000,South Calgary Health Centre,94,0
2026-10-01 13:30:00.000000,South Health Campus Children[;]South Health Campus,30,
2026-10-01 13:30:00.000000,Stollery Children's Hospital,161,0
2026-10-01 13:30:00.000000,Strathcona Community Hospital,236,0
2026-10-01 13:30:00.000000,Sturgeon Community Hospital,300,0
2026-10-01 13:30:00.000000,University of Alberta Hospital,254,0
2026-10-01 13:30:00.000000,WestView Health Centre,322,0
2026-10-01 13:40:00.000000,Airdrie Community Health Centre,139,0
2026-10-01 13:40:00.000000,Alberta Children's Hospital,278,0
2026-10-01 13:40:00.000000,Chinook Regional Hospital,122,0
2026-10-01 13:40:00.000000,Cochrane Community Health Centre,140,0
2026-10-01 13:40:00.000000,Devon General Hospital,220,0
2026-10-01 13:40:00.000000,Foothills Medical Centre,265,0
2026-10-01 13:40:00.000000,Fort Sask Community Hospital,287,0
2026-10-01 13:40:00.000000,Grande Prairie Regional Hospital,69,0
2026-10-01 13:40:00.000000,Grey Nuns Community Hospital,202,0
2026-10-01 13:40:00.000000,Innisfail Health Centre,,1
2026-10-01 13:40:00.000000,Lacombe Hospital and Care Centre,,1
2026-10-01 13:40:00.000000,Leduc Community Hospital,104,0
2026-10-01 13:40:00.000000,Medicine Hat Regional Hospital,115,0
2026-10-01 13:40:00.000000,Misericordia Community Hospital,380,0
2026-10-01 13:40:00.000000,Northeast Community Health Centre,249,0
2026-10-01 13:40:00.000000,Northern Lights Regional Health Centre,68,0
2026-10-01 13:40:00.000000,Okotoks Health and Wellness Centre,54,0
2026-10-01 13:40:00.000000,Peter Lougheed Centre,219,0
2026-10-01 13:40:00.000000,Red Deer Regional Hospital,119,0
2026-10-01 13:40:00.000000,Rockyview General Hospital,202,0
2026-10-01 13:40:00.000000,Royal Alexandra Hospital,232,0
2026-10-01 13:40:00.000000,Sheldon M. Chumir Centre,70,0
2026-10-01 13:40:00.000000,South Calgary Health Centre,91,0
2026-10-01 13:40:00.000000,South Health Campus Children[;]South Health Campus,30,
2026-10-01 13:40:00.000000,Stollery Children's Hospital,184,0
2026-10-01 13:40:00.000000,Strathcona Community Hospital,236,0
2026-10-01 13:40:00.000000,Sturgeon Community Hospital,300,0
2026-10-01 13:40:00.000000,University of Alberta Hospital,257,0
2026-10-01 13:40:00.000000,WestView Health Centre,322,0
2026-10-01 13:50:00.000000,Airdrie Community Health Centre,130,0
2026-10-01 13:50:00.000000,Alberta Children's Hospital,289,0
2026-10-01 13:50:00.000000,Chinook Regional Hospital,114,0
2026-10-01 13:50:00.000000,Cochrane Community Health Centre,140,0
2026-10-01 13:50:00.000000,Devon General Hospital,251,0
2026-10-01 13:50:00.000000,Foothills Medical Centre,284,0
2026-10-01 13:50:00.000000,Fort Sask Community Hospital,255,0
2026-10-01 13:50:00.000000,Grande Prairie Regional Hospital,62,0
2026-10-01 13:50:00.000000,Grey Nuns Community Hospital,210,0
2026-10-01 13:50:00.000000,Innisfail Health Centre,,1
2026-10-01 13:50:00.000000,Lacombe Hospital and Care Centre,,1
2026-10-01 13:50:00.000000,Leduc Community Hospital,109,0
2026-10-01 13:50:00.000000,Medicine Hat Regional Hospital,103,0
2026-10-01 13:50:00.000000,Misericordia Community Hospital,407,0
2026-10-01 13:50:00.000000,Northeast Community Health Centre,249,0
2026-10-01 13:50:00.000000,Northern Lights Regional Health Centre,76,0
2026-10-01 13:50:00.000000,Okotoks Health and Wellness Centre,54,0
2026-10-01 13:50:00.000000,Peter Lougheed Centre,225,0
2026-10-01 13:50:00.000000,Red Deer Regional Hospital,119,0
2026-10-01 13:50:00.000000,Rockyview General Hospital,211,0
2026-10-01 13:50:00.000000,Royal Alexandra Hospital,242,0
2026-10-01 13:50:00.000000,Sheldon M. Chumir Centre,86,0
2026-10-01 13:50:00.000000,South Calgary Health Centre,102,0
2026-10-01 13:50:00.000000,South Health Campus Children[;]South Health Campus,30,
2026-10-01 13:50:00.000000,Stollery Children's Hospital,207,0
2026-10-01 13:50:00.000000,Strathcona Community Hospital,236,0
2026-10-01 13:50:00.000000,Sturgeon Community Hospital,288,0
2026-10-01 13:50:00.000000,University of Alberta Hospital,271,0
2026-10-01 13:50:00.000000,WestView Health Centre,341,0
2026-10-01 14:00:00.000000,Airdrie Community Health Centre,147,0
2026-10-01 14:00:00.000000,Alberta Children's Hospital,280,0
2026-10-01 14:00:00.000000,Chinook Regional Hospital,123,0
2026-10-01 14:00:00.000000,Cochrane Community Health Centre,160,0
2026-10-01 14:00:00.000000,Devon General Hospital,220,0
2026-10-01 14:00:00.000000,Foothills Medical Centre,279,0
2026-10-01 14:00:00.000000,Fort Sask Community Hospital,287,0
2026-10-01 14:00:00.000000,Grande Prairie Regional Hospital,82,0
2026-10-01 14:00:00.000000,Grey Nuns Community Hospital,210,0
2026-10-01 14:00:00.000000,Innisfail Health Centre,,1
2026-10-01 14:00:00.000000,Lacombe Hospital and Care Centre,,1
2026-10-01 14:00:00.000000,Leduc Community Hospital,114,0
2026-10-01 14:00:00.000000,Medicine Hat Regional Hospital,121,0
2026-10-01 14:00:00.000000,Misericordia Community Hospital,452,0
2026-10-01 14:00:00.000000,Northeast Community Health Centre,274,0
2026-10-01 14:00:00.000000,Northern Lights Regional Health Centre,84,0
2026-10-01 14:00:00.000000,Okotoks Health and Wellness Centre,65,0
2026-10-01 14:00:00.000000,Peter Lougheed Centre,229,0
2026-10-01 14:00:00.000000,Red Deer Regional Hospital,119,0
2026-10-01 14:00:00.000000,Rockyview General Hospital,204,0
2026-10-01 14:00:00.000000,Royal Alexandra Hospital,216,0
2026-10-01 14:00:00.000000,Sheldon M. Chumir Centre,86,0
2026-10-01 14:00:00.000000,South Calgary Health Centre,114,0
2026-10-01 14:00:00.000000,South Health Campus Children[;]South Health Campus,30,
2026-10-01 14:00:00.000000,Stollery Children's Hospital,184,0
2026-10-01 14:00:00.000000,Strathcona Community Hospital,222,0
2026-10-01 14:00:00.000000,Sturgeon Community Hospital,286,0
2026-10-01 14:00:00.000000,University of Alberta Hospital,279,0
2026-10-01 14:00:00.000000,WestView Health Centre,359,0
2026-10-01 14:10:00.000000,Airdrie Community Health Centre,152,0
2026-10-01 14:10:00.000000,Alberta Children's Hospital,263,0
2026-10-01 14:10:00.000000,Chinook Regional Hospital,132,0
2026-10-01 14:10:00.000000,Cochrane Community Health Centre,160,0
2026-10-01 14:10:00.000000,Devon General Hospital,220,0
2026-10-01 14:10:00.000000,Foothills Medical Centre,266,0
2026-10-01 14:10:00.000000,Fort Sask Community Hospital,287,0
2026-10-01 14:10:00.000000,Grande Prairie Regional Hospital,89,0
2026-10-01 14:10:00.000000,Grey Nuns Community Hospital,210,0
2026-10-01 14:10:00.000000,Innisfail Health Centre,,1
2026-10-01 14:10:00.000000,Lacombe Hospital and Care Centre,,1
2026-10-01 14:10:00.000000,Leduc Community Hospital,93,0
2026-10-01 14:10:00.000000,Medicine Hat Regional Hospital,135,0
2026-10-01 14:10:00.000000,Misericordia Community Hospital,476,0
2026-10-01 14:10:00.000000,Northeast Community Health Centre,249,0
2026-10-01 14:10:00.000000,Northern Lights Regional Health Centre,84,0
2026-10-01 14:10:00.000000,Okotoks Health and Wellness Centre,65,0
2026-10-01 14:10:00.000000,Peter Lougheed Centre,238,0
2026-10-01 14:10:00.000000,Red Deer Regional Hospital,136,0
2026-10-01 14:10:00.000000,Rockyview General Hospital,202,0
2026-10-01 14:10:00.000000,Royal Alexandra Hospital,221,0
2026-10-01 14:10:00.000000,Sheldon M. Chumir Centre,110,0
2026-10-01 14:10:00.000000,South Calgary Health Centre,132,0
2026-10-01 14:10:00.000000,South Health Campus Children[;]South Health Campus,30,
2026-10-01 14:10:00.000000,Stollery Children's Hospital,161,0
2026-10-01 14:10:00.000000,Strathcona Community Hospital,207,0
2026-10-01 14:10:00.000000,Sturgeon Community Hospital,293,0
2026-10-01 14:10:00.000000,University of Alberta Hospital,287,0
2026-10-01 14:10:00.000000,WestView Health Centre,341,0
2026-10-01 14:20:00.000000,Airdrie Community Health Centre,185,0
2026-10-01 14:20:00.000000,Alberta Children's Hospital,258,0
2026-10-01 14:20:00.000000,Chinook Regional Hospital,125,0
2026-10-01 14:20:00.000000,Cochrane Community Health Centre,150,0
2026-10-01 14:20:00.000000,Devon General Hospital,220,0
2026-10-01 14:20:00.000000,Foothills Medical Centre,253,0
2026-10-01 14:20:00.000000,Fort Sask Community Hospital,255,0
2026-10-01 14:20:00.000000,Grande Prairie Regional Hospital,103,0
2026-10-01 14:20:00.000000,Grey Nuns Community Hospital,210,0
2026-10-01 14:20:00.000000,Innisfail Health Centre,,1
2026-10-01 14:20:00.000000,Lacombe Hospital and Care Centre,,1
2026-10-01 14:20:00.000000,Leduc Community Hospital,102,0
2026-10-01 14:20:00.000000,Medicine Hat Regional Hospital,135,0
2026-10-01 14:20:00.000000,Misericordia Community Hospital,513,0
2026-10-01 14:20:00.000000,Northeast Community Health Centre,261,0
2026-10-01 14:20:00.000000,Northern Lights Regional Health Centre,76,0
2026-10-01 14:20:00.000000,Okotoks Health and Wellness Centre,54,0
2026-10-01 14:20:00.000000,Peter Lougheed Centre,235,0
2026-10-01 14:20:00.000000,Red Deer Regional Hospital,119,0
2026-10-01 14:20:00.000000,Rockyview General Hospital,201,0
2026-10-01 14:20:00.000000,Royal Alexandra Hospital,240,0
2026-10-01 14:20:00.000000,Sheldon M. Chumir Centre,117,0
2026-10-01 14:20:00.000000,South Calgary Health Centre,140,0
2026-10-01 14:20:00.000000,South Health Campus Children[;]South Health Campus,30,
2026-10-01 14:20:00.000000,Stollery Children's Hospital,149,0
2026-10-01 14:20:00.000000,Strathcona Community Hospital,207,0
2026-10-01 14:20:00.000000,Sturgeon Community Hospital,293,0
2026-10-01 14:20:00.000000,University of Alberta Hospital,276,0
2026-10-01 14:20:00.000000,WestView Health Centre,322,0
2026-10-01 14:30:00.000000,Airdrie Community Health Centre,181,0
2026-10-01 14:30:00.000000,Alberta Children's Hospital,245,0
2026-10-01 14:30:00.000000,Chinook Regional Hospital,132,0
2026-10-01 14:30:00.000000,Cochrane Community Health Centre,140,0
2026-10-01 14:30:00.000000,Devon General Hospital,157,0
2026-10-01 14:30:00.000000,Foothills Medical Centre,240,0
2026-10-01 14:30:00.000000,Fort Sask Community Hospital,287,0
2026-10-01 14:30:00.000000,Grande Prairie Regional Hospital,110,0
2026-10-01 14:30:00.000000,Grey Nuns Community Hospital,202,0
2026-10-01 14:30:00.000000,Innisfail Health Centre,,1
2026-10-01 14:30:00.000000,Lacombe Hospital and Care Centre,,1
2026-10-01 14:30:00.000000,Leduc Community Hospital,102,0
2026-10-01 14:30:00.000000,Medicine Hat Regional Hospital,121,0
2026-10-01 14:30:00.000000,Misericordia Community Hospital,508,0
2026-10-01 14:30:00.000000,Northeast Community Health Centre,249,0
2026-10-01 14:30:00.000000,Northern Lights Regional Health Centre,84,0
2026-10-01 14:30:00.000000,Okotoks Health and Wellness Centre,54,0
2026-10-01 14:30:00.000000,Peter Lougheed Centre,236,0
2026-10-01 14:30:00.000000,Red Deer Regional Hospital,110,0
2026-10-01 14:30:00.000000,Rockyview General Hospital,204,0
2026-10-01 14:30:00.000000,Royal Alexandra Hospital,243,0
2026-10-01 14:30:00.000000,Sheldon M. Chumir Centre,110,0
2026-10-01 14:30:00.000000,South Calgary Health Centre,148,0
2026-10-01 14:30:00.000000,South Health Campus Children[;]South Health Campus,30,
2026-10-01 14:30:00.000000,Stollery Children's Hospital,161,0
2026-10-01 14:30:00.000000,Strathcona Community Hospital,222,0
2026-10-01 14:30:00.000000,Sturgeon Community Hospital,311,0
2026-10-01 14:30:00.000000,University of Alberta Hospital,286,0
2026-10-01 14:30:00.000000,WestView Health Centre,322,0
2026-10-01 14:40:00.000000,Airdrie Community Health Centre,188,0
2026-10-01 14:40:00.000000,Alberta Children's Hospital,247,0
2026-10-01 14:40:00.000000,Chinook Regional Hospital,125,0
2026-10-01 14:40:00.000000,Cochrane Community Health Centre,150,0
2026-10-01 14:40:00.000000,Devon General Hospital,189,0
2026-10-01 14:40:00.000000,Foothills Medical Centre,243,0
2026-10-01 14:40:00.000000,Fort Sask Community Hospital,287,0
2026-10-01 14:40:00.000000,Grande Prairie Regional Hospital,103,0
2026-10-01 14:40:00.000000,Grey Nuns Community Hospital,194,0
2026-10-01 14:40:00.000000,Innisfail Health Centre,,1
2026-10-01 14:40:00.000000,Lacombe Hospital and Care Centre,,1
2026-10-01 14:40:00.000000,Leduc Community Hospital,120,0
2026-10-01 14:40:00.000000,Medicine Hat Regional Hospital,121,0
2026-10-01 14:40:00.000000,Misericordia Community Hospital,502,0
2026-10-01 14:40:00.000000,Northeast Community Health Centre,249,0
2026-10-01 14:40:00.000000,Northern Lights Regional Health Centre,68,0
2026-10-01 14:40:00.000000,Okotoks Health and Wellness Centre,43,0
2026-10-01 14:40:00.000000,Peter Lougheed Centre,229,0
2026-10-01 14:40:00.000000,Red Deer Regional Hospital,102,0
2026-10-01 14:40:00.000000,Rockyview General Hospital,202,0
2026-10-01 14:40:00.000000,Royal Alexandra Hospital,257,0
2026-10-01 14:40:00.000000,Sheldon M. Chumir Centre,117,0
2026-10-01 14:40:00.000000,South Calgary Health Centre,156,0
2026-10-01 14:40:00.000000,South Health Campus Children[;]South Health Campus,30,
2026-10-01 14:40:00.000000,Stollery Children's Hospital,149,0
2026-10-01 14:40:00.000000,Strathcona Community Hospital,236,0
2026-10-01 14:40:00.000000,Sturgeon Community Hospital,324,0
2026-10-01 14:40:00.000000,University of Alberta Hospital,286,0
2026-10-01 14:40:00.000000,WestView Health Centre,337,0
2026-10-01 14:50:00.000000,Airdrie Community Health Centre,192,0
2026-10-01 14:50:00.000000,Alberta Children's Hospital,235,0
2026-10-01 14:50:00.000000,Chinook Regional Hospital,125,0
2026-10-01 14:50:00.000000,Cochrane Community Health Centre,150,0
2026-10-01 14:50:00.000000,Devon General Hospital,220,0
2026-10-01 14:50:00.000000,Foothills Medical Centre,200,0
2026-10-01 14:50:00.000000,Fort Sask Community Hospital,255,0
2026-10-01 14:50:00.000000,Grande Prairie Regional Hospital,110,0
2026-10-01 14:50:00.000000,Grey Nuns Community Hospital,194,0
2026-10-01 14:50:00.000000,Innisfail Health Centre,,1
2026-10-01 14:50:00.000000,Lacombe Hospital and Care Centre,,1
2026-10-01 14:50:00.000000,Leduc Community Hospital,132,0
2026-10-01 14:50:00.000000,Medicine Hat Regional Hospital,121,0
2026-10-01 14:50:00.000000,Misericordia Community Hospital,485,0
2026-10-01 14:50:00.000000,Northeast Community Health Centre,261,0
2026-10-01 14:50:00.000000,Northern Lights Regional Health Centre,53,0
2026-10-01 14:50:00.000000,Okotoks Health and Wellness Centre,54,0
2026-10-01 14:50:00.000000,Peter Lougheed Centre,238,0
2026-10-01 14:50:00.000000,Red Deer Regional Hospital,110,0
2026-10-01 14:50:00.000000,Rockyview General Hospital,220,0
2026-10-01 14:50:00.000000,Royal Alexandra Hospital,255,0
2026-10-01 14:50:00.000000,Sheldon M. Chumir Centre,117,0
2026-10-01 14:50:00.000000,South Calgary Health Centre,168,0
2026-10-01 14:50:00.000000,South Health Campus Children[;]South Health Campus,30,
2026-10-01 14:50:00.000000,Stollery Children's Hospital,173,0
2026-10-01 14:50:00.000000,Strathcona Community Hospital,266,0
2026-10-01 14:50:00.000000,Sturgeon Community Hospital,316,0
2026-10-01 14:50:00.000000,University of Alberta Hospital,286,0
2026-10-01 14:50:00.000000,WestView Health Centre,347,0
2026-10-01 15:00:00.000000,Airdrie Community Health Centre,185,0
2026-10-01 15:00:00.000000,Alberta Children's Hospital,229,0
2026-10-01 15:00:00.000000,Chinook Regional Hospital,128,0
2026-10-01 15:00:00.000000,Cochrane Community Health Centre,140,0
2026-10-01 15:00:00.000000,Devon General Hospital,220,0
2026-10-01 15:00:00.000000,Foothills Medical Centre,201,0
2026-10-01 15:00:00.000000,Fort Sask Community Hospital,255,0
2026-10-01 15:00:00.000000,Grande Prairie Regional Hospital,110,0
2026-10-01 15:00:00.000000,Grey Nuns Community Hospital,210,0
2026-10-01 15:00:00.000000,Innisfail Health Centre,,1
2026-10-01 15:00:00.000000,Lacombe Hospital and Care Centre,,1
2026-10-01 15:00:00.000000,Leduc Community Hospital,199,0
2026-10-01 15:00:00.000000,Medicine Hat Regional Hospital,121,0
2026-10-01 15:00:00.000000,Misericordia Community Hospital,478,0
2026-10-01 15:00:00.000000,Northeast Community Health Centre,261,0
2026-10-01 15:00:00.000000,Northern Lights Regional Health Centre,68,0
2026-10-01 15:00:00.000000,Okotoks Health and Wellness Centre,76,0
2026-10-01 15:00:00.000000,Peter Lougheed Centre,241,0
2026-10-01 15:00:00.000000,Red Deer Regional Hospital,110,0
2026-10-01 15:00:00.000000,Rockyview General Hospital,232,0
2026-10-01 15:00:00.000000,Royal Alexandra Hospital,253,0
2026-10-01 15:00:00.000000,Sheldon M. Chumir Centre,110,0
2026-10-01 15:00:00.000000,South Calgary Health Centre,171,0
2026-10-01 15:00:00.000000,South Health Campus Children[;]South Health Campus,30,
2026-10-01 15:00:00.000000,Stollery Children's Hospital,196,0
2026-10-01 15:00:00.000000,Strathcona Community Hospital,296,0
2026-10-01 15:00:00.000000,Sturgeon Community Hospital,310,0
2026-10-01 15:00:00.000000,University of Alberta Hospital,305,0
2026-10-01 15:00:00.000000,WestView Health Centre,337,0
2026-10-01 15:10:00.000000,Airdrie Community Health Centre,174,0
2026-10-01 15:10:00.000000,Alberta Children's Hospital,230,0
2026-10-01 15:10:00.000000,Chinook Regional Hospital,118,0
2026-10-01 15:10:00.000000,Cochrane Community Health Centre,130,0
2026-10-01 15:10:00.000000,Devon General Hospital,220,0
2026-10-01 15:10:00.000000,Foothills Medical Centre,212,0
2026-10-01 15:10:00.000000,Fort Sask Community Hospital,255,0
2026-10-01 15:10:00.000000,Grande Prairie Regional Hospital,117,0
2026-10-01 15:10:00.000000,Grey Nuns Community Hospital,218,0
2026-10-01 15:10:00.000000,Innisfail Health Centre,,1
2026-10-01 15:10:00.000000,Lacombe Hospital and Care Centre,,1
2026-10-01 15:10:00.000000,Leduc Community Hospital,208,0
2026-10-01 15:10:00.000000,Medicine Hat Regional Hospital,123,0
2026-10-01 15:10:00.000000,Misericordia Community Hospital,484,0
2026-10-01 15:10:00.000000,Northeast Community Health Centre,261,0
2026-10-01 15:10:00.000000,Northern Lights Regional Health Centre,68,0
2026-10-01 15:10:00.000000,Okotoks Health and Wellness Centre,87,0
2026-10-01 15:10:00.000000,Peter Lougheed Centre,240,0
2026-10-01 15:10:00.000000,Red Deer Regional Hospital,110,0
2026-10-01 15:10:00.000000,Rockyview General Hospital,256,0
2026-10-01 15:10:00.000000,Royal Alexandra Hospital,252,0
2026-10-01 15:10:00.000000,Sheldon M. Chumir Centre,125,0
2026-10-01 15:10:00.000000,South Calgary Health Centre,168,0
2026-10-01 15:10:00.000000,South Health Campus Children[;]South Health Campus,30,
2026-10-01 15:10:00.000000,Stollery Children's Hospital,196,0
2026-10-01 15:10:00.000000,Strathcona Community Hospital,296,0
2026-10-01 15:10:00.000000,Sturgeon Community Hospital,312,0
2026-10-01 15:10:00.000000,University of Alberta Hospital,292,0
2026-10-01 15:10:00.000000,WestView Health Centre,347,0
2026-10-01 15:20:00.000000,Airdrie Community Health Centre,187,0
2026-10-01 15:20:00.000000,Alberta Children's Hospital,191,0
2026-10-01 15:20:00.000000,Chinook Regional Hospital,104,0
2026-10-01 15:20:00.000000,Cochrane Community Health Centre,150,0
2026-10-01 15:20:00.000000,Devon General Hospital,251,0
2026-10-01 15:20:00.000000,Foothills Medical Centre,207,0
2026-10-01 15:20:00.000000,Fort Sask Community Hospital,255,0
2026-10-01 15:20:00.000000,Grande Prairie Regional Hospital,103,0
2026-10-01 15:20:00.000000,Grey Nuns Community Hospital,233,0
2026-10-01 15:20:00.000000,Innisfail Health Centre,,1
2026-10-01 15:20:00.000000,Lacombe Hospital and Care Centre,,1
2026-10-01 15:20:00.000000,Leduc Community Hospital,238,0
2026-10-01 15:20:00.000000,Medicine Hat Regional Hospital,128,0
2026-10-01 15:20:00.000000,Misericordia Community Hospital,477,0
2026-10-01 15:20:00.000000,Northeast Community Health Centre,249,0
2026-10-01 15:20:00.000000,Northern Lights Regional Health Centre,76,0
2026-10-01 15:20:00.000000,Okotoks Health and Wellness Centre,87,0
2026-10-01 15:20:00.000000,Peter Lougheed Centre,229,0
2026-10-01 15:20:00.000000,Red Deer Regional Hospital,127,0
2026-10-01 15:20:00.000000,Rockyview General Hospital,265,0
2026-10-01 15:20:00.000000,Royal Alexandra Hospital,245,0
2026-10-01 15:20:00.000000,Sheldon M. Chumir Centre,102,0
2026-10-01 15:20:00.000000,South Calgary Health Centre,153,0
2026-10-01 15:20:00.000000,South Health Campus Children[;]South Health Campus,30,
2026-10-01 15:20:00.000000,Stollery Children's Hospital,173,0
2026-10-01 15:20:00.000000,Strathcona Community Hospital,296,0
2026-10-01 15:20:00.000000,Sturgeon Community Hospital,312,0
2026-10-01 15:20:00.000000,University of Alberta Hospital,298,0
2026-10-01 15:20:00.000000,WestView Health Centre,355,0
2026-10-01 15:30:00.000000,Airdrie Community Health Centre,187,0
2026-10-01 15:30:00.000000,Alberta Children's Hospital,187,0
2026-10-01 15:30:00.000000,Chinook Regional Hospital,100,0
2026-10-01 15:30:00.000000,Cochrane Community Health Centre,140,0
2026-10-01 15:30:00.000000,Devon General Hospital,251,0
2026-10-01 15:30:00.000000,Foothills Medical Centre,176,0
2026-10-01 15:30:00.000000,Fort Sask Community Hospital,255,0
2026-10-01 15:30:00.000000,Grande Prairie Regional Hospital,96,0
2026-10-01 15:30:00.000000,Grey Nuns Community Hospital,226,0
2026-10-01 15:30:00.000000,Innisfail Health Centre,,1
2026-10-01 15:30:00.000000,Lacombe Hospital and Care Centre,,1
2026-10-01 15:30:00.000000,Leduc Community Hospital,227,0
2026-10-01 15:30:00.000000,Medicine Hat Regional Hospital,119,0
2026-10-01 15:30:00.000000,Misericordia Community Hospital,484,0
2026-10-01 15:30:00.000000,Northeast Community Health Centre,249,0
2026-10-01 15:30:00.000000,Northern Lights Regional Health Centre,76,0
2026-10-01 15:30:00.000000,Okotoks Health and Wellness Centre,98,0
2026-10-01 15:30:00.000000,Peter Lougheed Centre,229,0
2026-10-01 15:30:00.000000,Red Deer Regional Hospital,136,0
2026-10-01 15:30:00.000000,Rockyview General Hospital,266,0
2026-10-01 15:30:00.000000,Royal Alexandra Hospital,264,0
2026-10-01 15:30:00.000000,Sheldon M. Chumir Centre,102,0
2026-10-01 15:30:00.000000,South Calgary Health Centre,156,0
2026-10-01 15:30:00.000000,South Health Campus Children[;]South Health Campus,52,
2026-10-01 15:30:00.000000,Stollery Children's Hospital,196,0
2026-10-01 15:30:00.000000,Strathcona Community Hospital,296,0
2026-10-01 15:30:00.000000,Sturgeon Community Hospital,312,0
2026-10-01 15:30:00.000000,University of Alberta Hospital,292,0
2026-10-01 15:30:00.000000,WestView Health Centre,328,0
2026-10-01 15:40:00.000000,Airdrie Community Health Centre,187,0
2026-10-01 15:40:00.000000,Alberta Children's Hospital,188,0
2026-10-01 15:40:00.000000,Chinook Regional Hospital,100,0
2026-10-01 15:40:00.000000,Cochrane Community Health Centre,130,0
2026-10-01 15:40:00.000000,Devon General Hospital,251,0
2026-10-01 15:40:00.000000,Foothills Medical Centre,179,0
2026-10-01 15:40:00.000000,Fort Sask Community Hospital,255,0
2026-10-01 15:40:00.000000,Grande Prairie Regional Hospital,89,0
2026-10-01 15:40:00.000000,Grey Nuns Community Hospital,226,0
2026-10-01 15:40:00.000000,Innisfail Health Centre,,1
2026-10-01 15:40:00.000000,Lacombe Hospital and Care Centre,,1
2026-10-01 15:40:00.000000,Leduc Community Hospital,236,0
2026-10-01 15:40:00.000000,Medicine Hat Regional Hospital,136,0
2026-10-01 15:40:00.000000,Misericordia Community Hospital,481,0
2026-10-01 15:40:00.000000,Northeast Community Health Centre,236,0
2026-10-01 15:40:00.000000,Northern Lights Regional Health Centre,91,0
2026-10-01 15:40:00.000000,Okotoks Health and Wellness Centre,109,0
2026-10-01 15:40:00.000000,Peter Lougheed Centre,246,0
2026-10-01 15:40:00.000000,Red Deer Regional Hospital,127,0
2026-10-01 15:40:00.000000,Rockyview General Hospital,274,0
2026-10-01 15:40:00.000000,Royal Alexandra Hospital,251,0
2026-10-01 15:40:00.000000,Sheldon M. Chumir Centre,110,0
2026-10-01 15:40:00.000000,South Calgary Health Centre,159,0
2026-10-01 15:40:00.000000,South Health Campus Children[;]South Health Campus,52,
2026-10-01 15:40:00.000000,Stollery Children's Hospital,196,0
2026-10-01 15:40:00.000000,Strathcona Community Hospital,310,0
2026-10-01 15:40:00.000000,Sturgeon Community Hospital,330,0
2026-10-01 15:40:00.000000,University of Alberta Hospital,298,0
2026-10-01 15:40:00.000000,WestView Health Centre,301,0
2026-10-01 15:50:00.000000,Airdrie Community Health Centre,212,0
2026-10-01 15:50:00.000000,Alberta Children's Hospital,182,0
2026-10-01 15:50:00.000000,Chinook Regional Hospital,81,0
2026-10-01 15:50:00.000000,Cochrane Community Health Centre,120,0
2026-10-01 15:50:00.000000,Devon General Hospital,220,0
2026-10-01 15:50:00.000000,Foothills Medical Centre,181,0
2026-10-01 15:50:00.000000,Fort Sask Community Hospital,255,0
2026-10-01 15:50:00.000000,Grande Prairie Regional Hospital,89,0
2026-10-01 15:50:00.000000,Grey Nuns Community Hospital,241,0
2026-10-01 15:50:00.000000,Innisfail Health Centre,,1
2026-10-01 15:50:00.000000,Lacombe Hospital and Care Centre,,1
2026-10-01 15:50:00.000000,Leduc Community Hospital,247,0
2026-10-01 15:50:00.000000,Medicine Hat Regional Hospital,155,0
2026-10-01 15:50:00.000000,Misericordia Community Hospital,473,0
2026-10-01 15:50:00.000000,Northeast Community Health Centre,224,0
2026-10-01 15:50:00.000000,Northern Lights Regional Health Centre,84,0
2026-10-01 15:50:00.000000,Okotoks Health and Wellness Centre,109,0
2026-10-01 15:50:00.000000,Peter Lougheed Centre,246,0
2026-10-01 15:50:00.000000,Red Deer Regional Hospital,136,0
2026-10-01 15:50:00.000000,Rockyview General Hospital,282,0
2026-10-01 15:50:00.000000,Royal Alexandra Hospital,245,0
2026-10-01 15:50:00.000000,Sheldon M. Chumir Centre,113,0
2026-10-01 15:50:00.000000,South Calgary Health Centre,144,0
2026-10-01 15:50:00.000000,South Health Campus Children[;]South Health Campus,52,
2026-10-01 15:50:00.000000,Stollery Children's Hospital,207,0
2026-10-01 15:50:00.000000,Strathcona Community Hospital,310,0
2026-10-01 15:50:00.000000,Sturgeon Community Hospital,307,0
2026-10-01 15:50:00.000000,University of Alberta Hospital,305,0
2026-10-01 15:50:00.000000,WestView Health Centre,290,0
2026-10-01 16:00:00.000000,Airdrie Community Health Centre,212,0
2026-10-01 16:00:00.000000,Alberta Children's Hospital,181,0
2026-10-01 16:00:00.000000,Chinook Regional Hospital,83,0
2026-10-01 16:00:00.000000,Cochrane Community Health Centre,120,0
2026-10-01 16:00:00.000000,Devon General Hospital,157,0
2026-10-01 16:00:00.000000,Foothills Medical Centre,176,0
2026-10-01 16:00:00.000000,Fort Sask Community Hospital,255,0
2026-10-01 16:00:00.000000,Grande Prairie Regional Hospital,82,0
2026-10-01 16:00:00.000000,Grey Nuns Community Hospital,241,0
2026-10-01 16:00:00.000000,Innisfail Health Centre,,1
2026-10-01 16:00:00.000000,Lacombe Hospital and Care Centre,,1
2026-10-01 16:00:00.000000,Leduc Community Hospital,255,0
2026-10-01 16:00:00.000000,Medicine Hat Regional Hospital,146,0
2026-10-01 16:00:00.000000,Misericordia Community Hospital,481,0
2026-10-01 16:00:00.000000,Northeast Community Health Centre,211,0
2026-10-01 16:00:00.000000,Northern Lights Regional Health Centre,53,0
2026-10-01 16:00:00.000000,Okotoks Health and Wellness Centre,109,0
2026-10-01 16:00:00.000000,Peter Lougheed Centre,257,0
2026-10-01 16:00:00.000000,Red Deer Regional Hospital,144,0
2026-10-01 16:00:00.000000,Rockyview General Hospital,284,0
2026-10-01 16:00:00.000000,Royal Alexandra Hospital,225,0
2026-10-01 16:00:00.000000,Sheldon M. Chumir Centre,117,0
2026-10-01 16:00:00.000000,South Calgary Health Centre,130,0
2026-10-01 16:00:00.000000,South Health Campus Children[;]South Health Campus,52,
2026-10-01 16:00:00.000000,Stollery Children's Hospital,218,0
2026-10-01 16:00:00.000000,Strathcona Community Hospital,296,0
2026-10-01 16:00:00.000000,Sturgeon Community Hospital,304,0
2026-10-01 16:00:00.000000,University of Alberta Hospital,315,0
2026-10-01 16:00:00.000000,WestView Health Centre,300,0
2026-10-01 16:10:00.000000,Airdrie Community Health Centre,187,0
2026-10-01 16:10:00.000000,Alberta Children's Hospital,180,0
2026-10-01 16:10:00.000000,Chinook Regional Hospital,78,0
2026-10-01 16:10:00.000000,Cochrane Community Health Centre,100,0
2026-10-01 16:10:00.000000,Devon General Hospital,189,0
2026-10-01 16:10:00.000000,Foothills Medical Centre,159,0
2026-10-01 16:10:00.000000,Fort Sask Community Hospital,223,0
2026-10-01 16:10:00.000000,Grande Prairie Regional Hospital,82,0
2026-10-01 16:10:00.000000,Grey Nuns Community Hospital,257,0
2026-10-01 16:10:00.000000,Innisfail Health Centre,,1
2026-10-01 16:10:00.000000,Lacombe Hospital and Care Centre,,1
2026-10-01 16:10:00.000000,Leduc Community Hospital,303,0
2026-10-01 16:10:00.000000,Medicine Hat Regional Hospital,135,0
2026-10-01 16:10:00.000000,Misericordia Community Hospital,491,0
2026-10-01 16:10:00.000000,Northeast Community Health Centre,236,0
2026-10-01 16:10:00.000000,Northern Lights Regional Health Centre,68,0
2026-10-01 16:10:00.000000,Okotoks Health and Wellness Centre,120,0
2026-10-01 16:10:00.000000,Peter Lougheed Centre,246,0
2026-10-01 16:10:00.000000,Red Deer Regional Hospital,178,0
2026-10-01 16:10:00.000000,Rockyview General Hospital,299,0
2026-10-01 16:10:00.000000,Royal Alexandra Hospital,220,0
2026-10-01 16:10:00.000000,Sheldon M. Chumir Centre,133,0
2026-10-01 16:10:00.000000,South Calgary Health Centre,121,0
2026-10-01 16:10:00.000000,South Health Campus Children[;]South Health Campus,50,
2026-10-01 16:10:00.000000,Stollery Children's Hospital,222,0
2026-10-01 16:10:00.000000,Strathcona Community Hospital,310,0
2026-10-01 16:10:00.000000,Sturgeon Community Hospital,309,0
2026-10-01 16:10:00.000000,University of Alberta Hospital,316,0
2026-10-01 16:10:00.000000,WestView Health Centre,259,0
2026-10-01 16:20:00.000000,Airdrie Community Health Centre,199,0
2026-10-01 16:20:00.000000,Alberta Children's Hospital,154,0
2026-10-01 16:20:00.000000,Chinook Regional Hospital,83,0
2026-10-01 16:20:00.000000,Cochrane Community Health Centre,110,0
2026-10-01 16:20:00.000000,Devon General Hospital,189,0
2026-10-01 16:20:00.000000,Foothills Medical Centre,171,0
2026-10-01 16:20:00.000000,Fort Sask Community Hospital,255,0
2026-10-01 16:20:00.000000,Grande Prairie Regional Hospital,89,0
2026-10-01 16:20:00.000000,Grey Nuns Community Hospital,257,0
2026-10-01 16:20:00.000000,Innisfail Health Centre,,1
2026-10-01 16:20:00.000000,Lacombe Hospital and Care Centre,,1
2026-10-01 16:20:00.000000,Leduc Community Hospital,348,0
2026-10-01 16:20:00.000000,Medicine Hat Regional Hospital,148,0
2026-10-01 16:20:00.000000,Misericordia Community Hospital,517,0
2026-10-01 16:20:00.000000,Northeast Community Health Centre,249,0
2026-10-01 16:20:00.000000,Northern Lights Regional Health Centre,76,0
2026-10-01 16:20:00.000000,Okotoks Health and Wellness Centre,120,0
2026-10-01 16:20:00.000000,Peter Lougheed Centre,252,0
2026-10-01 16:20:00.000000,Red Deer Regional Hospital,195,0
2026-10-01 16:20:00.000000,Rockyview General Hospital,294,0
2026-10-01 16:20:00.000000,Royal Alexandra Hospital,216,0
2026-10-01 16:20:00.000000,Sheldon M. Chumir Centre,148,0
2026-10-01 16:20:00.000000,South Calgary Health Centre,124,0
2026-10-01 16:20:00.000000,South Health Campus Children[;]South Health Campus,46,
2026-10-01 16:20:00.000000,Stollery Children's Hospital,227,0
2026-10-01 16:20:00.000000,Strathcona Community Hospital,310,0
2026-10-01 16:20:00.000000,Sturgeon Community Hospital,306,0
2026-10-01 16:20:00.000000,University of Alberta Hospital,324,0
2026-10-01 16:20:00.000000,WestView Health Centre,240,0
2026-10-01 16:30:00.000000,Airdrie Community Health Centre,199,0
2026-10-01 16:30:00.000000,Alberta Children's Hospital,144,0
2026-10-01 16:30:00.000000,Chinook Regional Hospital,83,0
2026-10-01 16:30:00.000000,Cochrane Community Health Centre,110,0
2026-10-01 16:30:00.000000,Devon General Hospital,220,0
2026-10-01 16:30:00.000000,Foothills Medical Centre,199,0
2026-10-01 16:30:00.000000,Fort Sask Community Hospital,287,0
2026-10-01 16:30:00.000000,Grande Prairie Regional Hospital,82,0
2026-10-01 16:30:00.000000,Grey Nuns Community Hospital,257,0
2026-10-01 16:30:00.000000,Innisfail Health Centre,,1
2026-10-01 16:30:00.000000,Lacombe Hospital and Care Centre,,1
2026-10-01 16:30:00.000000,Leduc Community Hospital,357,0
2026-10-01 16:30:00.000000,Medicine Hat Regional Hospital,148,0
2026-10-01 16:30:00.000000,Misericordia Community Hospital,544,0
2026-10-01 16:30:00.000000,Northeast Community Health Centre,224,0
2026-10-01 16:30:00.000000,Northern Lights Regional Health Centre,91,0
2026-10-01 16:30:00.000000,Okotoks Health and Wellness Centre,98,0
2026-10-01 16:30:00.000000,Peter Lougheed Centre,229,0
2026-10-01 16:30:00.000000,Red Deer Regional Hospital,195,0
2026-10-01 16:30:00.000000,Rockyview General Hospital,290,0
2026-10-01 16:30:00.000000,Royal Alexandra Hospital,218,0
2026-10-01 16:30:00.000000,Sheldon M. Chumir Centre,172,0
2026-10-01 16:30:00.000000,South Calgary Health Centre,115,0
2026-10-01 16:30:00.000000,South Health Campus Children[;]South Health Campus,42,
2026-10-01 16:30:00.000000,Stollery Children's Hospital,240,0
2026-10-01 16:30:00.000000,Strathcona Community Hospital,340,0
2026-10-01 16:30:00.000000,Sturgeon Community Hospital,302,0
2026-10-01 16:30:00.000000,University of Alberta Hospital,343,0
2026-10-01 16:30:00.000000,WestView Health Centre,222,0
2026-10-01 16:40:00.000000,Airdrie Community Health Centre,185,0
2026-10-01 16:40:00.000000,Alberta Children's Hospital,145,0
2026-10-01 16:40:00.000000,Chinook Regional Hospital,83,0
2026-10-01 16:40:00.000000,Cochrane Community Health Centre,110,0
2026-10-01 16:40:00.000000,Devon General Hospital,251,0
2026-10-01 16:40:00.000000,Foothills Medical Centre,222,0
2026-10-01 16:40:00.000000,Fort Sask Community Hospital,319,0
2026-10-01 16:40:00.000000,Grande Prairie Regional Hospital,75,0
2026-10-01 16:40:00.000000,Grey Nuns Community Hospital,265,0
2026-10-01 16:40:00.000000,Innisfail Health Centre,,1
2026-10-01 16:40:00.000000,Lacombe Hospital and Care Centre,,1
2026-10-01 16:40:00.000000,Leduc Community Hospital,331,0
2026-10-01 16:40:00.000000,Medicine Hat Regional Hospital,148,0
2026-10-01 16:40:00.000000,Misericordia Community Hospital,531,0
2026-10-01 16:40:00.000000,Northeast Community Health Centre,224,0
2026-10-01 16:40:00.000000,Northern Lights Regional Health Centre,99,0
2026-10-01 16:40:00.000000,Okotoks Health and Wellness Centre,98,0
2026-10-01 16:40:00.000000,Peter Lougheed Centre,246,0
2026-10-01 16:40:00.000000,Red Deer Regional Hospital,212,0
2026-10-01 16:40:00.000000,Rockyview General Hospital,291,0
2026-10-01 16:40:00.000000,Royal Alexandra Hospital,214,0
2026-10-01 16:40:00.000000,Sheldon M. Chumir Centre,188,0
2026-10-01 16:40:00.000000,South Calgary Health Centre,112,0
2026-10-01 16:40:00.000000,South Health Campus Children[;]South Health Campus,30,
2026-10-01 16:40:00.000000,Stollery Children's Hospital,243,0
2026-10-01 16:40:00.000000,Strathcona Community Hospital,372,0
2026-10-01 16:40:00.000000,Sturgeon Community Hospital,331,0
2026-10-01 16:40:00.000000,University of Alberta Hospital,353,0
2026-10-01 16:40:00.000000,WestView Health Centre,222,0
2026-10-01 16:50:00.000000,Airdrie Community Health Centre,181,0
2026-10-01 16:50:00.000000,Alberta Children's Hospital,152,0
2026-10-01 16:50:00.000000,Chinook Regional Hospital,83,0
2026-10-01 16:50:00.000000,Cochrane Community Health Centre,120,0
2026-10-01 16:50:00.000000,Devon General Hospital,220,0
2026-10-01 16:50:00.000000,Foothills Medical Centre,230,0
2026-10-01 16:50:00.000000,Fort Sask Community Hospital,319,0
2026-10-01 16:50:00.000000,Grande Prairie Regional Hospital,82,0
2026-10-01 16:50:00.000000,Grey Nuns Community Hospital,280,0
2026-10-01 16:50:00.000000,Innisfail Health Centre,,1
2026-10-01 16:50:00.000000,Lacombe Hospital and Care Centre,,1
2026-10-01 16:50:00.000000,Leduc Community Hospital,338,0
2026-10-01 16:50:00.000000,Medicine Hat Regional Hospital,121,0
2026-10-01 16:50:00.000000,Misericordia Community Hospital,495,0
2026-10-01 16:50:00.000000,Northeast Community Health Centre,249,0
2026-10-01 16:50:00.000000,Northern Lights Regional Health Centre,91,0
2026-10-01 16:50:00.000000,Okotoks Health and Wellness Centre,98,0
2026-10-01 16:50:00.000000,Peter Lougheed Centre,252,0
2026-10-01 16:50:00.000000,Red Deer Regional Hospital,212,0
2026-10-01 16:50:00.000000,Rockyview General Hospital,286,0
2026-10-01 16:50:00.000000,Royal Alexandra Hospital,222,0
2026-10-01 16:50:00.000000,Sheldon M. Chumir Centre,202,0
2026-10-01 16:50:00.000000,South Calgary Health Centre,109,0
2026-10-01 16:50:00.000000,South Health Campus Children[;]South Health Campus,46,
2026-10-01 16:50:00.000000,Stollery Children's Hospital,248,0
2026-10-01 16:50:00.000000,Strathcona Community Hospital,405,0
2026-10-01 16:50:00.000000,Sturgeon Community Hospital,319,0
2026-10-01 16:50:00.000000,University of Alberta Hospital,339,0
2026-10-01 16:50:00.000000,WestView Health Centre,240,0
2026-10-01 17:00:00.000000,Airdrie Community Health Centre,177,0
2026-10-01 17:00:00.000000,Alberta Children's Hospital,148,0
2026-10-01 17:00:00.000000,Chinook Regional Hospital,84,0
2026-10-01 17:00:00.000000,Cochrane Community Health Centre,100,0
2026-10-01 17:00:00.000000,Devon General Hospital,220,0
2026-10-01 17:00:00.000000,Foothills Medical Centre,222,0
2026-10-01 17:00:00.000000,Fort Sask Community Hospital,319,0
2026-10-01 17:00:00.000000,Grande Prairie Regional Hospital,89,0
2026-10-01 17:00:00.000000,Grey Nuns Community Hospital,288,0
2026-10-01 17:00:00.000000,Innisfail Health Centre,,1
2026-10-01 17:00:00.000000,Lacombe Hospital and Care Centre,,1
2026-10-01 17:00:00.000000,Leduc Community Hospital,328,0
2026-10-01 17:00:00.000000,Medicine Hat Regional Hospital,81,0
2026-10-01 17:00:00.000000,Misericordia Community Hospital,513,0
2026-10-01 17:00:00.000000,Northeast Community Health Centre,249,0
2026-10-01 17:00:00.000000,Northern Lights Regional Health Centre,84,0
2026-10-01 17:00:00.000000,Okotoks Health and Wellness Centre,87,0
2026-10-01 17:00:00.000000,Peter Lougheed Centre,263,0
2026-10-01 17:00:00.000000,Red Deer Regional Hospital,214,0
2026-10-01 17:00:00.000000,Rockyview General Hospital,281,0
2026-10-01 17:00:00.000000,Royal Alexandra Hospital,237,0
2026-10-01 17:00:00.000000,Sheldon M. Chumir Centre,227,0
2026-10-01 17:00:00.000000,South Calgary Health Centre,107,0
2026-10-01 17:00:00.000000,South Health Campus Children[;]South Health Campus,55,
2026-10-01 17:00:00.000000,Stollery Children's Hospital,253,0
2026-10-01 17:00:00.000000,Strathcona Community Hospital,392,0
2026-10-01 17:00:00.000000,Sturgeon Community Hospital,319,0
2026-10-01 17:00:00.000000,University of Alberta Hospital,318,0
2026-10-01 17:00:00.000000,WestView Health Centre,259,0
2026-10-01 17:10:00.000000,Airdrie Community Health Centre,150,0
2026-10-01 17:10:00.000000,Alberta Children's Hospital,127,0
2026-10-01 17:10:00.000000,Chinook Regional Hospital,92,0
2026-10-01 17:10:00.000000,Cochrane Community Health Centre,100,0
2026-10-01 17:10:00.000000,Devon General Hospital,251,0
2026-10-01 17:10:00.000000,Foothills Medical Centre,228,0
2026-10-01 17:10:00.000000,Fort Sask Community Hospital,319,0
2026-10-01 17:10:00.000000,Grande Prairie Regional Hospital,103,0
2026-10-01 17:10:00.000000,Grey Nuns Community Hospital,257,0
2026-10-01 17:10:00.000000,Innisfail Health Centre,,1
2026-10-01 17:10:00.000000,Lacombe Hospital and Care Centre,,1
2026-10-01 17:10:00.000000,Leduc Community Hospital,353,0
2026-10-01 17:10:00.000000,Medicine Hat Regional Hospital,108,0
2026-10-01 17:10:00.000000,Misericordia Community Hospital,531,0
2026-10-01 17:10:00.000000,Northeast Community Health Centre,224,0
2026-10-01 17:10:00.000000,Northern Lights Regional Health Centre,76,0
2026-10-01 17:10:00.000000,Okotoks Health and Wellness Centre,76,0
2026-10-01 17:10:00.000000,Peter Lougheed Centre,252,0
2026-10-01 17:10:00.000000,Red Deer Regional Hospital,232,0
2026-10-01 17:10:00.000000,Rockyview General Hospital,280,0
2026-10-01 17:10:00.000000,Royal Alexandra Hospital,246,0
2026-10-01 17:10:00.000000,Sheldon M. Chumir Centre,245,0
2026-10-01 17:10:00.000000,South Calgary Health Centre,111,0
2026-10-01 17:10:00.000000,South Health Campus Children[;]South Health Campus,57,
2026-10-01 17:10:00.000000,Stollery Children's Hospital,265,0
2026-10-01 17:10:00.000000,Strathcona Community Hospital,406,0
2026-10-01 17:10:00.000000,Sturgeon Community Hospital,285,0
2026-10-01 17:10:00.000000,University of Alberta Hospital,317,0
2026-10-01 17:10:00.000000,WestView Health Centre,277,0
2026-10-01 17:20:00.000000,Airdrie Community Health Centre,162,0
2026-10-01 17:20:00.000000,Alberta Children's Hospital,131,0
2026-10-01 17:20:00.000000,Chinook Regional Hospital,99,0
2026-10-01 17:20:00.000000,Cochrane Community Health Centre,110,0
2026-10-01 17:20:00.000000,Devon General Hospital,220,0
2026-10-01 17:20:00.000000,Foothills Medical Centre,241,0
2026-10-01 17:20:00.000000,Fort Sask Community Hospital,351,0
2026-10-01 17:20:00.000000,Grande Prairie Regional Hospital,89,0
2026-10-01 17:20:00.000000,Grey Nuns Community Hospital,272,0
2026-10-01 17:20:00.000000,Innisfail Health Centre,,1
2026-10-01 17:20:00.000000,Lacombe Hospital and Care Centre,,1
2026-10-01 17:20:00.000000,Leduc Community Hospital,353,0
2026-10-01 17:20:00.000000,Medicine Hat Regional Hospital,135,0
2026-10-01 17:20:00.000000,Misericordia Community Hospital,539,0
2026-10-01 17:20:00.000000,Northeast Community Health Centre,224,0
2026-10-01 17:20:00.000000,Northern Lights Regional Health Centre,61,0
2026-10-01 17:20:00.000000,Okotoks Health and Wellness Centre,76,0
2026-10-01 17:20:00.000000,Peter Lougheed Centre,260,0
2026-10-01 17:20:00.000000,Red Deer Regional Hospital,187,0
2026-10-01 17:20:00.000000,Rockyview General Hospital,268,0
2026-10-01 17:20:00.000000,Royal Alexandra Hospital,261,0
2026-10-01 17:20:00.000000,Sheldon M. Chumir Centre,209,0
2026-10-01 17:20:00.000000,South Calgary Health Centre,93,0
2026-10-01 17:20:00.000000,South Health Campus Children[;]South Health Campus,91,
2026-10-01 17:20:00.000000,Stollery Children's Hospital,261,0
2026-10-01 17:20:00.000000,Strathcona Community Hospital,438,0
2026-10-01 17:20:00.000000,Sturgeon Community Hospital,314,0
2026-10-01 17:20:00.000000,University of Alberta Hospital,323,0
2026-10-01 17:20:00.000000,WestView Health Centre,259,0
2026-10-01 17:30:00.000000,Airdrie Community Health Centre,175,0
2026-10-01 17:30:00.000000,Alberta Children's Hospital,129,0
2026-10-01 17:30:00.000000,Chinook Regional Hospital,92,0
2026-10-01 17:30:00.000000,Cochrane Community Health Centre,130,0
2026-10-01 17:30:00.000000,Devon General Hospital,315,0
2026-10-01 17:30:00.000000,Foothills Medical Centre,248,0
2026-10-01 17:30:00.000000,Fort Sask Community Hospital,383,0
2026-10-01 17:30:00.000000,Grande Prairie Regional Hospital,110,0
2026-10-01 17:30:00.000000,Grey Nuns Community Hospital,265,0
2026-10-01 17:30:00.000000,Innisfail Health Centre,,1
2026-10-01 17:30:00.000000,Lacombe Hospital and Care Centre,,1
2026-10-01 17:30:00.000000,Leduc Community Hospital,371,0
2026-10-01 17:30:00.000000,Medicine Hat Regional Hospital,135,0
2026-10-01 17:30:00.000000,Misericordia Community Hospital,545,0
2026-10-01 17:30:00.000000,Northeast Community Health Centre,236,0
2026-10-01 17:30:00.000000,Northern Lights Regional Health Centre,61,0
2026-10-01 17:30:00.000000,Okotoks Health and Wellness Centre,76,0
2026-10-01 17:30:00.000000,Peter Lougheed Centre,267,0
2026-10-01 17:30:00.000000,Red Deer Regional Hospital,178,0
2026-10-01 17:30:00.000000,Rockyview General Hospital,261,0
2026-10-01 17:30:00.000000,Royal Alexandra Hospital,269,0
2026-10-01 17:30:00.000000,Sheldon M. Chumir Centre,216,0
2026-10-01 17:30:00.000000,South Calgary Health Centre,105,0
2026-10-01 17:30:00.000000,South Health Campus Children[;]South Health Campus,125,
2026-10-01 17:30:00.000000,Stollery Children's Hospital,214,0
2026-10-01 17:30:00.000000,Strathcona Community Hospital,448,0
2026-10-01 17:30:00.000000,Sturgeon Community Hospital,318,0
2026-10-01 17:30:00.000000,University of Alberta Hospital,286,0
2026-10-01 17:30:00.000000,WestView Health Centre,240,0
2026-10-01 17:40:00.000000,Airdrie Community Health Centre,175,0
2026-10-01 17:40:00.000000,Alberta Children's Hospital,120,0
2026-10-01 17:40:00.000000,Chinook Regional Hospital,92,0
2026-10-01 17:40:00.000000,Cochrane Community Health Centre,110,0
2026-10-01 17:40:00.000000,Devon General Hospital,251,0
2026-10-01 17:40:00.000000,Foothills Medical Centre,261,0
2026-10-01 17:40:00.000000,Fort Sask Community Hospital,351,0
2026-10-01 17:40:00.000000,Grande Prairie Regional Hospital,103,0
2026-10-01 17:40:00.000000,Grey Nuns Community Hospital,249,0
2026-10-01 17:40:00.000000,Innisfail Health Centre,,1
2026-10-01 17:40:00.000000,Lacombe Hospital and Care Centre,,1
2026-10-01 17:40:00.000000,Leduc Community Hospital,371,0
2026-10-01 17:40:00.000000,Medicine Hat Regional Hospital,148,0
2026-10-01 17:40:00.000000,Misericordia Community Hospital,563,0
2026-10-01 17:40:00.000000,Northeast Community Health Centre,249,0
2026-10-01 17:40:00.000000,Northern Lights Regional Health Centre,68,0
2026-10-01 17:40:00.000000,Okotoks Health and Wellness Centre,87,0
2026-10-01 17:40:00.000000,Peter Lougheed Centre,269,0
2026-10-01 17:40:00.000000,Red Deer Regional Hospital,153,0
2026-10-01 17:40:00.000000,Rockyview General Hospital,244,0
2026-10-01 17:40:00.000000,Royal Alexandra Hospital,272,0
2026-10-01 17:40:00.000000,Sheldon M. Chumir Centre,228,0
2026-10-01 17:40:00.000000,South Calgary Health Centre,122,0
2026-10-01 17:40:00.000000,South Health Campus Children[;]South Health Campus,136,
2026-10-01 17:40:00.000000,Stollery Children's Hospital,209,0
2026-10-01 17:40:00.000000,Strathcona Community Hospital,395,0
2026-10-01 17:40:00.000000,Sturgeon Community Hospital,300,0
2026-10-01 17:40:00.000000,University of Alberta Hospital,292,0
2026-10-01 17:40:00.000000,WestView Health Centre,259,0
2026-10-01 17:50:00.000000,Airdrie Community Health Centre,173,0
2026-10-01 17:50:00.000000,Alberta Children's Hospital,107,0
2026-10-01 17:50:00.000000,Chinook Regional Hospital,99,0
2026-10-01 17:50:00.000000,Cochrane Community Health Centre,100,0
2026-10-01 17:50:00.000000,Devon General Hospital,251,0
2026-10-01 17:50:00.000000,Foothills Medical Centre,248,0
2026-10-01 17:50:00.000000,Fort Sask Community Hospital,351,0
2026-10-01 17:50:00.000000,Grande Prairie Regional Hospital,131,0
2026-10-01 17:50:00.000000,Grey Nuns Community Hospital,257,0
2026-10-01 17:50:00.000000,Innisfail Health Centre,,1
2026-10-01 17:50:00.000000,Lacombe Hospital and Care Centre,,1
2026-10-01 17:50:00.000000,Leduc Community Hospital,353,0
2026-10-01 17:50:00.000000,Medicine Hat Regional Hospital,162,0
2026-10-01 17:50:00.000000,Misericordia Community Hospital,545,0
2026-10-01 17:50:00.000000,Northeast Community Health Centre,249,0
2026-10-01 17:50:00.000000,Northern Lights Regional Health Centre,76,0
2026-10-01 17:50:00.000000,Okotoks Health and Wellness Centre,87,0
2026-10-01 17:50:00.000000,Peter Lougheed Centre,271,0
2026-10-01 17:50:00.000000,Red Deer Regional Hospital,153,0
2026-10-01 17:50:00.000000,Rockyview General Hospital,242,0
2026-10-01 17:50:00.000000,Royal Alexandra Hospital,274,0
2026-10-01 17:50:00.000000,Sheldon M. Chumir Centre,233,0
2026-10-01 17:50:00.000000,South Calgary Health Centre,126,0
2026-10-01 17:50:00.000000,South Health Campus Children[;]South Health Campus,170,
2026-10-01 17:50:00.000000,Stollery Children's Hospital,222,0
2026-10-01 17:50:00.000000,Strathcona Community Hospital,405,0
2026-10-01 17:50:00.000000,Sturgeon Community Hospital,302,0
2026-10-01 17:50:00.000000,University of Alberta Hospital,286,0
2026-10-01 17:50:00.000000,WestView Health Centre,240,0
2026-10-01 18:00:00.000000,Airdrie Community Health Centre,170,0
2026-10-01 18:00:00.000000,Alberta Children's Hospital,105,0
2026-10-01 18:00:00.000000,Chinook Regional Hospital,112,0
2026-10-01 18:00:00.000000,Cochrane Community Health Centre,110,0
2026-10-01 18:00:00.000000,Devon General Hospital,251,0
2026-10-01 18:00:00.000000,Foothills Medical Centre,268,0
2026-10-01 18:00:00.000000,Fort Sask Community Hospital,351,0
2026-10-01 18:00:00.000000,Grande Prairie Regional Hospital,121,0
2026-10-01 18:00:00.000000,Grey Nuns Community Hospital,257,0
2026-10-01 18:00:00.000000,Innisfail Health Centre,,1
2026-10-01 18:00:00.000000,Lacombe Hospital and Care Centre,,1
2026-10-01 18:00:00.000000,Leduc Community Hospital,353,0
2026-10-01 18:00:00.000000,Medicine Hat Regional Hospital,175,0
2026-10-01 18:00:00.000000,Misericordia Community Hospital,539,0
2026-10-01 18:00:00.000000,Northeast Community Health Centre,224,0
2026-10-01 18:00:00.000000,Northern Lights Regional Health Centre,68,0
2026-10-01 18:00:00.000000,Okotoks Health and Wellness Centre,87,0
2026-10-01 18:00:00.000000,Peter Lougheed Centre,256,0
2026-10-01 18:00:00.000000,Red Deer Regional Hospital,175,0
2026-10-01 18:00:00.000000,Rockyview General Hospital,230,0
2026-10-01 18:00:00.000000,Royal Alexandra Hospital,276,0
2026-10-01 18:00:00.000000,Sheldon M. Chumir Centre,245,0
2026-10-01 18:00:00.000000,South Calgary Health Centre,145,0
2026-10-01 18:00:00.000000,South Health Campus Children[;]South Health Campus,205,
2026-10-01 18:00:00.000000,Stollery Children's Hospital,219,0
2026-10-01 18:00:00.000000,Strathcona Community Hospital,392,0
2026-10-01 18:00:00.000000,Sturgeon Community Hospital,302,0
2026-10-01 18:00:00.000000,University of Alberta Hospital,298,0
2026-10-01 18:00:00.000000,WestView Health Centre,247,0
2026-10-01 18:10:00.000000,Airdrie Community Health Centre,176,0
2026-10-01 18:10:00.000000,Alberta Children's Hospital,98,0
2026-10-01 18:10:00.000000,Chinook Regional Hospital,120,0
2026-10-01 18:10:00.000000,Cochrane Community Health Centre,90,0
2026-10-01 18:10:00.000000,Devon General Hospital,251,0
2026-10-01 18:10:00.000000,Foothills Medical Centre,267,0
2026-10-01 18:10:00.000000,Fort Sask Community Hospital,191,0
2026-10-01 18:10:00.000000,Grande Prairie Regional Hospital,154,0
2026-10-01 18:10:00.000000,Grey Nuns Community Hospital,272,0
2026-10-01 18:10:00.000000,Innisfail Health Centre,,1
2026-10-01 18:10:00.000000,Lacombe Hospital and Care Centre,,1
2026-10-01 18:10:00.000000,Leduc Community Hospital,390,0
2026-10-01 18:10:00.000000,Medicine Hat Regional Hospital,202,0
2026-10-01 18:10:00.000000,Misericordia Community Hospital,520,0
2026-10-01 18:10:00.000000,Northeast Community Health Centre,261,0
2026-10-01 18:10:00.000000,Northern Lights Regional Health Centre,84,0
2026-10-01 18:10:00.000000,Okotoks Health and Wellness Centre,76,0
2026-10-01 18:10:00.000000,Peter Lougheed Centre,251,0
2026-10-01 18:10:00.000000,Red Deer Regional Hospital,212,0
2026-10-01 18:10:00.000000,Rockyview General Hospital,223,0
2026-10-01 18:10:00.000000,Royal Alexandra Hospital,291,0
2026-10-01 18:10:00.000000,Sheldon M. Chumir Centre,249,0
2026-10-01 18:10:00.000000,South Calgary Health Centre,,0
2026-10-01 18:10:00.000000,South Health Campus Children[;]South Health Campus,211,
2026-10-01 18:10:00.000000,Stollery Children's Hospital,245,0
2026-10-01 18:10:00.000000,Strathcona Community Hospital,413,0
2026-10-01 18:10:00.000000,Sturgeon Community Hospital,300,0
2026-10-01 18:10:00.000000,University of Alberta Hospital,292,0
2026-10-01 18:10:00.000000,WestView Health Centre,270,0
2026-10-01 18:20:00.000000,Airdrie Community Health Centre,182,0
2026-10-01 18:20:00.000000,Alberta Children's Hospital,104,0
2026-10-01 18:20:00.000000,Chinook Regional Hospital,117,0
2026-10-01 18:20:00.000000,Cochrane Community Health Centre,100,0
2026-10-01 18:20:00.000000,Devon General Hospital,251,0
2026-10-01 18:20:00.000000,Foothills Medical Centre,271,0
2026-10-01 18:20:00.000000,Fort Sask Community Hospital,223,0
2026-10-01 18:20:00.000000,Grande Prairie Regional Hospital,103,0
2026-10-01 18:20:00.000000,Grey Nuns Community Hospital,257,0
2026-10-01 18:20:00.000000,Innisfail Health Centre,,1
2026-10-01 18:20:00.000000,Lacombe Hospital and Care Centre,,1
2026-10-01 18:20:00.000000,Leduc Community Hospital,371,0
2026-10-01 18:22026-10-01 18:10:00.000000,Airdrie Community Health Centre,176,0
2026-10-01 18:10:00.000000,Alberta Children's Hospital,98,0
2026-10-01 18:10:00.000000,Chinook Regional Hospital,120,0
2026-10-01 18:10:00.000000,Cochrane Community Health Centre,90,0
2026-10-01 18:10:00.000000,Devon General Hospital,251,0
2026-10-01 18:10:00.000000,Foothills Medical Centre,267,0
2026-10-01 18:10:00.000000,Fort Sask Community Hospital,191,0
2026-10-01 18:10:00.000000,Grande Prairie Regional Hospital,154,0
2026-10-01 18:10:00.000000,Grey Nuns Community Hospital,272,0
2026-10-01 18:10:00.000000,Innisfail Health Centre,,1
2026-10-01 18:10:00.000000,Lacombe Hospital and Care Centre,,1
2026-10-01 18:10:00.000000,Leduc Community Hospital,390,0
2026-10-01 18:10:00.000000,Medicine Hat Regional Hospital,202,0
2026-10-01 18:10:00.000000,Misericordia Community Hospital,520,0
2026-10-01 18:10:00.000000,Northeast Community Health Centre,261,0
2026-10-01 18:10:00.000000,Northern Lights Regional Health Centre,84,0
2026-10-01 18:10:00.000000,Okotoks Health and Wellness Centre,76,0
2026-10-01 18:10:00.000000,Peter Lougheed Centre,251,0
2026-10-01 18:10:00.000000,Red Deer Regional Hospital,212,0
2026-10-01 18:10:00.000000,Rockyview General Hospital,223,0
2026-10-01 18:10:00.000000,Royal Alexandra Hospital,291,0
2026-10-01 18:10:00.000000,Sheldon M. Chumir Centre,249,0
2026-10-01 18:10:00.000000,South Calgary Health Centre,,0
2026-10-01 18:10:00.000000,South Health Campus Children[;]South Health Campus,211,
2026-10-01 18:10:00.000000,Stollery Children's Hospital,245,0
2026-10-01 18:10:00.000000,Strathcona Community Hospital,413,0
2026-10-01 18:10:00.000000,Sturgeon Community Hospital,300,0
2026-10-01 18:10:00.000000,University of Alberta Hospital,292,0
2026-10-01 18:10:00.000000,WestView Health Centre,270,0
2026-10-01 18:20:00.000000,Airdrie Community Health Centre,182,0
2026-10-01 18:20:00.000000,Alberta Children's Hospital,104,0
2026-10-01 18:20:00.000000,Chinook Regional Hospital,117,0
2026-10-01 18:20:00.000000,Cochrane Community Health Centre,100,0
2026-10-01 18:20:00.000000,Devon General Hospital,251,0
2026-10-01 18:20:00.000000,Foothills Medical Centre,271,0
2026-10-01 18:20:00.000000,Fort Sask Community Hospital,223,0
2026-10-01 18:20:00.000000,Grande Prairie Regional Hospital,103,0
2026-10-01 18:20:00.000000,Grey Nuns Community Hospital,257,0
2026-10-01 18:20:00.000000,Innisfail Health Centre,,1
2026-10-01 18:20:00.000000,Lacombe Hospital and Care Centre,,1
2026-10-01 18:20:00.000000,Leduc Community Hospital,371,0
2026-10-01 18:20:00.000000,Medicine Hat Regional Hospital,202,0
2026-10-01 18:20:00.000000,Misericordia Community Hospital,514,0
2026-10-01 18:20:00.000000,Northeast Community Health Centre,261,0
2026-10-01 18:20:00.000000,Northern Lights Regional Health Centre,76,0
2026-10-01 18:20:00.000000,Okotoks Health and Wellness Centre,76,0
2026-10-01 18:20:00.000000,Peter Lougheed Centre,235,0
2026-10-01 18:20:00.000000,Red Deer Regional Hospital,229,0
2026-10-01 18:20:00.000000,Rockyview General Hospital,211,0
2026-10-01 18:20:00.000000,Royal Alexandra Hospital,248,0
2026-10-01 18:20:00.000000,Sheldon M. Chumir Centre,238,0
2026-10-01 18:20:00.000000,South Calgary Health Centre,,0
2026-10-01 18:20:00.000000,South Health Campus Children[;]South Health Campus,184,
2026-10-01 18:20:00.000000,Stollery Children's Hospital,216,0
2026-10-01 18:20:00.000000,Strathcona Community Hospital,398,0
2026-10-01 18:20:00.000000,Sturgeon Community Hospital,306,0
2026-10-01 18:20:00.000000,University of Alberta Hospital,299,0
2026-10-01 18:20:00.000000,WestView Health Centre,360,0
2026-10-01 18:30:00.000000,Airdrie Community Health Centre,189,0
2026-10-01 18:30:00.000000,Alberta Children's Hospital,109,0
2026-10-01 18:30:00.000000,Chinook Regional Hospital,113,0
2026-10-01 18:30:00.000000,Cochrane Community Health Centre,90,0
2026-10-01 18:30:00.000000,Devon General Hospital,220,0
2026-10-01 18:30:00.000000,Foothills Medical Centre,291,0
2026-10-01 18:30:00.000000,Fort Sask Community Hospital,223,0
2026-10-01 18:30:00.000000,Grande Prairie Regional Hospital,89,0
2026-10-01 18:30:00.000000,Grey Nuns Community Hospital,257,0
2026-10-01 18:30:00.000000,Innisfail Health Centre,,1
2026-10-01 18:30:00.000000,Lacombe Hospital and Care Centre,,1
2026-10-01 18:30:00.000000,Leduc Community Hospital,334,0
2026-10-01 18:30:00.000000,Medicine Hat Regional Hospital,199,0
2026-10-01 18:30:00.000000,Misericordia Community Hospital,509,0
2026-10-01 18:30:00.000000,Northeast Community Health Centre,274,0
2026-10-01 18:30:00.000000,Northern Lights Regional Health Centre,99,0
2026-10-01 18:30:00.000000,Okotoks Health and Wellness Centre,65,0
2026-10-01 18:30:00.000000,Peter Lougheed Centre,229,0
2026-10-01 18:30:00.000000,Red Deer Regional Hospital,220,0
2026-10-01 18:30:00.000000,Rockyview General Hospital,209,0
2026-10-01 18:30:00.000000,Royal Alexandra Hospital,243,0
2026-10-01 18:30:00.000000,Sheldon M. Chumir Centre,227,0
2026-10-01 18:30:00.000000,South Calgary Health Centre,,0
2026-10-01 18:30:00.000000,South Health Campus Children[;]South Health Campus,184,
2026-10-01 18:30:00.000000,Stollery Children's Hospital,245,0
2026-10-01 18:30:00.000000,Strathcona Community Hospital,413,0
2026-10-01 18:30:00.000000,Sturgeon Community Hospital,311,0
2026-10-01 18:30:00.000000,University of Alberta Hospital,302,0
2026-10-01 18:30:00.000000,WestView Health Centre,379,0
2026-10-01 18:40:00.000000,Airdrie Community Health Centre,189,0
2026-10-01 18:40:00.000000,Alberta Children's Hospital,121,0
2026-10-01 18:40:00.000000,Chinook Regional Hospital,117,0
2026-10-01 18:40:00.000000,Cochrane Community Health Centre,90,0
2026-10-01 18:40:00.000000,Devon General Hospital,220,0
2026-10-01 18:40:00.000000,Foothills Medical Centre,282,0
2026-10-01 18:40:00.000000,Fort Sask Community Hospital,159,0
2026-10-01 18:40:00.000000,Grande Prairie Regional Hospital,89,0
2026-10-01 18:40:00.000000,Grey Nuns Community Hospital,241,0
2026-10-01 18:40:00.000000,Innisfail Health Centre,,1
2026-10-01 18:40:00.000000,Lacombe Hospital and Care Centre,,1
2026-10-01 18:40:00.000000,Leduc Community Hospital,353,0
2026-10-01 18:40:00.000000,Medicine Hat Regional Hospital,205,0
2026-10-01 18:40:00.000000,Misericordia Community Hospital,502,0
2026-10-01 18:40:00.000000,Northeast Community Health Centre,261,0
2026-10-01 18:40:00.000000,Northern Lights Regional Health Centre,99,0
2026-10-01 18:40:00.000000,Okotoks Health and Wellness Centre,66,0
2026-10-01 18:40:00.000000,Peter Lougheed Centre,220,0
2026-10-01 18:40:00.000000,Red Deer Regional Hospital,229,0
2026-10-01 18:40:00.000000,Rockyview General Hospital,190,0
2026-10-01 18:40:00.000000,Royal Alexandra Hospital,252,0
2026-10-01 18:40:00.000000,Sheldon M. Chumir Centre,216,0
2026-10-01 18:40:00.000000,South Calgary Health Centre,,0
2026-10-01 18:40:00.000000,South Health Campus Children[;]South Health Campus,158,
2026-10-01 18:40:00.000000,Stollery Children's Hospital,216,0
2026-10-01 18:40:00.000000,Strathcona Community Hospital,428,0
2026-10-01 18:40:00.000000,Sturgeon Community Hospital,307,0
2026-10-01 18:40:00.000000,University of Alberta Hospital,297,0
2026-10-01 18:40:00.000000,WestView Health Centre,443,0
2026-10-01 18:50:00.000000,Airdrie Community Health Centre,227,0
2026-10-01 18:50:00.000000,Alberta Children's Hospital,137,0
2026-10-01 18:50:00.000000,Chinook Regional Hospital,107,0
2026-10-01 18:50:00.000000,Cochrane Community Health Centre,90,0
2026-10-01 18:50:00.000000,Devon General Hospital,189,0
2026-10-01 18:50:00.000000,Foothills Medical Centre,290,0
2026-10-01 18:50:00.000000,Fort Sask Community Hospital,191,0
2026-10-01 18:50:00.000000,Grande Prairie Regional Hospital,89,0
2026-10-01 18:50:00.000000,Grey Nuns Community Hospital,241,0
2026-10-01 18:50:00.000000,Innisfail Health Centre,,1
2026-10-01 18:50:00.000000,Lacombe Hospital and Care Centre,,1
2026-10-01 18:50:00.000000,Leduc Community Hospital,353,0
2026-10-01 18:50:00.000000,Medicine Hat Regional Hospital,229,0
2026-10-01 18:50:00.000000,Misericordia Community Hospital,508,0
2026-10-01 18:50:00.000000,Northeast Community Health Centre,274,0
2026-10-01 18:50:00.000000,Northern Lights Regional Health Centre,99,0
2026-10-01 18:50:00.000000,Okotoks Health and Wellness Centre,77,0
2026-10-01 18:50:00.000000,Peter Lougheed Centre,233,0
2026-10-01 18:50:00.000000,Red Deer Regional Hospital,237,0
2026-10-01 18:50:00.000000,Rockyview General Hospital,213,0
2026-10-01 18:50:00.000000,Royal Alexandra Hospital,267,0
2026-10-01 18:50:00.000000,Sheldon M. Chumir Centre,221,0
2026-10-01 18:50:00.000000,South Calgary Health Centre,,0
2026-10-01 18:50:00.000000,South Health Campus Children[;]South Health Campus,158,
2026-10-01 18:50:00.000000,Stollery Children's Hospital,198,0
2026-10-01 18:50:00.000000,Strathcona Community Hospital,413,0
2026-10-01 18:50:00.000000,Sturgeon Community Hospital,307,0
2026-10-01 18:50:00.000000,University of Alberta Hospital,299,0
2026-10-01 18:50:00.000000,WestView Health Centre,424,0
2026-10-01 19:10:00.000000,Airdrie Community Health Centre,252,0
2026-10-01 19:10:00.000000,Alberta Children's Hospital,129,0
2026-10-01 19:10:00.000000,Chinook Regional Hospital,112,0
2026-10-01 19:10:00.000000,Cochrane Community Health Centre,100,0
2026-10-01 19:10:00.000000,Devon General Hospital,189,0
2026-10-01 19:10:00.000000,Foothills Medical Centre,283,0
2026-10-01 19:10:00.000000,Fort Sask Community Hospital,223,0
2026-10-01 19:10:00.000000,Grande Prairie Regional Hospital,126,0
2026-10-01 19:10:00.000000,Grey Nuns Community Hospital,241,0
2026-10-01 19:10:00.000000,Innisfail Health Centre,,1
2026-10-01 19:10:00.000000,Lacombe Hospital and Care Centre,,1
2026-10-01 19:10:00.000000,Leduc Community Hospital,353,0
2026-10-01 19:10:00.000000,Medicine Hat Regional Hospital,205,0
2026-10-01 19:10:00.000000,Misericordia Community Hospital,564,0
2026-10-01 19:10:00.000000,Northeast Community Health Centre,261,0
2026-10-01 19:10:00.000000,Northern Lights Regional Health Centre,114,0
2026-10-01 19:10:00.000000,Okotoks Health and Wellness Centre,66,0
2026-10-01 19:10:00.000000,Peter Lougheed Centre,224,0
2026-10-01 19:10:00.000000,Red Deer Regional Hospital,220,0
2026-10-01 19:10:00.000000,Rockyview General Hospital,195,0
2026-10-01 19:10:00.000000,Royal Alexandra Hospital,291,0
2026-10-01 19:10:00.000000,Sheldon M. Chumir Centre,198,0
2026-10-01 19:10:00.000000,South Calgary Health Centre,,0
2026-10-01 19:10:00.000000,South Health Campus Children[;]South Health Campus,158,
2026-10-01 19:10:00.000000,Stollery Children's Hospital,222,0
2026-10-01 19:10:00.000000,Strathcona Community Hospital,409,0
2026-10-01 19:10:00.000000,Sturgeon Community Hospital,334,0
2026-10-01 19:10:00.000000,University of Alberta Hospital,298,0
2026-10-01 19:10:00.000000,WestView Health Centre,443,0
2026-10-01 19:20:00.000000,Airdrie Community Health Centre,239,0
2026-10-01 19:20:00.000000,Alberta Children's Hospital,125,0
2026-10-01 19:20:00.000000,Chinook Regional Hospital,118,0
2026-10-01 19:20:00.000000,Cochrane Community Health Centre,80,0
2026-10-01 19:20:00.000000,Devon General Hospital,220,0
2026-10-01 19:20:00.000000,Foothills Medical Centre,301,0
2026-10-01 19:20:00.000000,Fort Sask Community Hospital,223,0
2026-10-01 19:20:00.000000,Grande Prairie Regional Hospital,117,0
2026-10-01 19:20:00.000000,Grey Nuns Community Hospital,257,0
2026-10-01 19:20:00.000000,Innisfail Health Centre,,1
2026-10-01 19:20:00.000000,Lacombe Hospital and Care Centre,,1
2026-10-01 19:20:00.000000,Leduc Community Hospital,353,0
2026-10-01 19:20:00.000000,Medicine Hat Regional Hospital,193,0
2026-10-01 19:20:00.000000,Misericordia Community Hospital,583,0
2026-10-01 19:20:00.000000,Northeast Community Health Centre,261,0
2026-10-01 19:20:00.000000,Northern Lights Regional Health Centre,115,0
2026-10-01 19:20:00.000000,Okotoks Health and Wellness Centre,66,0
2026-10-01 19:20:00.000000,Peter Lougheed Centre,206,0
2026-10-01 19:20:00.000000,Red Deer Regional Hospital,220,0
2026-10-01 19:20:00.000000,Rockyview General Hospital,183,0
2026-10-01 19:20:00.000000,Royal Alexandra Hospital,299,0
2026-10-01 19:20:00.000000,Sheldon M. Chumir Centre,195,0
2026-10-01 19:20:00.000000,South Calgary Health Centre,,0
2026-10-01 19:20:00.000000,South Health Campus Children[;]South Health Campus,158,
2026-10-01 19:20:00.000000,Stollery Children's Hospital,227,0
2026-10-01 19:20:00.000000,Strathcona Community Hospital,403,0
2026-10-01 19:20:00.000000,Sturgeon Community Hospital,350,0
2026-10-01 19:20:00.000000,University of Alberta Hospital,298,0
2026-10-01 19:20:00.000000,WestView Health Centre,443,0
2026-10-01 19:30:00.000000,Airdrie Community Health Centre,265,0
2026-10-01 19:30:00.000000,Alberta Children's Hospital,121,0
2026-10-01 19:30:00.000000,Chinook Regional Hospital,125,0
2026-10-01 19:30:00.000000,Cochrane Community Health Centre,80,0
2026-10-01 19:30:00.000000,Devon General Hospital,220,0
2026-10-01 19:30:00.000000,Foothills Medical Centre,288,0
2026-10-01 19:30:00.000000,Fort Sask Community Hospital,223,0
2026-10-01 19:30:00.000000,Grande Prairie Regional Hospital,121,0
2026-10-01 19:30:00.000000,Grey Nuns Community Hospital,272,0
2026-10-01 19:30:00.000000,Innisfail Health Centre,,1
2026-10-01 19:30:00.000000,Lacombe Hospital and Care Centre,,1
2026-10-01 19:30:00.000000,Leduc Community Hospital,334,0
2026-10-01 19:30:00.000000,Medicine Hat Regional Hospital,190,0
2026-10-01 19:30:00.000000,Misericordia Community Hospital,571,0
2026-10-01 19:30:00.000000,Northeast Community Health Centre,274,0
2026-10-01 19:30:00.000000,Northern Lights Regional Health Centre,76,0
2026-10-01 19:30:00.000000,Okotoks Health and Wellness Centre,66,0
2026-10-01 19:30:00.000000,Peter Lougheed Centre,222,0
2026-10-01 19:30:00.000000,Red Deer Regional Hospital,212,0
2026-10-01 19:30:00.000000,Rockyview General Hospital,183,0
2026-10-01 19:30:00.000000,Royal Alexandra Hospital,269,0
2026-10-01 19:30:00.000000,Sheldon M. Chumir Centre,200,0
2026-10-01 19:30:00.000000,South Calgary Health Centre,,0
2026-10-01 19:30:00.000000,South Health Campus Children[;]South Health Campus,132,
2026-10-01 19:30:00.000000,Stollery Children's Hospital,268,0
2026-10-01 19:30:00.000000,Strathcona Community Hospital,395,0
2026-10-01 19:30:00.000000,Sturgeon Community Hospital,355,0
2026-10-01 19:30:00.000000,University of Alberta Hospital,303,0
2026-10-01 19:30:00.000000,WestView Health Centre,443,0
2026-10-01 19:40:00.000000,Airdrie Community Health Centre,252,0
2026-10-01 19:40:00.000000,Alberta Children's Hospital,130,0
2026-10-01 19:40:00.000000,Chinook Regional Hospital,125,0
2026-10-01 19:40:00.000000,Cochrane Community Health Centre,50,0
2026-10-01 19:40:00.000000,Devon General Hospital,220,0
2026-10-01 19:40:00.000000,Foothills Medical Centre,298,0
2026-10-01 19:40:00.000000,Fort Sask Community Hospital,223,0
2026-10-01 19:40:00.000000,Grande Prairie Regional Hospital,126,0
2026-10-01 19:40:00.000000,Grey Nuns Community Hospital,288,0
2026-10-01 19:40:00.000000,Innisfail Health Centre,,1
2026-10-01 19:40:00.000000,Lacombe Hospital and Care Centre,,1
2026-10-01 19:40:00.000000,Leduc Community Hospital,334,0
2026-10-01 19:40:00.000000,Medicine Hat Regional Hospital,169,0
2026-10-01 19:40:00.000000,Misericordia Community Hospital,534,0
2026-10-01 19:40:00.000000,Northeast Community Health Centre,261,0
2026-10-01 19:40:00.000000,Northern Lights Regional Health Centre,68,0
2026-10-01 19:40:00.000000,Okotoks Health and Wellness Centre,55,0
2026-10-01 19:40:00.000000,Peter Lougheed Centre,217,0
2026-10-01 19:40:00.000000,Red Deer Regional Hospital,212,0
2026-10-01 19:40:00.000000,Rockyview General Hospital,177,0
2026-10-01 19:40:00.000000,Royal Alexandra Hospital,258,0
2026-10-01 19:40:00.000000,Sheldon M. Chumir Centre,210,0
2026-10-01 19:40:00.000000,South Calgary Health Centre,,0
2026-10-01 19:40:00.000000,South Health Campus Children[;]South Health Campus,132,
2026-10-01 19:40:00.000000,Stollery Children's Hospital,273,0
2026-10-01 19:40:00.000000,Strathcona Community Hospital,418,0
2026-10-01 19:40:00.000000,Sturgeon Community Hospital,385,0
2026-10-01 19:40:00.000000,University of Alberta Hospital,298,0
2026-10-01 19:40:00.000000,WestView Health Centre,461,0
2026-10-01 19:50:00.000000,Airdrie Community Health Centre,265,0
2026-10-01 19:50:00.000000,Alberta Children's Hospital,147,0
2026-10-01 19:50:00.000000,Chinook Regional Hospital,118,0
2026-10-01 19:50:00.000000,Cochrane Community Health Centre,50,0
2026-10-01 19:50:00.000000,Devon General Hospital,220,0
2026-10-01 19:50:00.000000,Foothills Medical Centre,308,0
2026-10-01 19:50:00.000000,Fort Sask Community Hospital,287,0
2026-10-01 19:50:00.000000,Grande Prairie Regional Hospital,103,0
2026-10-01 19:50:00.000000,Grey Nuns Community Hospital,280,0
2026-10-01 19:50:00.000000,Innisfail Health Centre,,1
2026-10-01 19:50:00.000000,Lacombe Hospital and Care Centre,,1
2026-10-01 19:50:00.000000,Leduc Community Hospital,334,0
2026-10-01 19:50:00.000000,Medicine Hat Regional Hospital,148,0
2026-10-01 19:50:00.000000,Misericordia Community Hospital,534,0
2026-10-01 19:50:00.000000,Northeast Community Health Centre,267,0
2026-10-01 19:50:00.000000,Northern Lights Regional Health Centre,68,0
2026-10-01 19:50:00.000000,Okotoks Health and Wellness Centre,66,0
2026-10-01 19:50:00.000000,Peter Lougheed Centre,240,0
2026-10-01 19:50:00.000000,Red Deer Regional Hospital,178,0
2026-10-01 19:50:00.000000,Rockyview General Hospital,171,0
2026-10-01 19:50:00.000000,Royal Alexandra Hospital,261,0
2026-10-01 19:50:00.000000,Sheldon M. Chumir Centre,210,0
2026-10-01 19:50:00.000000,South Calgary Health Centre,,0
2026-10-01 19:50:00.000000,South Health Campus Children[;]South Health Campus,158,
2026-10-01 19:50:00.000000,Stollery Children's Hospital,280,0
2026-10-01 19:50:00.000000,Strathcona Community Hospital,409,0
2026-10-01 19:50:00.000000,Sturgeon Community Hospital,407,0
2026-10-01 19:50:00.000000,University of Alberta Hospital,303,0
2026-10-01 19:50:00.000000,WestView Health Centre,406,0
2026-10-01 20:00:00.000000,Airdrie Community Health Centre,265,0
2026-10-01 20:00:00.000000,Alberta Children's Hospital,136,0
2026-10-01 20:00:00.000000,Chinook Regional Hospital,118,0
2026-10-01 20:00:00.000000,Cochrane Community Health Centre,50,0
2026-10-01 20:00:00.000000,Devon General Hospital,189,0
2026-10-01 20:00:00.000000,Foothills Medical Centre,334,0
2026-10-01 20:00:00.000000,Fort Sask Community Hospital,319,0
2026-10-01 20:00:00.000000,Grande Prairie Regional Hospital,80,0
2026-10-01 20:00:00.000000,Grey Nuns Community Hospital,288,0
2026-10-01 20:00:00.000000,Innisfail Health Centre,,1
2026-10-01 20:00:00.000000,Lacombe Hospital and Care Centre,,1
2026-10-01 20:00:00.000000,Leduc Community Hospital,353,0
2026-10-01 20:00:00.000000,Medicine Hat Regional Hospital,145,0
2026-10-01 20:00:00.000000,Misericordia Community Hospital,559,0
2026-10-01 20:00:00.000000,Northeast Community Health Centre,313,0
2026-10-01 20:00:00.000000,Northern Lights Regional Health Centre,68,0
2026-10-01 20:00:00.000000,Okotoks Health and Wellness Centre,77,0
2026-10-01 20:00:00.000000,Peter Lougheed Centre,256,0
2026-10-01 20:00:00.000000,Red Deer Regional Hospital,178,0
2026-10-01 20:00:00.000000,Rockyview General Hospital,165,0
2026-10-01 20:00:00.000000,Royal Alexandra Hospital,269,0
2026-10-01 20:00:00.000000,Sheldon M. Chumir Centre,189,0
2026-10-01 20:00:00.000000,South Calgary Health Centre,,0
2026-10-01 20:00:00.000000,South Health Campus Children[;]South Health Campus,132,
2026-10-01 20:00:00.000000,Stollery Children's Hospital,285,0
2026-10-01 20:00:00.000000,Strathcona Community Hospital,432,0
2026-10-01 20:00:00.000000,Sturgeon Community Hospital,389,0
2026-10-01 20:00:00.000000,University of Alberta Hospital,293,0
2026-10-01 20:00:00.000000,WestView Health Centre,406,0
