report_time,facility_name,wait_time,times_unavailable
2026-09-01 00:00:00.000000,Airdrie Community Health Centre,190,0
2026-09-01 00:00:00.000000,Alberta Children's Hospital,157,0
2026-09-01 00:00:00.000000,Chinook Regional Hospital,93,0
2026-09-01 00:00:00.000000,Cochrane Community Health Centre,,0
2026-09-01 00:00:00.000000,Devon General Hospital,337,0
2026-09-01 00:00:00.000000,Foothills Medical Centre,415,0
2026-09-01 00:00:00.000000,Fort Sask Community Hospital,388,0
2026-09-01 00:00:00.000000,Grande Prairie Regional Hospital,279,0
2026-09-01 00:00:00.000000,Grey Nuns Community Hospital,518,0
2026-09-01 00:00:00.000000,Innisfail Health Centre,,1
2026-09-01 00:00:00.000000,Lacombe Hospital and Care Centre,,1
2026-09-01 00:00:00.000000,Leduc Community Hospital,440,0
2026-09-01 00:00:00.000000,Medicine Hat Regional Hospital,253,0
2026-09-01 00:00:00.000000,Misericordia Community Hospital,833,0
2026-09-01 00:00:00.000000,Northeast Community Health Centre,275,0
2026-09-01 00:00:00.000000,Northern Lights Regional Health Centre,310,0
2026-09-01 00:00:00.000000,Okotoks Health and Wellness Centre,,0
2026-09-01 00:00:00.000000,Peter Lougheed Centre,493,0
2026-09-01 00:00:00.000000,Red Deer Regional Hospital,436,0
2026-09-01 00:00:00.000000,Rockyview General Hospital,351,0
2026-09-01 00:00:00.000000,Royal Alexandra Hospital,291,0
2026-09-01 00:00:00.000000,Sheldon M. Chumir Centre,198,0
2026-09-01 00:00:00.000000,South Calgary Health Centre,,0
2026-09-01 00:00:00.000000,South Health Campus,474,0
2026-09-01 00:00:00.000000,Stollery Children's Hospital,211,0
2026-09-01 00:00:00.000000,Strathcona Community Hospital,205,0
2026-09-01 00:00:00.000000,Sturgeon Community Hospital,511,0
2026-09-01 00:00:00.000000,University of Alberta Hospital,375,0
2026-09-01 00:00:00.000000,WestView Health Centre,384,0
2026-09-01 00:10:00.000000,Airdrie Community Health Centre,205,0
2026-09-01 00:10:00.000000,Alberta Children's Hospital,183,0
2026-09-01 00:10:00.000000,Chinook Regional Hospital,82,0
2026-09-01 00:10:00.000000,Cochrane Community Health Centre,,0
2026-09-01 00:10:00.000000,Devon General Hospital,337,0
2026-09-01 00:10:00.000000,Foothills Medical Centre,415,0
2026-09-01 00:10:00.000000,Fort Sask Community Hospital,388,0
2026-09-01 00:10:00.000000,Grande Prairie Regional Hospital,241,0
2026-09-01 00:10:00.000000,Grey Nuns Community Hospital,518,0
2026-09-01 00:10:00.000000,Innisfail Health Centre,,1
2026-09-01 00:10:00.000000,Lacombe Hospital and Care Centre,,1
2026-09-01 00:10:00.000000,Leduc Community Hospital,417,0
2026-09-01 00:10:00.000000,Medicine Hat Regional Hospital,259,0
2026-09-01 00:10:00.000000,Misericordia Community Hospital,833,0
2026-09-01 00:10:00.000000,Northeast Community Health Centre,271,0
2026-09-01 00:10:00.000000,Northern Lights Regional Health Centre,309,0
2026-09-01 00:10:00.000000,Okotoks Health and Wellness Centre,,0
2026-09-01 00:10:00.000000,Peter Lougheed Centre,495,0
2026-09-01 00:10:00.000000,Red Deer Regional Hospital,426,0
2026-09-01 00:10:00.000000,Rockyview General Hospital,337,0
2026-09-01 00:10:00.000000,Royal Alexandra Hospital,291,0
2026-09-01 00:10:00.000000,Sheldon M. Chumir Centre,209,0
2026-09-01 00:10:00.000000,South Calgary Health Centre,,0
2026-09-01 00:10:00.000000,South Health Campus,450,0
2026-09-01 00:10:00.000000,Stollery Children's Hospital,233,0
2026-09-01 00:10:00.000000,Strathcona Community Hospital,205,0
2026-09-01 00:10:00.000000,Sturgeon Community Hospital,479,0
2026-09-01 00:10:00.000000,University of Alberta Hospital,377,0
2026-09-01 00:10:00.000000,WestView Health Centre,391,0
2026-09-01 00:20:00.000000,Airdrie Community Health Centre,222,0
2026-09-01 00:20:00.000000,Alberta Children's Hospital,180,0
2026-09-01 00:20:00.000000,Chinook Regional Hospital,101,0
2026-09-01 00:20:00.000000,Cochrane Community Health Centre,,0
2026-09-01 00:20:00.000000,Devon General Hospital,337,0
2026-09-01 00:20:00.000000,Foothills Medical Centre,425,0
2026-09-01 00:20:00.000000,Fort Sask Community Hospital,388,0
2026-09-01 00:20:00.000000,Grande Prairie Regional Hospital,223,0
2026-09-01 00:20:00.000000,Grey Nuns Community Hospital,507,0
2026-09-01 00:20:00.000000,Innisfail Health Centre,,1
2026-09-01 00:20:00.000000,Lacombe Hospital and Care Centre,,1
2026-09-01 00:20:00.000000,Leduc Community Hospital,440,0
2026-09-01 00:20:00.000000,Medicine Hat Regional Hospital,265,0
2026-09-01 00:20:00.000000,Misericordia Community Hospital,796,0
2026-09-01 00:20:00.000000,Northeast Community Health Centre,312,0
2026-09-01 00:20:00.000000,Northern Lights Regional Health Centre,253,0
2026-09-01 00:20:00.000000,Okotoks Health and Wellness Centre,,0
2026-09-01 00:20:00.000000,Peter Lougheed Centre,495,0
2026-09-01 00:20:00.000000,Red Deer Regional Hospital,426,0
2026-09-01 00:20:00.000000,Rockyview General Hospital,323,0
2026-09-01 00:20:00.000000,Royal Alexandra Hospital,281,0
2026-09-01 00:20:00.000000,Sheldon M. Chumir Centre,216,0
2026-09-01 00:20:00.000000,South Calgary Health Centre,,0
2026-09-01 00:20:00.000000,South Health Campus,470,0
2026-09-01 00:20:00.000000,Stollery Children's Hospital,240,0
2026-09-01 00:20:00.000000,Strathcona Community Hospital,205,0
2026-09-01 00:20:00.000000,Sturgeon Community Hospital,431,0
2026-09-01 00:20:00.000000,University of Alberta Hospital,374,0
2026-09-01 00:20:00.000000,WestView Health Centre,391,0
2026-09-01 00:30:00.000000,Airdrie Community Health Centre,217,0
2026-09-01 00:30:00.000000,Alberta Children's Hospital,170,0
2026-09-01 00:30:00.000000,Chinook Regional Hospital,149,0
2026-09-01 00:30:00.000000,Cochrane Community Health Centre,,0
2026-09-01 00:30:00.000000,Devon General Hospital,337,0
2026-09-01 00:30:00.000000,Foothills Medical Centre,428,0
2026-09-01 00:30:00.000000,Fort Sask Community Hospital,388,0
2026-09-01 00:30:00.000000,Grande Prairie Regional Hospital,167,0
2026-09-01 00:30:00.000000,Grey Nuns Community Hospital,496,0
2026-09-01 00:30:00.000000,Innisfail Health Centre,,1
2026-09-01 00:30:00.000000,Lacombe Hospital and Care Centre,,1
2026-09-01 00:30:00.000000,Leduc Community Hospital,440,0
2026-09-01 00:30:00.000000,Medicine Hat Regional Hospital,210,0
2026-09-01 00:30:00.000000,Misericordia Community Hospital,742,0
2026-09-01 00:30:00.000000,Northeast Community Health Centre,357,0
2026-09-01 00:30:00.000000,Northern Lights Regional Health Centre,155,0
2026-09-01 00:30:00.000000,Okotoks Health and Wellness Centre,,0
2026-09-01 00:30:00.000000,Peter Lougheed Centre,475,0
2026-09-01 00:30:00.000000,Red Deer Regional Hospital,404,0
2026-09-01 00:30:00.000000,Rockyview General Hospital,326,0
2026-09-01 00:30:00.000000,Royal Alexandra Hospital,286,0
2026-09-01 00:30:00.000000,Sheldon M. Chumir Centre,206,0
2026-09-01 00:30:00.000000,South Calgary Health Centre,,0
2026-09-01 00:30:00.000000,South Health Campus,474,0
2026-09-01 00:30:00.000000,Stollery Children's Hospital,249,0
2026-09-01 00:30:00.000000,Strathcona Community Hospital,189,0
2026-09-01 00:30:00.000000,Sturgeon Community Hospital,388,0
2026-09-01 00:30:00.000000,University of Alberta Hospital,384,0
2026-09-01 00:30:00.000000,WestView Health Centre,358,0
2026-09-01 00:40:00.000000,Airdrie Community Health Centre,177,0
2026-09-01 00:40:00.000000,Alberta Children's Hospital,178,0
2026-09-01 00:40:00.000000,Chinook Regional Hospital,155,0
2026-09-01 00:40:00.000000,Cochrane Community Health Centre,,0
2026-09-01 00:40:00.000000,Devon General Hospital,337,0
2026-09-01 00:40:00.000000,Foothills Medical Centre,438,0
2026-09-01 00:40:00.000000,Fort Sask Community Hospital,388,0
2026-09-01 00:40:00.000000,Grande Prairie Regional Hospital,167,0
2026-09-01 00:40:00.000000,Grey Nuns Community Hospital,486,0
2026-09-01 00:40:00.000000,Innisfail Health Centre,,1
2026-09-01 00:40:00.000000,Lacombe Hospital and Care Centre,,1
2026-09-01 00:40:00.000000,Leduc Community Hospital,417,0
2026-09-01 00:40:00.000000,Medicine Hat Regional Hospital,216,0
2026-09-01 00:40:00.000000,Misericordia Community Hospital,708,0
2026-09-01 00:40:00.000000,Northeast Community Health Centre,333,0
2026-09-01 00:40:00.000000,Northern Lights Regional Health Centre,169,0
2026-09-01 00:40:00.000000,Okotoks Health and Wellness Centre,,0
2026-09-01 00:40:00.000000,Peter Lougheed Centre,468,0
2026-09-01 00:40:00.000000,Red Deer Regional Hospital,415,0
2026-09-01 00:40:00.000000,Rockyview General Hospital,325,0
2026-09-01 00:40:00.000000,Royal Alexandra Hospital,267,0
2026-09-01 00:40:00.000000,Sheldon M. Chumir Centre,213,0
2026-09-01 00:40:00.000000,South Calgary Health Centre,,0
2026-09-01 00:40:00.000000,South Health Campus,442,0
2026-09-01 00:40:00.000000,Stollery Children's Hospital,240,0
2026-09-01 00:40:00.000000,Strathcona Community Hospital,206,0
2026-09-01 00:40:00.000000,Sturgeon Community Hospital,445,0
2026-09-01 00:40:00.000000,University of Alberta Hospital,390,0
2026-09-01 00:40:00.000000,WestView Health Centre,358,0
2026-09-01 00:50:00.000000,Airdrie Community Health Centre,222,0
2026-09-01 00:50:00.000000,Alberta Children's Hospital,204,0
2026-09-01 00:50:00.000000,Chinook Regional Hospital,134,0
2026-09-01 00:50:00.000000,Cochrane Community Health Centre,,0
2026-09-01 00:50:00.000000,Devon General Hospital,375,0
2026-09-01 00:50:00.000000,Foothills Medical Centre,425,0
2026-09-01 00:50:00.000000,Fort Sask Community Hospital,388,0
2026-09-01 00:50:00.000000,Grande Prairie Regional Hospital,186,0
2026-09-01 00:50:00.000000,Grey Nuns Community Hospital,475,0
2026-09-01 00:50:00.000000,Innisfail Health Centre,,1
2026-09-01 00:50:00.000000,Lacombe Hospital and Care Centre,,1
2026-09-01 00:50:00.000000,Leduc Community Hospital,440,0
2026-09-01 00:50:00.000000,Medicine Hat Regional Hospital,222,0
2026-09-01 00:50:00.000000,Misericordia Community Hospital,716,0
2026-09-01 00:50:00.000000,Northeast Community Health Centre,346,0
2026-09-01 00:50:00.000000,Northern Lights Regional Health Centre,169,0
2026-09-01 00:50:00.000000,Okotoks Health and Wellness Centre,,0
2026-09-01 00:50:00.000000,Peter Lougheed Centre,468,0
2026-09-01 00:50:00.000000,Red Deer Regional Hospital,415,0
2026-09-01 00:50:00.000000,Rockyview General Hospital,374,0
2026-09-01 00:50:00.000000,Royal Alexandra Hospital,247,0
2026-09-01 00:50:00.000000,Sheldon M. Chumir Centre,220,0
2026-09-01 00:50:00.000000,South Calgary Health Centre,,0
2026-09-01 00:50:00.000000,South Health Campus,436,0
2026-09-01 00:50:00.000000,Stollery Children's Hospital,262,0
2026-09-01 00:50:00.000000,Strathcona Community Hospital,193,0
2026-09-01 00:50:00.000000,Sturgeon Community Hospital,487,0
2026-09-01 00:50:00.000000,University of Alberta Hospital,414,0
2026-09-01 00:50:00.000000,WestView Health Centre,358,0
2026-09-01 01:00:00.000000,Airdrie Community Health Centre,217,0
2026-09-01 01:00:00.000000,Alberta Children's Hospital,212,0
2026-09-01 01:00:00.000000,Chinook Regional Hospital,155,0
2026-09-01 01:00:00.000000,Cochrane Community Health Centre,,0
2026-09-01 01:00:00.000000,Devon General Hospital,375,0
2026-09-01 01:00:00.000000,Foothills Medical Centre,439,0
2026-09-01 01:00:00.000000,Fort Sask Community Hospital,356,0
2026-09-01 01:00:00.000000,Grande Prairie Regional Hospital,204,0
2026-09-01 01:00:00.000000,Grey Nuns Community Hospital,464,0
2026-09-01 01:00:00.000000,Innisfail Health Centre,,1
2026-09-01 01:00:00.000000,Lacombe Hospital and Care Centre,,1
2026-09-01 01:00:00.000000,Leduc Community Hospital,440,0
2026-09-01 01:00:00.000000,Medicine Hat Regional Hospital,230,0
2026-09-01 01:00:00.000000,Misericordia Community Hospital,709,0
2026-09-01 01:00:00.000000,Northeast Community Health Centre,353,0
2026-09-01 01:00:00.000000,Northern Lights Regional Health Centre,197,0
2026-09-01 01:00:00.000000,Okotoks Health and Wellness Centre,,0
2026-09-01 01:00:00.000000,Peter Lougheed Centre,468,0
2026-09-01 01:00:00.000000,Red Deer Regional Hospital,415,0
2026-09-01 01:00:00.000000,Rockyview General Hospital,351,0
2026-09-01 01:00:00.000000,Royal Alexandra Hospital,267,0
2026-09-01 01:00:00.000000,Sheldon M. Chumir Centre,155,0
2026-09-01 01:00:00.000000,South Calgary Health Centre,,0
2026-09-01 01:00:00.000000,South Health Campus,440,0
2026-09-01 01:00:00.000000,Stollery Children's Hospital,256,0
2026-09-01 01:00:00.000000,Strathcona Community Hospital,183,0
2026-09-01 01:00:00.000000,Sturgeon Community Hospital,419,0
2026-09-01 01:00:00.000000,University of Alberta Hospital,399,0
2026-09-01 01:00:00.000000,WestView Health Centre,293,0
2026-09-01 01:10:00.000000,Airdrie Community Health Centre,229,0
2026-09-01 01:10:00.000000,Alberta Children's Hospital,177,0
2026-09-01 01:10:00.000000,Chinook Regional Hospital,147,0
2026-09-01 01:10:00.000000,Cochrane Community Health Centre,,0
2026-09-01 01:10:00.000000,Devon General Hospital,375,0
2026-09-01 01:10:00.000000,Foothills Medical Centre,448,0
2026-09-01 01:10:00.000000,Fort Sask Community Hospital,356,0
2026-09-01 01:10:00.000000,Grande Prairie Regional Hospital,204,0
2026-09-01 01:10:00.000000,Grey Nuns Community Hospital,475,0
2026-09-01 01:10:00.000000,Innisfail Health Centre,,1
2026-09-01 01:10:00.000000,Lacombe Hospital and Care Centre,,1
2026-09-01 01:10:00.000000,Leduc Community Hospital,394,0
2026-09-01 01:10:00.000000,Medicine Hat Regional Hospital,234,0
2026-09-01 01:10:00.000000,Misericordia Community Hospital,699,0
2026-09-01 01:10:00.000000,Northeast Community Health Centre,355,0
2026-09-01 01:10:00.000000,Northern Lights Regional Health Centre,183,0
2026-09-01 01:10:00.000000,Okotoks Health and Wellness Centre,,0
2026-09-01 01:10:00.000000,Peter Lougheed Centre,455,0
2026-09-01 01:10:00.000000,Red Deer Regional Hospital,404,0
2026-09-01 01:10:00.000000,Rockyview General Hospital,360,0
2026-09-01 01:10:00.000000,Royal Alexandra Hospital,278,0
2026-09-01 01:10:00.000000,Sheldon M. Chumir Centre,143,0
2026-09-01 01:10:00.000000,South Calgary Health Centre,,0
2026-09-01 01:10:00.000000,South Health Campus,441,0
2026-09-01 01:10:00.000000,Stollery Children's Hospital,247,0
2026-09-01 01:10:00.000000,Strathcona Community Hospital,194,0
2026-09-01 01:10:00.000000,Sturgeon Community Hospital,409,0
2026-09-01 01:10:00.000000,University of Alberta Hospital,397,0
2026-09-01 01:10:00.000000,WestView Health Centre,293,0
2026-09-01 01:20:00.000000,Airdrie Community Health Centre,184,0
2026-09-01 01:20:00.000000,Alberta Children's Hospital,177,0
2026-09-01 01:20:00.000000,Chinook Regional Hospital,129,0
2026-09-01 01:20:00.000000,Cochrane Community Health Centre,,0
2026-09-01 01:20:00.000000,Devon General Hospital,337,0
2026-09-01 01:20:00.000000,Foothills Medical Centre,445,0
2026-09-01 01:20:00.000000,Fort Sask Community Hospital,356,0
2026-09-01 01:20:00.000000,Grande Prairie Regional Hospital,223,0
2026-09-01 01:20:00.000000,Grey Nuns Community Hospital,486,0
2026-09-01 01:20:00.000000,Innisfail Health Centre,,1
2026-09-01 01:20:00.000000,Lacombe Hospital and Care Centre,,1
2026-09-01 01:20:00.000000,Leduc Community Hospital,417,0
2026-09-01 01:20:00.000000,Medicine Hat Regional Hospital,191,0
2026-09-01 01:20:00.000000,Misericordia Community Hospital,655,0
2026-09-01 01:20:00.000000,Northeast Community Health Centre,366,0
2026-09-01 01:20:00.000000,Northern Lights Regional Health Centre,183,0
2026-09-01 01:20:00.000000,Okotoks Health and Wellness Centre,,0
2026-09-01 01:20:00.000000,Peter Lougheed Centre,442,0
2026-09-01 01:20:00.000000,Red Deer Regional Hospital,404,0
2026-09-01 01:20:00.000000,Rockyview General Hospital,344,0
2026-09-01 01:20:00.000000,Royal Alexandra Hospital,262,0
2026-09-01 01:20:00.000000,Sheldon M. Chumir Centre,171,0
2026-09-01 01:20:00.000000,South Calgary Health Centre,,0
2026-09-01 01:20:00.000000,South Health Campus,416,0
2026-09-01 01:20:00.000000,Stollery Children's Hospital,195,0
2026-09-01 01:20:00.000000,Strathcona Community Hospital,208,0
2026-09-01 01:20:00.000000,Sturgeon Community Hospital,334,0
2026-09-01 01:20:00.000000,University of Alberta Hospital,403,0
2026-09-01 01:20:00.000000,WestView Health Centre,260,0
2026-09-01 01:30:00.000000,Airdrie Community Health Centre,192,0
2026-09-01 01:30:00.000000,Alberta Children's Hospital,189,0
2026-09-01 01:30:00.000000,Chinook Regional Hospital,135,0
2026-09-01 01:30:00.000000,Cochrane Community Health Centre,,0
2026-09-01 01:30:00.000000,Devon General Hospital,337,0
2026-09-01 01:30:00.000000,Foothills Medical Centre,464,0
2026-09-01 01:30:00.000000,Fort Sask Community Hospital,356,0
2026-09-01 01:30:00.000000,Grande Prairie Regional Hospital,223,0
2026-09-01 01:30:00.000000,Grey Nuns Community Hospital,475,0
2026-09-01 01:30:00.000000,Innisfail Health Centre,,1
2026-09-01 01:30:00.000000,Lacombe Hospital and Care Centre,,1
2026-09-01 01:30:00.000000,Leduc Community Hospital,394,0
2026-09-01 01:30:00.000000,Medicine Hat Regional Hospital,191,0
2026-09-01 01:30:00.000000,Misericordia Community Hospital,645,0
2026-09-01 01:30:00.000000,Northeast Community Health Centre,345,0
2026-09-01 01:30:00.000000,Northern Lights Regional Health Centre,169,0
2026-09-01 01:30:00.000000,Okotoks Health and Wellness Centre,,0
2026-09-01 01:30:00.000000,Peter Lougheed Centre,436,0
2026-09-01 01:30:00.000000,Red Deer Regional Hospital,415,0
2026-09-01 01:30:00.000000,Rockyview General Hospital,326,0
2026-09-01 01:30:00.000000,Royal Alexandra Hospital,242,0
2026-09-01 01:30:00.000000,Sheldon M. Chumir Centre,178,0
2026-09-01 01:30:00.000000,South Calgary Health Centre,,0
2026-09-01 01:30:00.000000,South Health Campus,416,0
2026-09-01 01:30:00.000000,Stollery Children's Hospital,187,0
2026-09-01 01:30:00.000000,Strathcona Community Hospital,242,0
2026-09-01 01:30:00.000000,Sturgeon Community Hospital,342,0
2026-09-01 01:30:00.000000,University of Alberta Hospital,384,0
2026-09-01 01:30:00.000000,WestView Health Centre,260,0
2026-09-01 01:40:00.000000,Airdrie Community Health Centre,201,0
2026-09-01 01:40:00.000000,Alberta Children's Hospital,185,0
2026-09-01 01:40:00.000000,Chinook Regional Hospital,128,0
2026-09-01 01:40:00.000000,Cochrane Community Health Centre,,0
2026-09-01 01:40:00.000000,Devon General Hospital,337,0
2026-09-01 01:40:00.000000,Foothills Medical Centre,459,0
2026-09-01 01:40:00.000000,Fort Sask Community Hospital,324,0
2026-09-01 01:40:00.000000,Grande Prairie Regional Hospital,223,0
2026-09-01 01:40:00.000000,Grey Nuns Community Hospital,464,0
2026-09-01 01:40:00.000000,Innisfail Health Centre,,1
2026-09-01 01:40:00.000000,Lacombe Hospital and Care Centre,,1
2026-09-01 01:40:00.000000,Leduc Community Hospital,394,0
2026-09-01 01:40:00.000000,Medicine Hat Regional Hospital,170,0
2026-09-01 01:40:00.000000,Misericordia Community Hospital,653,0
2026-09-01 01:40:00.000000,Northeast Community Health Centre,383,0
2026-09-01 01:40:00.000000,Northern Lights Regional Health Centre,155,0
2026-09-01 01:40:00.000000,Okotoks Health and Wellness Centre,,0
2026-09-01 01:40:00.000000,Peter Lougheed Centre,436,0
2026-09-01 01:40:00.000000,Red Deer Regional Hospital,437,0
2026-09-01 01:40:00.000000,Rockyview General Hospital,309,0
2026-09-01 01:40:00.000000,Royal Alexandra Hospital,237,0
2026-09-01 01:40:00.000000,Sheldon M. Chumir Centre,204,0
2026-09-01 01:40:00.000000,South Calgary Health Centre,,0
2026-09-01 01:40:00.000000,South Health Campus,416,0
2026-09-01 01:40:00.000000,Stollery Children's Hospital,209,0
2026-09-01 01:40:00.000000,Strathcona Community Hospital,229,0
2026-09-01 01:40:00.000000,Sturgeon Community Hospital,329,0
2026-09-01 01:40:00.000000,University of Alberta Hospital,388,0
2026-09-01 01:40:00.000000,WestView Health Centre,260,0
2026-09-01 01:50:00.000000,Airdrie Community Health Centre,209,0
2026-09-01 01:50:00.000000,Alberta Children's Hospital,197,0
2026-09-01 01:50:00.000000,Chinook Regional Hospital,133,0
2026-09-01 01:50:00.000000,Cochrane Community Health Centre,,0
2026-09-01 01:50:00.000000,Devon General Hospital,337,0
2026-09-01 01:50:00.000000,Foothills Medical Centre,466,0
2026-09-01 01:50:00.000000,Fort Sask Community Hospital,324,0
2026-09-01 01:50:00.000000,Grande Prairie Regional Hospital,241,0
2026-09-01 01:50:00.000000,Grey Nuns Community Hospital,464,0
2026-09-01 01:50:00.000000,Innisfail Health Centre,,1
2026-09-01 01:50:00.000000,Lacombe Hospital and Care Centre,,1
2026-09-01 01:50:00.000000,Leduc Community Hospital,371,0
2026-09-01 01:50:00.000000,Medicine Hat Regional Hospital,191,0
2026-09-01 01:50:00.000000,Misericordia Community Hospital,624,0
2026-09-01 01:50:00.000000,Northeast Community Health Centre,393,0
2026-09-01 01:50:00.000000,Northern Lights Regional Health Centre,155,0
2026-09-01 01:50:00.000000,Okotoks Health and Wellness Centre,,0
2026-09-01 01:50:00.000000,Peter Lougheed Centre,440,0
2026-09-01 01:50:00.000000,Red Deer Regional Hospital,426,0
2026-09-01 01:50:00.000000,Rockyview General Hospital,330,0
2026-09-01 01:50:00.000000,Royal Alexandra Hospital,227,0
2026-09-01 01:50:00.000000,Sheldon M. Chumir Centre,230,0
2026-09-01 01:50:00.000000,South Calgary Health Centre,,0
2026-09-01 01:50:00.000000,South Health Campus,416,0
2026-09-01 01:50:00.000000,Stollery Children's Hospital,231,0
2026-09-01 01:50:00.000000,Strathcona Community Hospital,216,0
2026-09-01 01:50:00.000000,Sturgeon Community Hospital,337,0
2026-09-01 01:50:00.000000,University of Alberta Hospital,369,0
2026-09-01 01:50:00.000000,WestView Health Centre,293,0
2026-09-01 02:00:00.000000,Airdrie Community Health Centre,248,0
2026-09-01 02:00:00.000000,Alberta Children's Hospital,180,0
2026-09-01 02:00:00.000000,Chinook Regional Hospital,155,0
2026-09-01 02:00:00.000000,Cochrane Community Health Centre,,0
2026-09-01 02:00:00.000000,Devon General Hospital,337,0
2026-09-01 02:00:00.000000,Foothills Medical Centre,487,0
2026-09-01 02:00:00.000000,Fort Sask Community Hospital,324,0
2026-09-01 02:00:00.000000,Grande Prairie Regional Hospital,241,0
2026-09-01 02:00:00.000000,Grey Nuns Community Hospital,442,0
2026-09-01 02:00:00.000000,Innisfail Health Centre,,1
2026-09-01 02:00:00.000000,Lacombe Hospital and Care Centre,,1
2026-09-01 02:00:00.000000,Leduc Community Hospital,371,0
2026-09-01 02:00:00.000000,Medicine Hat Regional Hospital,149,0
2026-09-01 02:00:00.000000,Misericordia Community Hospital,635,0
2026-09-01 02:00:00.000000,Northeast Community Health Centre,384,0
2026-09-01 02:00:00.000000,Northern Lights Regional Health Centre,155,0
2026-09-01 02:00:00.000000,Okotoks Health and Wellness Centre,,0
2026-09-01 02:00:00.000000,Peter Lougheed Centre,432,0
2026-09-01 02:00:00.000000,Red Deer Regional Hospital,404,0
2026-09-01 02:00:00.000000,Rockyview General Hospital,363,0
2026-09-01 02:00:00.000000,Royal Alexandra Hospital,227,0
2026-09-01 02:00:00.000000,Sheldon M. Chumir Centre,257,0
2026-09-01 02:00:00.000000,South Calgary Health Centre,,0
2026-09-01 02:00:00.000000,South Health Campus,415,0
2026-09-01 02:00:00.000000,Stollery Children's Hospital,225,0
2026-09-01 02:00:00.000000,Strathcona Community Hospital,207,0
2026-09-01 02:00:00.000000,Sturgeon Community Hospital,341,0
2026-09-01 02:00:00.000000,University of Alberta Hospital,375,0
2026-09-01 02:00:00.000000,WestView Health Centre,260,0
2026-09-01 02:10:00.000000,Airdrie Community Health Centre,141,0
2026-09-01 02:10:00.000000,Alberta Children's Hospital,173,0
2026-09-01 02:10:00.000000,Chinook Regional Hospital,145,0
2026-09-01 02:10:00.000000,Cochrane Community Health Centre,,0
2026-09-01 02:10:00.000000,Devon General Hospital,262,0
2026-09-01 02:10:00.000000,Foothills Medical Centre,469,0
2026-09-01 02:10:00.000000,Fort Sask Community Hospital,324,0
2026-09-01 02:10:00.000000,Grande Prairie Regional Hospital,260,0
2026-09-01 02:10:00.000000,Grey Nuns Community Hospital,442,0
2026-09-01 02:10:00.000000,Innisfail Health Centre,,1
2026-09-01 02:10:00.000000,Lacombe Hospital and Care Centre,,1
2026-09-01 02:10:00.000000,Leduc Community Hospital,348,0
2026-09-01 02:10:00.000000,Medicine Hat Regional Hospital,149,0
2026-09-01 02:10:00.000000,Misericordia Community Hospital,625,0
2026-09-01 02:10:00.000000,Northeast Community Health Centre,351,0
2026-09-01 02:10:00.000000,Northern Lights Regional Health Centre,155,0
2026-09-01 02:10:00.000000,Okotoks Health and Wellness Centre,,0
2026-09-01 02:10:00.000000,Peter Lougheed Centre,431,0
2026-09-01 02:10:00.000000,Red Deer Regional Hospital,403,0
2026-09-01 02:10:00.000000,Rockyview General Hospital,320,0
2026-09-01 02:10:00.000000,Royal Alexandra Hospital,227,0
2026-09-01 02:10:00.000000,Sheldon M. Chumir Centre,279,0
2026-09-01 02:10:00.000000,South Calgary Health Centre,,0
2026-09-01 02:10:00.000000,South Health Campus,413,0
2026-09-01 02:10:00.000000,Stollery Children's Hospital,229,0
2026-09-01 02:10:00.000000,Strathcona Community Hospital,213,0
2026-09-01 02:10:00.000000,Sturgeon Community Hospital,326,0
2026-09-01 02:10:00.000000,University of Alberta Hospital,395,0
2026-09-01 02:10:00.000000,WestView Health Centre,260,0
2026-09-01 02:20:00.000000,Airdrie Community Health Centre,141,0
2026-09-01 02:20:00.000000,Alberta Children's Hospital,165,0
2026-09-01 02:20:00.000000,Chinook Regional Hospital,145,0
2026-09-01 02:20:00.000000,Cochrane Community Health Centre,,0
2026-09-01 02:20:00.000000,Devon General Hospital,262,0
2026-09-01 02:20:00.000000,Foothills Medical Centre,473,0
2026-09-01 02:20:00.000000,Fort Sask Community Hospital,259,0
2026-09-01 02:20:00.000000,Grande Prairie Regional Hospital,223,0
2026-09-01 02:20:00.000000,Grey Nuns Community Hospital,410,0
2026-09-01 02:20:00.000000,Innisfail Health Centre,,1
2026-09-01 02:20:00.000000,Lacombe Hospital and Care Centre,,1
2026-09-01 02:20:00.000000,Leduc Community Hospital,324,0
2026-09-01 02:20:00.000000,Medicine Hat Regional Hospital,149,0
2026-09-01 02:20:00.000000,Misericordia Community Hospital,635,0
2026-09-01 02:20:00.000000,Northeast Community Health Centre,362,0
2026-09-01 02:20:00.000000,Northern Lights Regional Health Centre,141,0
2026-09-01 02:20:00.000000,Okotoks Health and Wellness Centre,,0
2026-09-01 02:20:00.000000,Peter Lougheed Centre,432,0
2026-09-01 02:20:00.000000,Red Deer Regional Hospital,399,0
2026-09-01 02:20:00.000000,Rockyview General Hospital,299,0
2026-09-01 02:20:00.000000,Royal Alexandra Hospital,220,0
2026-09-01 02:20:00.000000,Sheldon M. Chumir Centre,284,0
2026-09-01 02:20:00.000000,South Calgary Health Centre,,0
2026-09-01 02:20:00.000000,South Health Campus,416,0
2026-09-01 02:20:00.000000,Stollery Children's Hospital,214,0
2026-09-01 02:20:00.000000,Strathcona Community Hospital,237,0
2026-09-01 02:20:00.000000,Sturgeon Community Hospital,280,0
2026-09-01 02:20:00.000000,University of Alberta Hospital,365,0
2026-09-01 02:20:00.000000,WestView Health Centre,293,0
2026-09-01 02:30:00.000000,Airdrie Community Health Centre,141,0
2026-09-01 02:30:00.000000,Alberta Children's Hospital,155,0
2026-09-01 02:30:00.000000,Chinook Regional Hospital,118,0
2026-09-01 02:30:00.000000,Cochrane Community Health Centre,,0
2026-09-01 02:30:00.000000,Devon General Hospital,262,0
2026-09-01 02:30:00.000000,Foothills Medical Centre,465,0
2026-09-01 02:30:00.000000,Fort Sask Community Hospital,259,0
2026-09-01 02:30:00.000000,Grande Prairie Regional Hospital,241,0
2026-09-01 02:30:00.000000,Grey Nuns Community Hospital,388,0
2026-09-01 02:30:00.000000,Innisfail Health Centre,,1
2026-09-01 02:30:00.000000,Lacombe Hospital and Care Centre,,1
2026-09-01 02:30:00.000000,Leduc Community Hospital,232,0
2026-09-01 02:30:00.000000,Medicine Hat Regional Hospital,106,0
2026-09-01 02:30:00.000000,Misericordia Community Hospital,625,0
2026-09-01 02:30:00.000000,Northeast Community Health Centre,372,0
2026-09-01 02:30:00.000000,Northern Lights Regional Health Centre,112,0
2026-09-01 02:30:00.000000,Okotoks Health and Wellness Centre,,0
2026-09-01 02:30:00.000000,Peter Lougheed Centre,418,0
2026-09-01 02:30:00.000000,Red Deer Regional Hospital,374,0
2026-09-01 02:30:00.000000,Rockyview General Hospital,290,0
2026-09-01 02:30:00.000000,Royal Alexandra Hospital,224,0
2026-09-01 02:30:00.000000,Sheldon M. Chumir Centre,290,0
2026-09-01 02:30:00.000000,South Calgary Health Centre,,0
2026-09-01 02:30:00.000000,South Health Campus,408,0
2026-09-01 02:30:00.000000,Stollery Children's Hospital,198,0
2026-09-01 02:30:00.000000,Strathcona Community Hospital,213,0
2026-09-01 02:30:00.000000,Sturgeon Community Hospital,284,0
2026-09-01 02:30:00.000000,University of Alberta Hospital,352,0
2026-09-01 02:30:00.000000,WestView Health Centre,326,0
2026-09-01 02:40:00.000000,Airdrie Community Health Centre,141,0
2026-09-01 02:40:00.000000,Alberta Children's Hospital,129,0
2026-09-01 02:40:00.000000,Chinook Regional Hospital,118,0
2026-09-01 02:40:00.000000,Cochrane Community Health Centre,,0
2026-09-01 02:40:00.000000,Devon General Hospital,187,0
2026-09-01 02:40:00.000000,Foothills Medical Centre,505,0
2026-09-01 02:40:00.000000,Fort Sask Community Hospital,259,0
2026-09-01 02:40:00.000000,Grande Prairie Regional Hospital,241,0
2026-09-01 02:40:00.000000,Grey Nuns Community Hospital,367,0
2026-09-01 02:40:00.000000,Innisfail Health Centre,,1
2026-09-01 02:40:00.000000,Lacombe Hospital and Care Centre,,1
2026-09-01 02:40:00.000000,Leduc Community Hospital,232,0
2026-09-01 02:40:00.000000,Medicine Hat Regional Hospital,85,0
2026-09-01 02:40:00.000000,Misericordia Community Hospital,618,0
2026-09-01 02:40:00.000000,Northeast Community Health Centre,420,0
2026-09-01 02:40:00.000000,Northern Lights Regional Health Centre,112,0
2026-09-01 02:40:00.000000,Okotoks Health and Wellness Centre,,0
2026-09-01 02:40:00.000000,Peter Lougheed Centre,414,0
2026-09-01 02:40:00.000000,Red Deer Regional Hospital,370,0
2026-09-01 02:40:00.000000,Rockyview General Hospital,320,0
2026-09-01 02:40:00.000000,Royal Alexandra Hospital,237,0
2026-09-01 02:40:00.000000,Sheldon M. Chumir Centre,285,0
2026-09-01 02:40:00.000000,South Calgary Health Centre,,0
2026-09-01 02:40:00.000000,South Health Campus,399,0
2026-09-01 02:40:00.000000,Stollery Children's Hospital,168,0
2026-09-01 02:40:00.000000,Strathcona Community Hospital,237,0
2026-09-01 02:40:00.000000,Sturgeon Community Hospital,269,0
2026-09-01 02:40:00.000000,University of Alberta Hospital,355,0
2026-09-01 02:40:00.000000,WestView Health Centre,293,0
2026-09-01 02:50:00.000000,Airdrie Community Health Centre,141,0
2026-09-01 02:50:00.000000,Alberta Children's Hospital,119,0
2026-09-01 02:50:00.000000,Chinook Regional Hospital,105,0
2026-09-01 02:50:00.000000,Cochrane Community Health Centre,,0
2026-09-01 02:50:00.000000,Devon General Hospital,187,0
2026-09-01 02:50:00.000000,Foothills Medical Centre,517,0
2026-09-01 02:50:00.000000,Fort Sask Community Hospital,259,0
2026-09-01 02:50:00.000000,Grande Prairie Regional Hospital,241,0
2026-09-01 02:50:00.000000,Grey Nuns Community Hospital,367,0
2026-09-01 02:50:00.000000,Innisfail Health Centre,,1
2026-09-01 02:50:00.000000,Lacombe Hospital and Care Centre,,1
2026-09-01 02:50:00.000000,Leduc Community Hospital,232,0
2026-09-01 02:50:00.000000,Medicine Hat Regional Hospital,63,0
2026-09-01 02:50:00.000000,Misericordia Community Hospital,607,0
2026-09-01 02:50:00.000000,Northeast Community Health Centre,409,0
2026-09-01 02:50:00.000000,Northern Lights Regional Health Centre,70,0
2026-09-01 02:50:00.000000,Okotoks Health and Wellness Centre,,0
2026-09-01 02:50:00.000000,Peter Lougheed Centre,411,0
2026-09-01 02:50:00.000000,Red Deer Regional Hospital,377,0
2026-09-01 02:50:00.000000,Rockyview General Hospital,286,0
2026-09-01 02:50:00.000000,Royal Alexandra Hospital,211,0
2026-09-01 02:50:00.000000,Sheldon M. Chumir Centre,282,0
2026-09-01 02:50:00.000000,South Calgary Health Centre,,0
2026-09-01 02:50:00.000000,South Health Campus,378,0
2026-09-01 02:50:00.000000,Stollery Children's Hospital,168,0
2026-09-01 02:50:00.000000,Strathcona Community Hospital,260,0
2026-09-01 02:50:00.000000,Sturgeon Community Hospital,255,0
2026-09-01 02:50:00.000000,University of Alberta Hospital,341,0
2026-09-01 02:50:00.000000,WestView Health Centre,293,0
2026-09-01 03:00:00.000000,Airdrie Community Health Centre,141,0
2026-09-01 03:00:00.000000,Alberta Children's Hospital,109,0
2026-09-01 03:00:00.000000,Chinook Regional Hospital,105,0
2026-09-01 03:00:00.000000,Cochrane Community Health Centre,,0
2026-09-01 03:00:00.000000,Devon General Hospital,187,0
2026-09-01 03:00:00.000000,Foothills Medical Centre,517,0
2026-09-01 03:00:00.000000,Fort Sask Community Hospital,259,0
2026-09-01 03:00:00.000000,Grande Prairie Regional Hospital,204,0
2026-09-01 03:00:00.000000,Grey Nuns Community Hospital,378,0
2026-09-01 03:00:00.000000,Innisfail Health Centre,,1
2026-09-01 03:00:00.000000,Lacombe Hospital and Care Centre,,1
2026-09-01 03:00:00.000000,Leduc Community Hospital,232,0
2026-09-01 03:00:00.000000,Medicine Hat Regional Hospital,30,0
2026-09-01 03:00:00.000000,Misericordia Community Hospital,615,0
2026-09-01 03:00:00.000000,Northeast Community Health Centre,382,0
2026-09-01 03:00:00.000000,Northern Lights Regional Health Centre,56,0
2026-09-01 03:00:00.000000,Okotoks Health and Wellness Centre,,0
2026-09-01 03:00:00.000000,Peter Lougheed Centre,403,0
2026-09-01 03:00:00.000000,Red Deer Regional Hospital,374,0
2026-09-01 03:00:00.000000,Rockyview General Hospital,277,0
2026-09-01 03:00:00.000000,Royal Alexandra Hospital,211,0
2026-09-01 03:00:00.000000,Sheldon M. Chumir Centre,287,0
2026-09-01 03:00:00.000000,South Calgary Health Centre,,0
2026-09-01 03:00:00.000000,South Health Campus,389,0
2026-09-01 03:00:00.000000,Stollery Children's Hospital,153,0
2026-09-01 03:00:00.000000,Strathcona Community Hospital,260,0
2026-09-01 03:00:00.000000,Sturgeon Community Hospital,255,0
2026-09-01 03:00:00.000000,University of Alberta Hospital,343,0
2026-09-01 03:00:00.000000,WestView Health Centre,260,0
2026-09-01 03:10:00.000000,Airdrie Community Health Centre,141,0
2026-09-01 03:10:00.000000,Alberta Children's Hospital,97,0
2026-09-01 03:10:00.000000,Chinook Regional Hospital,105,0
2026-09-01 03:10:00.000000,Cochrane Community Health Centre,,0
2026-09-01 03:10:00.000000,Devon General Hospital,225,0
2026-09-01 03:10:00.000000,Foothills Medical Centre,498,0
2026-09-01 03:10:00.000000,Fort Sask Community Hospital,259,0
2026-09-01 03:10:00.000000,Grande Prairie Regional Hospital,204,0
2026-09-01 03:10:00.000000,Grey Nuns Community Hospital,367,0
2026-09-01 03:10:00.000000,Innisfail Health Centre,,1
2026-09-01 03:10:00.000000,Lacombe Hospital and Care Centre,,1
2026-09-01 03:10:00.000000,Leduc Community Hospital,208,0
2026-09-01 03:10:00.000000,Medicine Hat Regional Hospital,30,0
2026-09-01 03:10:00.000000,Misericordia Community Hospital,640,0
2026-09-01 03:10:00.000000,Northeast Community Health Centre,346,0
2026-09-01 03:10:00.000000,Northern Lights Regional Health Centre,56,0
2026-09-01 03:10:00.000000,Okotoks Health and Wellness Centre,,0
2026-09-01 03:10:00.000000,Peter Lougheed Centre,404,0
2026-09-01 03:10:00.000000,Red Deer Regional Hospital,370,0
2026-09-01 03:10:00.000000,Rockyview General Hospital,267,0
2026-09-01 03:10:00.000000,Royal Alexandra Hospital,211,0
2026-09-01 03:10:00.000000,Sheldon M. Chumir Centre,287,0
2026-09-01 03:10:00.000000,South Calgary Health Centre,,0
2026-09-01 03:10:00.000000,South Health Campus,386,0
2026-09-01 03:10:00.000000,Stollery Children's Hospital,153,0
2026-09-01 03:10:00.000000,Strathcona Community Hospital,237,0
2026-09-01 03:10:00.000000,Sturgeon Community Hospital,224,0
2026-09-01 03:10:00.000000,University of Alberta Hospital,353,0
2026-09-01 03:10:00.000000,WestView Health Centre,260,0
2026-09-01 03:20:00.000000,Airdrie Community Health Centre,169,0
2026-09-01 03:20:00.000000,Alberta Children's Hospital,97,0
2026-09-01 03:20:00.000000,Chinook Regional Hospital,105,0
2026-09-01 03:20:00.000000,Cochrane Community Health Centre,,0
2026-09-01 03:20:00.000000,Devon General Hospital,187,0
2026-09-01 03:20:00.000000,Foothills Medical Centre,496,0
2026-09-01 03:20:00.000000,Fort Sask Community Hospital,226,0
2026-09-01 03:20:00.000000,Grande Prairie Regional Hospital,130,0
2026-09-01 03:20:00.000000,Grey Nuns Community Hospital,356,0
2026-09-01 03:20:00.000000,Innisfail Health Centre,,1
2026-09-01 03:20:00.000000,Lacombe Hospital and Care Centre,,1
2026-09-01 03:20:00.000000,Leduc Community Hospital,208,0
2026-09-01 03:20:00.000000,Medicine Hat Regional Hospital,30,0
2026-09-01 03:20:00.000000,Misericordia Community Hospital,622,0
2026-09-01 03:20:00.000000,Northeast Community Health Centre,303,0
2026-09-01 03:20:00.000000,Northern Lights Regional Health Centre,56,0
2026-09-01 03:20:00.000000,Okotoks Health and Wellness Centre,,0
2026-09-01 03:20:00.000000,Peter Lougheed Centre,399,0
2026-09-01 03:20:00.000000,Red Deer Regional Hospital,356,0
2026-09-01 03:20:00.000000,Rockyview General Hospital,267,0
2026-09-01 03:20:00.000000,Royal Alexandra Hospital,211,0
2026-09-01 03:20:00.000000,Sheldon M. Chumir Centre,283,0
2026-09-01 03:20:00.000000,South Calgary Health Centre,,0
2026-09-01 03:20:00.000000,South Health Campus,389,0
2026-09-01 03:20:00.000000,Stollery Children's Hospital,153,0
2026-09-01 03:20:00.000000,Strathcona Community Hospital,237,0
2026-09-01 03:20:00.000000,Sturgeon Community Hospital,219,0
2026-09-01 03:20:00.000000,University of Alberta Hospital,337,0
2026-09-01 03:20:00.000000,WestView Health Centre,260,0
2026-09-01 03:30:00.000000,Airdrie Community Health Centre,185,0
2026-09-01 03:30:00.000000,Alberta Children's Hospital,81,0
2026-09-01 03:30:00.000000,Chinook Regional Hospital,118,0
2026-09-01 03:30:00.000000,Cochrane Community Health Centre,,0
2026-09-01 03:30:00.000000,Devon General Hospital,187,0
2026-09-01 03:30:00.000000,Foothills Medical Centre,475,0
2026-09-01 03:30:00.000000,Fort Sask Community Hospital,226,0
2026-09-01 03:30:00.000000,Grande Prairie Regional Hospital,130,0
2026-09-01 03:30:00.000000,Grey Nuns Community Hospital,356,0
2026-09-01 03:30:00.000000,Innisfail Health Centre,,1
2026-09-01 03:30:00.000000,Lacombe Hospital and Care Centre,,1
2026-09-01 03:30:00.000000,Leduc Community Hospital,208,0
2026-09-01 03:30:00.000000,Medicine Hat Regional Hospital,63,0
2026-09-01 03:30:00.000000,Misericordia Community Hospital,658,0
2026-09-01 03:30:00.000000,Northeast Community Health Centre,281,0
2026-09-01 03:30:00.000000,Northern Lights Regional Health Centre,30,0
2026-09-01 03:30:00.000000,Okotoks Health and Wellness Centre,,0
2026-09-01 03:30:00.000000,Peter Lougheed Centre,397,0
2026-09-01 03:30:00.000000,Red Deer Regional Hospital,351,0
2026-09-01 03:30:00.000000,Rockyview General Hospital,255,0
2026-09-01 03:30:00.000000,Royal Alexandra Hospital,218,0
2026-09-01 03:30:00.000000,Sheldon M. Chumir Centre,283,0
2026-09-01 03:30:00.000000,South Calgary Health Centre,,0
2026-09-01 03:30:00.000000,South Health Campus,365,0
2026-09-01 03:30:00.000000,Stollery Children's Hospital,153,0
2026-09-01 03:30:00.000000,Strathcona Community Hospital,237,0
2026-09-01 03:30:00.000000,Sturgeon Community Hospital,227,0
2026-09-01 03:30:00.000000,University of Alberta Hospital,329,0
2026-09-01 03:30:00.000000,WestView Health Centre,293,0
2026-09-01 03:40:00.000000,Airdrie Community Health Centre,181,0
2026-09-01 03:40:00.000000,Alberta Children's Hospital,65,0
2026-09-01 03:40:00.000000,Chinook Regional Hospital,118,0
2026-09-01 03:40:00.000000,Cochrane Community Health Centre,,0
2026-09-01 03:40:00.000000,Devon General Hospital,225,0
2026-09-01 03:40:00.000000,Foothills Medical Centre,463,0
2026-09-01 03:40:00.000000,Fort Sask Community Hospital,226,0
2026-09-01 03:40:00.000000,Grande Prairie Regional Hospital,130,0
2026-09-01 03:40:00.000000,Grey Nuns Community Hospital,356,0
2026-09-01 03:40:00.000000,Innisfail Health Centre,,1
2026-09-01 03:40:00.000000,Lacombe Hospital and Care Centre,,1
2026-09-01 03:40:00.000000,Leduc Community Hospital,208,0
2026-09-01 03:40:00.000000,Medicine Hat Regional Hospital,63,0
2026-09-01 03:40:00.000000,Misericordia Community Hospital,677,0
2026-09-01 03:40:00.000000,Northeast Community Health Centre,303,0
2026-09-01 03:40:00.000000,Northern Lights Regional Health Centre,30,0
2026-09-01 03:40:00.000000,Okotoks Health and Wellness Centre,,0
2026-09-01 03:40:00.000000,Peter Lougheed Centre,373,0
2026-09-01 03:40:00.000000,Red Deer Regional Hospital,370,0
2026-09-01 03:40:00.000000,Rockyview General Hospital,229,0
2026-09-01 03:40:00.000000,Royal Alexandra Hospital,237,0
2026-09-01 03:40:00.000000,Sheldon M. Chumir Centre,278,0
2026-09-01 03:40:00.000000,South Calgary Health Centre,,0
2026-09-01 03:40:00.000000,South Health Campus,355,0
2026-09-01 03:40:00.000000,Stollery Children's Hospital,122,0
2026-09-01 03:40:00.000000,Strathcona Community Hospital,237,0
2026-09-01 03:40:00.000000,Sturgeon Community Hospital,221,0
2026-09-01 03:40:00.000000,University of Alberta Hospital,337,0
2026-09-01 03:40:00.000000,WestView Health Centre,293,0
2026-09-01 03:50:00.000000,Airdrie Community Health Centre,190,0
2026-09-01 03:50:00.000000,Alberta Children's Hospital,48,0
2026-09-01 03:50:00.000000,Chinook Regional Hospital,105,0
2026-09-01 03:50:00.000000,Cochrane Community Health Centre,,0
2026-09-01 03:50:00.000000,Devon General Hospital,150,0
2026-09-01 03:50:00.000000,Foothills Medical Centre,460,0
2026-09-01 03:50:00.000000,Fort Sask Community Hospital,226,0
2026-09-01 03:50:00.000000,Grande Prairie Regional Hospital,130,0
2026-09-01 03:50:00.000000,Grey Nuns Community Hospital,334,0
2026-09-01 03:50:00.000000,Innisfail Health Centre,,1
2026-09-01 03:50:00.000000,Lacombe Hospital and Care Centre,,1
2026-09-01 03:50:00.000000,Leduc Community Hospital,232,0
2026-09-01 03:50:00.000000,Medicine Hat Regional Hospital,42,0
2026-09-01 03:50:00.000000,Misericordia Community Hospital,658,0
2026-09-01 03:50:00.000000,Northeast Community Health Centre,281,0
2026-09-01 03:50:00.000000,Northern Lights Regional Health Centre,42,0
2026-09-01 03:50:00.000000,Okotoks Health and Wellness Centre,,0
2026-09-01 03:50:00.000000,Peter Lougheed Centre,357,0
2026-09-01 03:50:00.000000,Red Deer Regional Hospital,355,0
2026-09-01 03:50:00.000000,Rockyview General Hospital,229,0
2026-09-01 03:50:00.000000,Royal Alexandra Hospital,224,0
2026-09-01 03:50:00.000000,Sheldon M. Chumir Centre,272,0
2026-09-01 03:50:00.000000,South Calgary Health Centre,,0
2026-09-01 03:50:00.000000,South Health Campus,350,0
2026-09-01 03:50:00.000000,Stollery Children's Hospital,137,0
2026-09-01 03:50:00.000000,Strathcona Community Hospital,237,0
2026-09-01 03:50:00.000000,Sturgeon Community Hospital,243,0
2026-09-01 03:50:00.000000,University of Alberta Hospital,329,0
2026-09-01 03:50:00.000000,WestView Health Centre,358,0
2026-09-01 04:00:00.000000,Airdrie Community Health Centre,186,0
2026-09-01 04:00:00.000000,Alberta Children's Hospital,32,0
2026-09-01 04:00:00.000000,Chinook Regional Hospital,105,0
2026-09-01 04:00:00.000000,Cochrane Community Health Centre,,0
2026-09-01 04:00:00.000000,Devon General Hospital,150,0
2026-09-01 04:00:00.000000,Foothills Medical Centre,458,0
2026-09-01 04:00:00.000000,Fort Sask Community Hospital,226,0
2026-09-01 04:00:00.000000,Grande Prairie Regional Hospital,74,0
2026-09-01 04:00:00.000000,Grey Nuns Community Hospital,324,0
2026-09-01 04:00:00.000000,Innisfail Health Centre,,1
2026-09-01 04:00:00.000000,Lacombe Hospital and Care Centre,,1
2026-09-01 04:00:00.000000,Leduc Community Hospital,185,0
2026-09-01 04:00:00.000000,Medicine Hat Regional Hospital,63,0
2026-09-01 04:00:00.000000,Misericordia Community Hospital,622,0
2026-09-01 04:00:00.000000,Northeast Community Health Centre,281,0
2026-09-01 04:00:00.000000,Northern Lights Regional Health Centre,56,0
2026-09-01 04:00:00.000000,Okotoks Health and Wellness Centre,,0
2026-09-01 04:00:00.000000,Peter Lougheed Centre,347,0
2026-09-01 04:00:00.000000,Red Deer Regional Hospital,341,0
2026-09-01 04:00:00.000000,Rockyview General Hospital,229,0
2026-09-01 04:00:00.000000,Royal Alexandra Hospital,248,0
2026-09-01 04:00:00.000000,Sheldon M. Chumir Centre,261,0
2026-09-01 04:00:00.000000,South Calgary Health Centre,,0
2026-09-01 04:00:00.000000,South Health Campus,352,0
2026-09-01 04:00:00.000000,Stollery Children's Hospital,137,0
2026-09-01 04:00:00.000000,Strathcona Community Hospital,237,0
2026-09-01 04:00:00.000000,Sturgeon Community Hospital,224,0
2026-09-01 04:00:00.000000,University of Alberta Hospital,337,0
2026-09-01 04:00:00.000000,WestView Health Centre,293,0
2026-09-01 04:10:00.000000,Airdrie Community Health Centre,181,0
2026-09-01 04:10:00.000000,Alberta Children's Hospital,32,0
2026-09-01 04:10:00.000000,Chinook Regional Hospital,118,0
2026-09-01 04:10:00.000000,Cochrane Community Health Centre,,0
2026-09-01 04:10:00.000000,Devon General Hospital,150,0
2026-09-01 04:10:00.000000,Foothills Medical Centre,446,0
2026-09-01 04:10:00.000000,Fort Sask Community Hospital,259,0
2026-09-01 04:10:00.000000,Grande Prairie Regional Hospital,74,0
2026-09-01 04:10:00.000000,Grey Nuns Community Hospital,345,0
2026-09-01 04:10:00.000000,Innisfail Health Centre,,1
2026-09-01 04:10:00.000000,Lacombe Hospital and Care Centre,,1
2026-09-01 04:10:00.000000,Leduc Community Hospital,185,0
2026-09-01 04:10:00.000000,Medicine Hat Regional Hospital,63,0
2026-09-01 04:10:00.000000,Misericordia Community Hospital,622,0
2026-09-01 04:10:00.000000,Northeast Community Health Centre,281,0
2026-09-01 04:10:00.000000,Northern Lights Regional Health Centre,56,0
2026-09-01 04:10:00.000000,Okotoks Health and Wellness Centre,,0
2026-09-01 04:10:00.000000,Peter Lougheed Centre,342,0
2026-09-01 04:10:00.000000,Red Deer Regional Hospital,327,0
2026-09-01 04:10:00.000000,Rockyview General Hospital,242,0
2026-09-01 04:10:00.000000,Royal Alexandra Hospital,256,0
2026-09-01 04:10:00.000000,Sheldon M. Chumir Centre,257,0
2026-09-01 04:10:00.000000,South Calgary Health Centre,,0
2026-09-01 04:10:00.000000,South Health Campus,365,0
2026-09-01 04:10:00.000000,Stollery Children's Hospital,137,0
2026-09-01 04:10:00.000000,Strathcona Community Hospital,260,0
2026-09-01 04:10:00.000000,Sturgeon Community Hospital,218,0
2026-09-01 04:10:00.000000,University of Alberta Hospital,337,0
2026-09-01 04:10:00.000000,WestView Health Centre,293,0
2026-09-01 04:20:00.000000,Airdrie Community Health Centre,162,0
2026-09-01 04:20:00.000000,Alberta Children's Hospital,32,0
2026-09-01 04:20:00.000000,Chinook Regional Hospital,132,0
2026-09-01 04:20:00.000000,Cochrane Community Health Centre,,0
2026-09-01 04:20:00.000000,Devon General Hospital,112,0
2026-09-01 04:20:00.000000,Foothills Medical Centre,443,0
2026-09-01 04:20:00.000000,Fort Sask Community Hospital,226,0
2026-09-01 04:20:00.000000,Grande Prairie Regional Hospital,93,0
2026-09-01 04:20:00.000000,Grey Nuns Community Hospital,324,0
2026-09-01 04:20:00.000000,Innisfail Health Centre,,1
2026-09-01 04:20:00.000000,Lacombe Hospital and Care Centre,,1
2026-09-01 04:20:00.000000,Leduc Community Hospital,185,0
2026-09-01 04:20:00.000000,Medicine Hat Regional Hospital,42,0
2026-09-01 04:20:00.000000,Misericordia Community Hospital,640,0
2026-09-01 04:20:00.000000,Northeast Community Health Centre,281,0
2026-09-01 04:20:00.000000,Northern Lights Regional Health Centre,30,0
2026-09-01 04:20:00.000000,Okotoks Health and Wellness Centre,,0
2026-09-01 04:20:00.000000,Peter Lougheed Centre,341,0
2026-09-01 04:20:00.000000,Red Deer Regional Hospital,312,0
2026-09-01 04:20:00.000000,Rockyview General Hospital,242,0
2026-09-01 04:20:00.000000,Royal Alexandra Hospital,249,0
2026-09-01 04:20:00.000000,Sheldon M. Chumir Centre,257,0
2026-09-01 04:20:00.000000,South Calgary Health Centre,,0
2026-09-01 04:20:00.000000,South Health Campus,349,0
2026-09-01 04:20:00.000000,Stollery Children's Hospital,137,0
2026-09-01 04:20:00.000000,Strathcona Community Hospital,260,0
2026-09-01 04:20:00.000000,Sturgeon Community Hospital,211,0
2026-09-01 04:20:00.000000,University of Alberta Hospital,271,0
2026-09-01 04:20:00.000000,WestView Health Centre,293,0
2026-09-01 04:30:00.000000,Airdrie Community Health Centre,144,0
2026-09-01 04:30:00.000000,Alberta Children's Hospital,48,0
2026-09-01 04:30:00.000000,Chinook Regional Hospital,105,0
2026-09-01 04:30:00.000000,Cochrane Community Health Centre,,0
2026-09-01 04:30:00.000000,Devon General Hospital,112,0
2026-09-01 04:30:00.000000,Foothills Medical Centre,440,0
2026-09-01 04:30:00.000000,Fort Sask Community Hospital,226,0
2026-09-01 04:30:00.000000,Grande Prairie Regional Hospital,55,0
2026-09-01 04:30:00.000000,Grey Nuns Community Hospital,334,0
2026-09-01 04:30:00.000000,Innisfail Health Centre,,1
2026-09-01 04:30:00.000000,Lacombe Hospital and Care Centre,,1
2026-09-01 04:30:00.000000,Leduc Community Hospital,185,0
2026-09-01 04:30:00.000000,Medicine Hat Regional Hospital,42,0
2026-09-01 04:30:00.000000,Misericordia Community Hospital,640,0
2026-09-01 04:30:00.000000,Northeast Community Health Centre,281,0
2026-09-01 04:30:00.000000,Northern Lights Regional Health Centre,30,0
2026-09-01 04:30:00.000000,Okotoks Health and Wellness Centre,,0
2026-09-01 04:30:00.000000,Peter Lougheed Centre,337,0
2026-09-01 04:30:00.000000,Red Deer Regional Hospital,298,0
2026-09-01 04:30:00.000000,Rockyview General Hospital,248,0
2026-09-01 04:30:00.000000,Royal Alexandra Hospital,253,0
2026-09-01 04:30:00.000000,Sheldon M. Chumir Centre,252,0
2026-09-01 04:30:00.000000,South Calgary Health Centre,,0
2026-09-01 04:30:00.000000,South Health Campus,334,0
2026-09-01 04:30:00.000000,Stollery Children's Hospital,137,0
2026-09-01 04:30:00.000000,Strathcona Community Hospital,284,0
2026-09-01 04:30:00.000000,Sturgeon Community Hospital,207,0
2026-09-01 04:30:00.000000,University of Alberta Hospital,279,0
2026-09-01 04:30:00.000000,WestView Health Centre,260,0
2026-09-01 04:40:00.000000,Airdrie Community Health Centre,139,0
2026-09-01 04:40:00.000000,Alberta Children's Hospital,32,0
2026-09-01 04:40:00.000000,Chinook Regional Hospital,105,0
2026-09-01 04:40:00.000000,Cochrane Community Health Centre,,0
2026-09-01 04:40:00.000000,Devon General Hospital,75,0
2026-09-01 04:40:00.000000,Foothills Medical Centre,453,0
2026-09-01 04:40:00.000000,Fort Sask Community Hospital,226,0
2026-09-01 04:40:00.000000,Grande Prairie Regional Hospital,55,0
2026-09-01 04:40:00.000000,Grey Nuns Community Hospital,345,0
2026-09-01 04:40:00.000000,Innisfail Health Centre,,1
2026-09-01 04:40:00.000000,Lacombe Hospital and Care Centre,,1
2026-09-01 04:40:00.000000,Leduc Community Hospital,208,0
2026-09-01 04:40:00.000000,Medicine Hat Regional Hospital,42,0
2026-09-01 04:40:00.000000,Misericordia Community Hospital,640,0
2026-09-01 04:40:00.000000,Northeast Community Health Centre,260,0
2026-09-01 04:40:00.000000,Northern Lights Regional Health Centre,42,0
2026-09-01 04:40:00.000000,Okotoks Health and Wellness Centre,,0
2026-09-01 04:40:00.000000,Peter Lougheed Centre,326,0
2026-09-01 04:40:00.000000,Red Deer Regional Hospital,282,0
2026-09-01 04:40:00.000000,Rockyview General Hospital,253,0
2026-09-01 04:40:00.000000,Royal Alexandra Hospital,271,0
2026-09-01 04:40:00.000000,Sheldon M. Chumir Centre,234,0
2026-09-01 04:40:00.000000,South Calgary Health Centre,,0
2026-09-01 04:40:00.000000,South Health Campus,323,0
2026-09-01 04:40:00.000000,Stollery Children's Hospital,145,0
2026-09-01 04:40:00.000000,Strathcona Community Hospital,260,0
2026-09-01 04:40:00.000000,Sturgeon Community Hospital,185,0
2026-09-01 04:40:00.000000,University of Alberta Hospital,263,0
2026-09-01 04:40:00.000000,WestView Health Centre,260,0
2026-09-01 04:50:00.000000,Airdrie Community Health Centre,133,0
2026-09-01 04:50:00.000000,Alberta Children's Hospital,65,0
2026-09-01 04:50:00.000000,Chinook Regional Hospital,79,0
2026-09-01 04:50:00.000000,Cochrane Community Health Centre,,0
2026-09-01 04:50:00.000000,Devon General Hospital,75,0
2026-09-01 04:50:00.000000,Foothills Medical Centre,452,0
2026-09-01 04:50:00.000000,Fort Sask Community Hospital,226,0
2026-09-01 04:50:00.000000,Grande Prairie Regional Hospital,55,0
2026-09-01 04:50:00.000000,Grey Nuns Community Hospital,324,0
2026-09-01 04:50:00.000000,Innisfail Health Centre,,1
2026-09-01 04:50:00.000000,Lacombe Hospital and Care Centre,,1
2026-09-01 04:50:00.000000,Leduc Community Hospital,208,0
2026-09-01 04:50:00.000000,Medicine Hat Regional Hospital,63,0
2026-09-01 04:50:00.000000,Misericordia Community Hospital,640,0
2026-09-01 04:50:00.000000,Northeast Community Health Centre,260,0
2026-09-01 04:50:00.000000,Northern Lights Regional Health Centre,42,0
2026-09-01 04:50:00.000000,Okotoks Health and Wellness Centre,,0
2026-09-01 04:50:00.000000,Peter Lougheed Centre,314,0
2026-09-01 04:50:00.000000,Red Deer Regional Hospital,256,0
2026-09-01 04:50:00.000000,Rockyview General Hospital,250,0
2026-09-01 04:50:00.000000,Royal Alexandra Hospital,259,0
2026-09-01 04:50:00.000000,Sheldon M. Chumir Centre,216,0
2026-09-01 04:50:00.000000,South Calgary Health Centre,,0
2026-09-01 04:50:00.000000,South Health Campus,317,0
2026-09-01 04:50:00.000000,Stollery Children's Hospital,129,0
2026-09-01 04:50:00.000000,Strathcona Community Hospital,260,0
2026-09-01 04:50:00.000000,Sturgeon Community Hospital,179,0
2026-09-01 04:50:00.000000,University of Alberta Hospital,263,0
2026-09-01 04:50:00.000000,WestView Health Centre,260,0
2026-09-01 05:00:00.000000,Airdrie Community Health Centre,143,0
2026-09-01 05:00:00.000000,Alberta Children's Hospital,65,0
2026-09-01 05:00:00.000000,Chinook Regional Hospital,79,0
2026-09-01 05:00:00.000000,Cochrane Community Health Centre,,0
2026-09-01 05:00:00.000000,Devon General Hospital,75,0
2026-09-01 05:00:00.000000,Foothills Medical Centre,405,0
2026-09-01 05:00:00.000000,Fort Sask Community Hospital,226,0
2026-09-01 05:00:00.000000,Grande Prairie Regional Hospital,55,0
2026-09-01 05:00:00.000000,Grey Nuns Community Hospital,324,0
2026-09-01 05:00:00.000000,Innisfail Health Centre,,1
2026-09-01 05:00:00.000000,Lacombe Hospital and Care Centre,,1
2026-09-01 05:00:00.000000,Leduc Community Hospital,232,0
2026-09-01 05:00:00.000000,Medicine Hat Regional Hospital,63,0
2026-09-01 05:00:00.000000,Misericordia Community Hospital,640,0
2026-09-01 05:00:00.000000,Northeast Community Health Centre,260,0
2026-09-01 05:00:00.000000,Northern Lights Regional Health Centre,42,0
2026-09-01 05:00:00.000000,Okotoks Health and Wellness Centre,,0
2026-09-01 05:00:00.000000,Peter Lougheed Centre,320,0
2026-09-01 05:00:00.000000,Red Deer Regional Hospital,242,0
2026-09-01 05:00:00.000000,Rockyview General Hospital,256,0
2026-09-01 05:00:00.000000,Royal Alexandra Hospital,267,0
2026-09-01 05:00:00.000000,Sheldon M. Chumir Centre,217,0
2026-09-01 05:00:00.000000,South Calgary Health Centre,,0
2026-09-01 05:00:00.000000,South Health Campus,313,0
2026-09-01 05:00:00.000000,Stollery Children's Hospital,124,0
2026-09-01 05:00:00.000000,Strathcona Community Hospital,260,0
2026-09-01 05:00:00.000000,Sturgeon Community Hospital,173,0
2026-09-01 05:00:00.000000,University of Alberta Hospital,271,0
2026-09-01 05:00:00.000000,WestView Health Centre,260,0
2026-09-01 05:10:00.000000,Airdrie Community Health Centre,111,0
2026-09-01 05:10:00.000000,Alberta Children's Hospital,65,0
2026-09-01 05:10:00.000000,Chinook Regional Hospital,92,0
2026-09-01 05:10:00.000000,Cochrane Community Health Centre,,0
2026-09-01 05:10:00.000000,Devon General Hospital,75,0
2026-09-01 05:10:00.000000,Foothills Medical Centre,385,0
2026-09-01 05:10:00.000000,Fort Sask Community Hospital,226,0
2026-09-01 05:10:00.000000,Grande Prairie Regional Hospital,55,0
2026-09-01 05:10:00.000000,Grey Nuns Community Hospital,313,0
2026-09-01 05:10:00.000000,Innisfail Health Centre,,1
2026-09-01 05:10:00.000000,Lacombe Hospital and Care Centre,,1
2026-09-01 05:10:00.000000,Leduc Community Hospital,208,0
2026-09-01 05:10:00.000000,Medicine Hat Regional Hospital,63,0
2026-09-01 05:10:00.000000,Misericordia Community Hospital,585,0
2026-09-01 05:10:00.000000,Northeast Community Health Centre,238,0
2026-09-01 05:10:00.000000,Northern Lights Regional Health Centre,30,0
2026-09-01 05:10:00.000000,Okotoks Health and Wellness Centre,,0
2026-09-01 05:10:00.000000,Peter Lougheed Centre,310,0
2026-09-01 05:10:00.000000,Red Deer Regional Hospital,228,0
2026-09-01 05:10:00.000000,Rockyview General Hospital,245,0
2026-09-01 05:10:00.000000,Royal Alexandra Hospital,261,0
2026-09-01 05:10:00.000000,Sheldon M. Chumir Centre,213,0
2026-09-01 05:10:00.000000,South Calgary Health Centre,,0
2026-09-01 05:10:00.000000,South Health Campus,309,0
2026-09-01 05:10:00.000000,Stollery Children's Hospital,120,0
2026-09-01 05:10:00.000000,Strathcona Community Hospital,260,0
2026-09-01 05:10:00.000000,Sturgeon Community Hospital,185,0
2026-09-01 05:10:00.000000,University of Alberta Hospital,264,0
2026-09-01 05:10:00.000000,WestView Health Centre,293,0
2026-09-01 05:20:00.000000,Airdrie Community Health Centre,91,0
2026-09-01 05:20:00.000000,Alberta Children's Hospital,65,0
2026-09-01 05:20:00.000000,Chinook Regional Hospital,79,0
2026-09-01 05:20:00.000000,Cochrane Community Health Centre,,0
2026-09-01 05:20:00.000000,Devon General Hospital,75,0
2026-09-01 05:20:00.000000,Foothills Medical Centre,372,0
2026-09-01 05:20:00.000000,Fort Sask Community Hospital,226,0
2026-09-01 05:20:00.000000,Grande Prairie Regional Hospital,74,0
2026-09-01 05:20:00.000000,Grey Nuns Community Hospital,302,0
2026-09-01 05:20:00.000000,Innisfail Health Centre,,1
2026-09-01 05:20:00.000000,Lacombe Hospital and Care Centre,,1
2026-09-01 05:20:00.000000,Leduc Community Hospital,208,0
2026-09-01 05:20:00.000000,Medicine Hat Regional Hospital,63,0
2026-09-01 05:20:00.000000,Misericordia Community Hospital,567,0
2026-09-01 05:20:00.000000,Northeast Community Health Centre,217,0
2026-09-01 05:20:00.000000,Northern Lights Regional Health Centre,30,0
2026-09-01 05:20:00.000000,Okotoks Health and Wellness Centre,,0
2026-09-01 05:20:00.000000,Peter Lougheed Centre,289,0
2026-09-01 05:20:00.000000,Red Deer Regional Hospital,202,0
2026-09-01 05:20:00.000000,Rockyview General Hospital,225,0
2026-09-01 05:20:00.000000,Royal Alexandra Hospital,264,0
2026-09-01 05:20:00.000000,Sheldon M. Chumir Centre,200,0
2026-09-01 05:20:00.000000,South Calgary Health Centre,,0
2026-09-01 05:20:00.000000,South Health Campus,286,0
2026-09-01 05:20:00.000000,Stollery Children's Hospital,114,0
2026-09-01 05:20:00.000000,Strathcona Community Hospital,260,0
2026-09-01 05:20:00.000000,Sturgeon Community Hospital,170,0
2026-09-01 05:20:00.000000,University of Alberta Hospital,259,0
2026-09-01 05:20:00.000000,WestView Health Centre,228,0
2026-09-01 05:30:00.000000,Airdrie Community Health Centre,56,0
2026-09-01 05:30:00.000000,Alberta Children's Hospital,32,0
2026-09-01 05:30:00.000000,Chinook Regional Hospital,92,0
2026-09-01 05:30:00.000000,Cochrane Community Health Centre,,0
2026-09-01 05:30:00.000000,Devon General Hospital,75,0
2026-09-01 05:30:00.000000,Foothills Medical Centre,361,0
2026-09-01 05:30:00.000000,Fort Sask Community Hospital,194,0
2026-09-01 05:30:00.000000,Grande Prairie Regional Hospital,93,0
2026-09-01 05:30:00.000000,Grey Nuns Community Hospital,302,0
2026-09-01 05:30:00.000000,Innisfail Health Centre,,1
2026-09-01 05:30:00.000000,Lacombe Hospital and Care Centre,,1
2026-09-01 05:30:00.000000,Leduc Community Hospital,208,0
2026-09-01 05:30:00.000000,Medicine Hat Regional Hospital,85,0
2026-09-01 05:30:00.000000,Misericordia Community Hospital,567,0
2026-09-01 05:30:00.000000,Northeast Community Health Centre,217,0
2026-09-01 05:30:00.000000,Northern Lights Regional Health Centre,30,0
2026-09-01 05:30:00.000000,Okotoks Health and Wellness Centre,,0
2026-09-01 05:30:00.000000,Peter Lougheed Centre,284,0
2026-09-01 05:30:00.000000,Red Deer Regional Hospital,210,0
2026-09-01 05:30:00.000000,Rockyview General Hospital,237,0
2026-09-01 05:30:00.000000,Royal Alexandra Hospital,274,0
2026-09-01 05:30:00.000000,Sheldon M. Chumir Centre,196,0
2026-09-01 05:30:00.000000,South Calgary Health Centre,,0
2026-09-01 05:30:00.000000,South Health Campus,270,0
2026-09-01 05:30:00.000000,Stollery Children's Hospital,110,0
2026-09-01 05:30:00.000000,Strathcona Community Hospital,213,0
2026-09-01 05:30:00.000000,Sturgeon Community Hospital,170,0
2026-09-01 05:30:00.000000,University of Alberta Hospital,261,0
2026-09-01 05:30:00.000000,WestView Health Centre,228,0
2026-09-01 05:40:00.000000,Airdrie Community Health Centre,54,0
2026-09-01 05:40:00.000000,Alberta Children's Hospital,30,0
2026-09-01 05:40:00.000000,Chinook Regional Hospital,92,0
2026-09-01 05:40:00.000000,Cochrane Community Health Centre,,0
2026-09-01 05:40:00.000000,Devon General Hospital,75,0
2026-09-01 05:40:00.000000,Foothills Medical Centre,340,0
2026-09-01 05:40:00.000000,Fort Sask Community Hospital,194,0
2026-09-01 05:40:00.000000,Grande Prairie Regional Hospital,111,0
2026-09-01 05:40:00.000000,Grey Nuns Community Hospital,313,0
2026-09-01 05:40:00.000000,Innisfail Health Centre,,1
2026-09-01 05:40:00.000000,Lacombe Hospital and Care Centre,,1
2026-09-01 05:40:00.000000,Leduc Community Hospital,208,0
2026-09-01 05:40:00.000000,Medicine Hat Regional Hospital,115,0
2026-09-01 05:40:00.000000,Misericordia Community Hospital,530,0
2026-09-01 05:40:00.000000,Northeast Community Health Centre,173,0
2026-09-01 05:40:00.000000,Northern Lights Regional Health Centre,30,0
2026-09-01 05:40:00.000000,Okotoks Health and Wellness Centre,,0
2026-09-01 05:40:00.000000,Peter Lougheed Centre,283,0
2026-09-01 05:40:00.000000,Red Deer Regional Hospital,194,0
2026-09-01 05:40:00.000000,Rockyview General Hospital,231,0
2026-09-01 05:40:00.000000,Royal Alexandra Hospital,271,0
2026-09-01 05:40:00.000000,Sheldon M. Chumir Centre,190,0
2026-09-01 05:40:00.000000,South Calgary Health Centre,,0
2026-09-01 05:40:00.000000,South Health Campus,265,0
2026-09-01 05:40:00.000000,Stollery Children's Hospital,104,0
2026-09-01 05:40:00.000000,Strathcona Community Hospital,213,0
2026-09-01 05:40:00.000000,Sturgeon Community Hospital,170,0
2026-09-01 05:40:00.000000,University of Alberta Hospital,264,0
2026-09-01 05:40:00.000000,WestView Health Centre,228,0
2026-09-01 05:50:00.000000,Airdrie Community Health Centre,49,0
2026-09-01 05:50:00.000000,Alberta Children's Hospital,30,0
2026-09-01 05:50:00.000000,Chinook Regional Hospital,92,0
2026-09-01 05:50:00.000000,Cochrane Community Health Centre,,0
2026-09-01 05:50:00.000000,Devon General Hospital,37,0
2026-09-01 05:50:00.000000,Foothills Medical Centre,329,0
2026-09-01 05:50:00.000000,Fort Sask Community Hospital,194,0
2026-09-01 05:50:00.000000,Grande Prairie Regional Hospital,111,0
2026-09-01 05:50:00.000000,Grey Nuns Community Hospital,324,0
2026-09-01 05:50:00.000000,Innisfail Health Centre,,1
2026-09-01 05:50:00.000000,Lacombe Hospital and Care Centre,,1
2026-09-01 05:50:00.000000,Leduc Community Hospital,208,0
2026-09-01 05:50:00.000000,Medicine Hat Regional Hospital,112,0
2026-09-01 05:50:00.000000,Misericordia Community Hospital,530,0
2026-09-01 05:50:00.000000,Northeast Community Health Centre,195,0
2026-09-01 05:50:00.000000,Northern Lights Regional Health Centre,30,0
2026-09-01 05:50:00.000000,Okotoks Health and Wellness Centre,,0
2026-09-01 05:50:00.000000,Peter Lougheed Centre,282,0
2026-09-01 05:50:00.000000,Red Deer Regional Hospital,181,0
2026-09-01 05:50:00.000000,Rockyview General Hospital,216,0
2026-09-01 05:50:00.000000,Royal Alexandra Hospital,269,0
2026-09-01 05:50:00.000000,Sheldon M. Chumir Centre,185,0
2026-09-01 05:50:00.000000,South Calgary Health Centre,,0
2026-09-01 05:50:00.000000,South Health Campus,255,0
2026-09-01 05:50:00.000000,Stollery Children's Hospital,99,0
2026-09-01 05:50:00.000000,Strathcona Community Hospital,213,0
2026-09-01 05:50:00.000000,Sturgeon Community Hospital,156,0
2026-09-01 05:50:00.000000,University of Alberta Hospital,250,0
2026-09-01 05:50:00.000000,WestView Health Centre,228,0
2026-09-01 06:00:00.000000,Airdrie Community Health Centre,30,0
2026-09-01 06:00:00.000000,Alberta Children's Hospital,32,0
2026-09-01 06:00:00.000000,Chinook Regional Hospital,92,0
2026-09-01 06:00:00.000000,Cochrane Community Health Centre,,0
2026-09-01 06:00:00.000000,Devon General Hospital,37,0
2026-09-01 06:00:00.000000,Foothills Medical Centre,334,0
2026-09-01 06:00:00.000000,Fort Sask Community Hospital,162,0
2026-09-01 06:00:00.000000,Grande Prairie Regional Hospital,130,0
2026-09-01 06:00:00.000000,Grey Nuns Community Hospital,313,0
2026-09-01 06:00:00.000000,Innisfail Health Centre,,1
2026-09-01 06:00:00.000000,Lacombe Hospital and Care Centre,,1
2026-09-01 06:00:00.000000,Leduc Community Hospital,162,0
2026-09-01 06:00:00.000000,Medicine Hat Regional Hospital,107,0
2026-09-01 06:00:00.000000,Misericordia Community Hospital,494,0
2026-09-01 06:00:00.000000,Northeast Community Health Centre,206,0
2026-09-01 06:00:00.000000,Northern Lights Regional Health Centre,30,0
2026-09-01 06:00:00.000000,Okotoks Health and Wellness Centre,,0
2026-09-01 06:00:00.000000,Peter Lougheed Centre,267,0
2026-09-01 06:00:00.000000,Red Deer Regional Hospital,176,0
2026-09-01 06:00:00.000000,Rockyview General Hospital,196,0
2026-09-01 06:00:00.000000,Royal Alexandra Hospital,265,0
2026-09-01 06:00:00.000000,Sheldon M. Chumir Centre,186,0
2026-09-01 06:00:00.000000,South Calgary Health Centre,,0
2026-09-01 06:00:00.000000,South Health Campus,237,0
2026-09-01 06:00:00.000000,Stollery Children's Hospital,93,0
2026-09-01 06:00:00.000000,Strathcona Community Hospital,213,0
2026-09-01 06:00:00.000000,Sturgeon Community Hospital,170,0
2026-09-01 06:00:00.000000,University of Alberta Hospital,252,0
2026-09-01 06:00:00.000000,WestView Health Centre,228,0
2026-09-01 06:10:00.000000,Airdrie Community Health Centre,40,0
2026-09-01 06:10:00.000000,Alberta Children's Hospital,48,0
2026-09-01 06:10:00.000000,Chinook Regional Hospital,79,0
2026-09-01 06:10:00.000000,Cochrane Community Health Centre,,0
2026-09-01 06:10:00.000000,Devon General Hospital,75,0
2026-09-01 06:10:00.000000,Foothills Medical Centre,332,0
2026-09-01 06:10:00.000000,Fort Sask Community Hospital,162,0
2026-09-01 06:10:00.000000,Grande Prairie Regional Hospital,130,0
2026-09-01 06:10:00.000000,Grey Nuns Community Hospital,270,0
2026-09-01 06:10:00.000000,Innisfail Health Centre,,1
2026-09-01 06:10:00.000000,Lacombe Hospital and Care Centre,,1
2026-09-01 06:10:00.000000,Leduc Community Hospital,162,0
2026-09-01 06:10:00.000000,Medicine Hat Regional Hospital,104,0
2026-09-01 06:10:00.000000,Misericordia Community Hospital,512,0
2026-09-01 06:10:00.000000,Northeast Community Health Centre,215,0
2026-09-01 06:10:00.000000,Northern Lights Regional Health Centre,30,0
2026-09-01 06:10:00.000000,Okotoks Health and Wellness Centre,,0
2026-09-01 06:10:00.000000,Peter Lougheed Centre,257,0
2026-09-01 06:10:00.000000,Red Deer Regional Hospital,173,0
2026-09-01 06:10:00.000000,Rockyview General Hospital,194,0
2026-09-01 06:10:00.000000,Royal Alexandra Hospital,240,0
2026-09-01 06:10:00.000000,Sheldon M. Chumir Centre,186,0
2026-09-01 06:10:00.000000,South Calgary Health Centre,,0
2026-09-01 06:10:00.000000,South Health Campus,240,0
2026-09-01 06:10:00.000000,Stollery Children's Hospital,91,0
2026-09-01 06:10:00.000000,Strathcona Community Hospital,213,0
2026-09-01 06:10:00.000000,Sturgeon Community Hospital,156,0
2026-09-01 06:10:00.000000,University of Alberta Hospital,246,0
2026-09-01 06:10:00.000000,WestView Health Centre,228,0
2026-09-01 06:20:00.000000,Airdrie Community Health Centre,50,0
2026-09-01 06:20:00.000000,Alberta Children's Hospital,48,0
2026-09-01 06:20:00.000000,Chinook Regional Hospital,66,0
2026-09-01 06:20:00.000000,Cochrane Community Health Centre,,0
2026-09-01 06:20:00.000000,Devon General Hospital,75,0
2026-09-01 06:20:00.000000,Foothills Medical Centre,329,0
2026-09-01 06:20:00.000000,Fort Sask Community Hospital,162,0
2026-09-01 06:20:00.000000,Grande Prairie Regional Hospital,144,0
2026-09-01 06:20:00.000000,Grey Nuns Community Hospital,259,0
2026-09-01 06:20:00.000000,Innisfail Health Centre,,1
2026-09-01 06:20:00.000000,Lacombe Hospital and Care Centre,,1
2026-09-01 06:20:00.000000,Leduc Community Hospital,162,0
2026-09-01 06:20:00.000000,Medicine Hat Regional Hospital,101,0
2026-09-01 06:20:00.000000,Misericordia Community Hospital,512,0
2026-09-01 06:20:00.000000,Northeast Community Health Centre,215,0
2026-09-01 06:20:00.000000,Northern Lights Regional Health Centre,30,0
2026-09-01 06:20:00.000000,Okotoks Health and Wellness Centre,,0
2026-09-01 06:20:00.000000,Peter Lougheed Centre,243,0
2026-09-01 06:20:00.000000,Red Deer Regional Hospital,170,0
2026-09-01 06:20:00.000000,Rockyview General Hospital,166,0
2026-09-01 06:20:00.000000,Royal Alexandra Hospital,239,0
2026-09-01 06:20:00.000000,Sheldon M. Chumir Centre,186,0
2026-09-01 06:20:00.000000,South Calgary Health Centre,,0
2026-09-01 06:20:00.000000,South Health Campus,236,0
2026-09-01 06:20:00.000000,Stollery Children's Hospital,81,0
2026-09-01 06:20:00.000000,Strathcona Community Hospital,189,0
2026-09-01 06:20:00.000000,Sturgeon Community Hospital,142,0
2026-09-01 06:20:00.000000,University of Alberta Hospital,248,0
2026-09-01 06:20:00.000000,WestView Health Centre,228,0
2026-09-01 06:30:00.000000,Airdrie Community Health Centre,58,0
2026-09-01 06:30:00.000000,Alberta Children's Hospital,32,0
2026-09-01 06:30:00.000000,Chinook Regional Hospital,66,0
2026-09-01 06:30:00.000000,Cochrane Community Health Centre,,0
2026-09-01 06:30:00.000000,Devon General Hospital,75,0
2026-09-01 06:30:00.000000,Foothills Medical Centre,336,0
2026-09-01 06:30:00.000000,Fort Sask Community Hospital,162,0
2026-09-01 06:30:00.000000,Grande Prairie Regional Hospital,150,0
2026-09-01 06:30:00.000000,Grey Nuns Community Hospital,248,0
2026-09-01 06:30:00.000000,Innisfail Health Centre,,1
2026-09-01 06:30:00.000000,Lacombe Hospital and Care Centre,,1
2026-09-01 06:30:00.000000,Leduc Community Hospital,208,0
2026-09-01 06:30:00.000000,Medicine Hat Regional Hospital,97,0
2026-09-01 06:30:00.000000,Misericordia Community Hospital,475,0
2026-09-01 06:30:00.000000,Northeast Community Health Centre,183,0
2026-09-01 06:30:00.000000,Northern Lights Regional Health Centre,30,0
2026-09-01 06:30:00.000000,Okotoks Health and Wellness Centre,,0
2026-09-01 06:30:00.000000,Peter Lougheed Centre,237,0
2026-09-01 06:30:00.000000,Red Deer Regional Hospital,166,0
2026-09-01 06:30:00.000000,Rockyview General Hospital,146,0
2026-09-01 06:30:00.000000,Royal Alexandra Hospital,241,0
2026-09-01 06:30:00.000000,Sheldon M. Chumir Centre,158,0
2026-09-01 06:30:00.000000,South Calgary Health Centre,,0
2026-09-01 06:30:00.000000,South Health Campus,225,0
2026-09-01 06:30:00.000000,Stollery Children's Hospital,81,0
2026-09-01 06:30:00.000000,Strathcona Community Hospital,165,0
2026-09-01 06:30:00.000000,Sturgeon Community Hospital,142,0
2026-09-01 06:30:00.000000,University of Alberta Hospital,250,0
2026-09-01 06:30:00.000000,WestView Health Centre,260,0
2026-09-01 06:40:00.000000,Airdrie Community Health Centre,70,0
2026-09-01 06:40:00.000000,Alberta Children's Hospital,32,0
2026-09-01 06:40:00.000000,Chinook Regional Hospital,66,0
2026-09-01 06:40:00.000000,Cochrane Community Health Centre,,0
2026-09-01 06:40:00.000000,Devon General Hospital,37,0
2026-09-01 06:40:00.000000,Foothills Medical Centre,325,0
2026-09-01 06:40:00.000000,Fort Sask Community Hospital,162,0
2026-09-01 06:40:00.000000,Grande Prairie Regional Hospital,156,0
2026-09-01 06:40:00.000000,Grey Nuns Community Hospital,248,0
2026-09-01 06:40:00.000000,Innisfail Health Centre,,1
2026-09-01 06:40:00.000000,Lacombe Hospital and Care Centre,,1
2026-09-01 06:40:00.000000,Leduc Community Hospital,139,0
2026-09-01 06:40:00.000000,Medicine Hat Regional Hospital,94,0
2026-09-01 06:40:00.000000,Misericordia Community Hospital,512,0
2026-09-01 06:40:00.000000,Northeast Community Health Centre,183,0
2026-09-01 06:40:00.000000,Northern Lights Regional Health Centre,30,0
2026-09-01 06:40:00.000000,Okotoks Health and Wellness Centre,,0
2026-09-01 06:40:00.000000,Peter Lougheed Centre,217,0
2026-09-01 06:40:00.000000,Red Deer Regional Hospital,173,0
2026-09-01 06:40:00.000000,Rockyview General Hospital,152,0
2026-09-01 06:40:00.000000,Royal Alexandra Hospital,240,0
2026-09-01 06:40:00.000000,Sheldon M. Chumir Centre,147,0
2026-09-01 06:40:00.000000,South Calgary Health Centre,,0
2026-09-01 06:40:00.000000,South Health Campus,221,0
2026-09-01 06:40:00.000000,Stollery Children's Hospital,61,0
2026-09-01 06:40:00.000000,Strathcona Community Hospital,142,0
2026-09-01 06:40:00.000000,Sturgeon Community Hospital,158,0
2026-09-01 06:40:00.000000,University of Alberta Hospital,252,0
2026-09-01 06:40:00.000000,WestView Health Centre,228,0
2026-09-01 06:50:00.000000,Airdrie Community Health Centre,70,0
2026-09-01 06:50:00.000000,Alberta Children's Hospital,30,0
2026-09-01 06:50:00.000000,Chinook Regional Hospital,52,0
2026-09-01 06:50:00.000000,Cochrane Community Health Centre,,0
2026-09-01 06:50:00.000000,Devon General Hospital,37,0
2026-09-01 06:50:00.000000,Foothills Medical Centre,312,0
2026-09-01 06:50:00.000000,Fort Sask Community Hospital,162,0
2026-09-01 06:50:00.000000,Grande Prairie Regional Hospital,162,0
2026-09-01 06:50:00.000000,Grey Nuns Community Hospital,259,0
2026-09-01 06:50:00.000000,Innisfail Health Centre,,1
2026-09-01 06:50:00.000000,Lacombe Hospital and Care Centre,,1
2026-09-01 06:50:00.000000,Leduc Community Hospital,139,0
2026-09-01 06:50:00.000000,Medicine Hat Regional Hospital,90,0
2026-09-01 06:50:00.000000,Misericordia Community Hospital,494,0
2026-09-01 06:50:00.000000,Northeast Community Health Centre,172,0
2026-09-01 06:50:00.000000,Northern Lights Regional Health Centre,30,0
2026-09-01 06:50:00.000000,Okotoks Health and Wellness Centre,,0
2026-09-01 06:50:00.000000,Peter Lougheed Centre,216,0
2026-09-01 06:50:00.000000,Red Deer Regional Hospital,169,0
2026-09-01 06:50:00.000000,Rockyview General Hospital,140,0
2026-09-01 06:50:00.000000,Royal Alexandra Hospital,243,0
2026-09-01 06:50:00.000000,Sheldon M. Chumir Centre,141,0
2026-09-01 06:50:00.000000,South Calgary Health Centre,,0
2026-09-01 06:50:00.000000,South Health Campus,210,0
2026-09-01 06:50:00.000000,Stollery Children's Hospital,51,0
2026-09-01 06:50:00.000000,Strathcona Community Hospital,165,0
2026-09-01 06:50:00.000000,Sturgeon Community Hospital,146,0
2026-09-01 06:50:00.000000,University of Alberta Hospital,255,0
2026-09-01 06:50:00.000000,WestView Health Centre,228,0
2026-09-01 07:00:00.000000,Airdrie Community Health Centre,70,0
2026-09-01 07:00:00.000000,Alberta Children's Hospital,30,0
2026-09-01 07:00:00.000000,Chinook Regional Hospital,39,0
2026-09-01 07:00:00.000000,Cochrane Community Health Centre,,0
2026-09-01 07:00:00.000000,Devon General Hospital,37,0
2026-09-01 07:00:00.000000,Foothills Medical Centre,307,0
2026-09-01 07:00:00.000000,Fort Sask Community Hospital,162,0
2026-09-01 07:00:00.000000,Grande Prairie Regional Hospital,159,0
2026-09-01 07:00:00.000000,Grey Nuns Community Hospital,270,0
2026-09-01 07:00:00.000000,Innisfail Health Centre,,1
2026-09-01 07:00:00.000000,Lacombe Hospital and Care Centre,,1
2026-09-01 07:00:00.000000,Leduc Community Hospital,139,0
2026-09-01 07:00:00.000000,Medicine Hat Regional Hospital,97,0
2026-09-01 07:00:00.000000,Misericordia Community Hospital,512,0
2026-09-01 07:00:00.000000,Northeast Community Health Centre,172,0
2026-09-01 07:00:00.000000,Northern Lights Regional Health Centre,42,0
2026-09-01 07:00:00.000000,Okotoks Health and Wellness Centre,,0
2026-09-01 07:00:00.000000,Peter Lougheed Centre,211,0
2026-09-01 07:00:00.000000,Red Deer Regional Hospital,155,0
2026-09-01 07:00:00.000000,Rockyview General Hospital,129,0
2026-09-01 07:00:00.000000,Royal Alexandra Hospital,237,0
2026-09-01 07:00:00.000000,Sheldon M. Chumir Centre,137,0
2026-09-01 07:00:00.000000,South Calgary Health Centre,,0
2026-09-01 07:00:00.000000,South Health Campus,199,0
2026-09-01 07:00:00.000000,Stollery Children's Hospital,40,0
2026-09-01 07:00:00.000000,Strathcona Community Hospital,189,0
2026-09-01 07:00:00.000000,Sturgeon Community Hospital,133,0
2026-09-01 07:00:00.000000,University of Alberta Hospital,250,0
2026-09-01 07:00:00.000000,WestView Health Centre,228,0
2026-09-01 07:10:00.000000,Airdrie Community Health Centre,77,0
2026-09-01 07:10:00.000000,Alberta Children's Hospital,30,0
2026-09-01 07:10:00.000000,Chinook Regional Hospital,56,0
2026-09-01 07:10:00.000000,Cochrane Community Health Centre,,0
2026-09-01 07:10:00.000000,Devon General Hospital,32,0
2026-09-01 07:10:00.000000,Foothills Medical Centre,436,0
2026-09-01 07:10:00.000000,Fort Sask Community Hospital,139,0
2026-09-01 07:10:00.000000,Grande Prairie Regional Hospital,118,0
2026-09-01 07:10:00.000000,Grey Nuns Community Hospital,187,0
2026-09-01 07:10:00.000000,Innisfail Health Centre,,1
2026-09-01 07:10:00.000000,Lacombe Hospital and Care Centre,,1
2026-09-01 07:10:00.000000,Leduc Community Hospital,122,0
2026-09-01 07:10:00.000000,Medicine Hat Regional Hospital,133,0
2026-09-01 07:10:00.000000,Misericordia Community Hospital,478,0
2026-09-01 07:10:00.000000,Northeast Community Health Centre,284,0
2026-09-01 07:10:00.000000,Northern Lights Regional Health Centre,49,0
2026-09-01 07:10:00.000000,Okotoks Health and Wellness Centre,,0
2026-09-01 07:10:00.000000,Peter Lougheed Centre,246,0
2026-09-01 07:10:00.000000,Red Deer Regional Hospital,205,0
2026-09-01 07:10:00.000000,Rockyview General Hospital,207,0
2026-09-01 07:10:00.000000,Royal Alexandra Hospital,354,0
2026-09-01 07:10:00.000000,Sheldon M. Chumir Centre,220,0
2026-09-01 07:10:00.000000,South Calgary Health Centre,,0
2026-09-01 07:10:00.000000,South Health Campus,328,0
2026-09-01 07:10:00.000000,Stollery Children's Hospital,48,0
2026-09-01 07:10:00.000000,Strathcona Community Hospital,195,0
2026-09-01 07:10:00.000000,Sturgeon Community Hospital,115,0
2026-09-01 07:10:00.000000,University of Alberta Hospital,258,0
2026-09-01 07:10:00.000000,WestView Health Centre,229,0
2026-09-01 07:20:00.000000,Airdrie Community Health Centre,96,0
2026-09-01 07:20:00.000000,Alberta Children's Hospital,30,0
2026-09-01 07:20:00.000000,Chinook Regional Hospital,56,0
2026-09-01 07:20:00.000000,Cochrane Community Health Centre,,0
2026-09-01 07:20:00.000000,Devon General Hospital,32,0
2026-09-01 07:20:00.000000,Foothills Medical Centre,437,0
2026-09-01 07:20:00.000000,Fort Sask Community Hospital,139,0
2026-09-01 07:20:00.000000,Grande Prairie Regional Hospital,116,0
2026-09-01 07:20:00.000000,Grey Nuns Community Hospital,180,0
2026-09-01 07:20:00.000000,Innisfail Health Centre,,1
2026-09-01 07:20:00.000000,Lacombe Hospital and Care Centre,,1
2026-09-01 07:20:00.000000,Leduc Community Hospital,102,0
2026-09-01 07:20:00.000000,Medicine Hat Regional Hospital,129,0
2026-09-01 07:20:00.000000,Misericordia Community Hospital,461,0
2026-09-01 07:20:00.000000,Northeast Community Health Centre,276,0
2026-09-01 07:20:00.000000,Northern Lights Regional Health Centre,66,0
2026-09-01 07:20:00.000000,Okotoks Health and Wellness Centre,,0
2026-09-01 07:20:00.000000,Peter Lougheed Centre,247,0
2026-09-01 07:20:00.000000,Red Deer Regional Hospital,200,0
2026-09-01 07:20:00.000000,Rockyview General Hospital,231,0
2026-09-01 07:20:00.000000,Royal Alexandra Hospital,353,0
2026-09-01 07:20:00.000000,Sheldon M. Chumir Centre,202,0
2026-09-01 07:20:00.000000,South Calgary Health Centre,,0
2026-09-01 07:20:00.000000,South Health Campus,311,0
2026-09-01 07:20:00.000000,Stollery Children's Hospital,48,0
2026-09-01 07:20:00.000000,Strathcona Community Hospital,195,0
2026-09-01 07:20:00.000000,Sturgeon Community Hospital,137,0
2026-09-01 07:20:00.000000,University of Alberta Hospital,247,0
2026-09-01 07:20:00.000000,WestView Health Centre,191,0
2026-09-01 07:30:00.000000,Airdrie Community Health Centre,116,0
2026-09-01 07:30:00.000000,Alberta Children's Hospital,30,0
2026-09-01 07:30:00.000000,Chinook Regional Hospital,56,0
2026-09-01 07:30:00.000000,Cochrane Community Health Centre,,0
2026-09-01 07:30:00.000000,Devon General Hospital,64,0
2026-09-01 07:30:00.000000,Foothills Medical Centre,427,0
2026-09-01 07:30:00.000000,Fort Sask Community Hospital,139,0
2026-09-01 07:30:00.000000,Grande Prairie Regional Hospital,120,0
2026-09-01 07:30:00.000000,Grey Nuns Community Hospital,165,0
2026-09-01 07:30:00.000000,Innisfail Health Centre,,1
2026-09-01 07:30:00.000000,Lacombe Hospital and Care Centre,,1
2026-09-01 07:30:00.000000,Leduc Community Hospital,81,0
2026-09-01 07:30:00.000000,Medicine Hat Regional Hospital,77,0
2026-09-01 07:30:00.000000,Misericordia Community Hospital,458,0
2026-09-01 07:30:00.000000,Northeast Community Health Centre,266,0
2026-09-01 07:30:00.000000,Northern Lights Regional Health Centre,33,0
2026-09-01 07:30:00.000000,Okotoks Health and Wellness Centre,,0
2026-09-01 07:30:00.000000,Peter Lougheed Centre,244,0
2026-09-01 07:30:00.000000,Red Deer Regional Hospital,178,0
2026-09-01 07:30:00.000000,Rockyview General Hospital,198,0
2026-09-01 07:30:00.000000,Royal Alexandra Hospital,356,0
2026-09-01 07:30:00.000000,Sheldon M. Chumir Centre,140,0
2026-09-01 07:30:00.000000,South Calgary Health Centre,,0
2026-09-01 07:30:00.000000,South Health Campus,312,0
2026-09-01 07:30:00.000000,Stollery Children's Hospital,48,0
2026-09-01 07:30:00.000000,Strathcona Community Hospital,195,0
2026-09-01 07:30:00.000000,Sturgeon Community Hospital,112,0
2026-09-01 07:30:00.000000,University of Alberta Hospital,250,0
2026-09-01 07:30:00.000000,WestView Health Centre,191,0
2026-09-01 07:40:00.000000,Airdrie Community Health Centre,96,0
2026-09-01 07:40:00.000000,Alberta Children's Hospital,30,0
2026-09-01 07:40:00.000000,Chinook Regional Hospital,64,0
2026-09-01 07:40:00.000000,Cochrane Community Health Centre,,0
2026-09-01 07:40:00.000000,Devon General Hospital,64,0
2026-09-01 07:40:00.000000,Foothills Medical Centre,419,0
2026-09-01 07:40:00.000000,Fort Sask Community Hospital,139,0
2026-09-01 07:40:00.000000,Grande Prairie Regional Hospital,104,0
2026-09-01 07:40:00.000000,Grey Nuns Community Hospital,172,0
2026-09-01 07:40:00.000000,Innisfail Health Centre,,1
2026-09-01 07:40:00.000000,Lacombe Hospital and Care Centre,,1
2026-09-01 07:40:00.000000,Leduc Community Hospital,61,0
2026-09-01 07:40:00.000000,Medicine Hat Regional Hospital,73,0
2026-09-01 07:40:00.000000,Misericordia Community Hospital,454,0
2026-09-01 07:40:00.000000,Northeast Community Health Centre,257,0
2026-09-01 07:40:00.000000,Northern Lights Regional Health Centre,33,0
2026-09-01 07:40:00.000000,Okotoks Health and Wellness Centre,,0
2026-09-01 07:40:00.000000,Peter Lougheed Centre,243,0
2026-09-01 07:40:00.000000,Red Deer Regional Hospital,189,0
2026-09-01 07:40:00.000000,Rockyview General Hospital,166,0
2026-09-01 07:40:00.000000,Royal Alexandra Hospital,348,0
2026-09-01 07:40:00.000000,Sheldon M. Chumir Centre,132,0
2026-09-01 07:40:00.000000,South Calgary Health Centre,,0
2026-09-01 07:40:00.000000,South Health Campus,313,0
2026-09-01 07:40:00.000000,Stollery Children's Hospital,67,0
2026-09-01 07:40:00.000000,Strathcona Community Hospital,215,0
2026-09-01 07:40:00.000000,Sturgeon Community Hospital,118,0
2026-09-01 07:40:00.000000,University of Alberta Hospital,248,0
2026-09-01 07:40:00.000000,WestView Health Centre,191,0
2026-09-01 07:50:00.000000,Airdrie Community Health Centre,109,0
2026-09-01 07:50:00.000000,Alberta Children's Hospital,30,0
2026-09-01 07:50:00.000000,Chinook Regional Hospital,67,0
2026-09-01 07:50:00.000000,Cochrane Community Health Centre,,0
2026-09-01 07:50:00.000000,Devon General Hospital,64,0
2026-09-01 07:50:00.000000,Foothills Medical Centre,392,0
2026-09-01 07:50:00.000000,Fort Sask Community Hospital,139,0
2026-09-01 07:50:00.000000,Grande Prairie Regional Hospital,101,0
2026-09-01 07:50:00.000000,Grey Nuns Community Hospital,172,0
2026-09-01 07:50:00.000000,Innisfail Health Centre,,1
2026-09-01 07:50:00.000000,Lacombe Hospital and Care Centre,,1
2026-09-01 07:50:00.000000,Leduc Community Hospital,40,0
2026-09-01 07:50:00.000000,Medicine Hat Regional Hospital,67,0
2026-09-01 07:50:00.000000,Misericordia Community Hospital,436,0
2026-09-01 07:50:00.000000,Northeast Community Health Centre,247,0
2026-09-01 07:50:00.000000,Northern Lights Regional Health Centre,49,0
2026-09-01 07:50:00.000000,Okotoks Health and Wellness Centre,,0
2026-09-01 07:50:00.000000,Peter Lougheed Centre,234,0
2026-09-01 07:50:00.000000,Red Deer Regional Hospital,200,0
2026-09-01 07:50:00.000000,Rockyview General Hospital,187,0
2026-09-01 07:50:00.000000,Royal Alexandra Hospital,340,0
2026-09-01 07:50:00.000000,Sheldon M. Chumir Centre,121,0
2026-09-01 07:50:00.000000,South Calgary Health Centre,,0
2026-09-01 07:50:00.000000,South Health Campus,285,0
2026-09-01 07:50:00.000000,Stollery Children's Hospital,114,0
2026-09-01 07:50:00.000000,Strathcona Community Hospital,206,0
2026-09-01 07:50:00.000000,Sturgeon Community Hospital,92,0
2026-09-01 07:50:00.000000,University of Alberta Hospital,251,0
2026-09-01 07:50:00.000000,WestView Health Centre,191,0
2026-09-01 08:00:00.000000,Airdrie Community Health Centre,92,0
2026-09-01 08:00:00.000000,Alberta Children's Hospital,30,0
2026-09-01 08:00:00.000000,Chinook Regional Hospital,64,0
2026-09-01 08:00:00.000000,Cochrane Community Health Centre,,0
2026-09-01 08:00:00.000000,Devon General Hospital,97,0
2026-09-01 08:00:00.000000,Foothills Medical Centre,393,0
2026-09-01 08:00:00.000000,Fort Sask Community Hospital,139,0
2026-09-01 08:00:00.000000,Grande Prairie Regional Hospital,99,0
2026-09-01 08:00:00.000000,Grey Nuns Community Hospital,165,0
2026-09-01 08:00:00.000000,Innisfail Health Centre,,1
2026-09-01 08:00:00.000000,Lacombe Hospital and Care Centre,,1
2026-09-01 08:00:00.000000,Leduc Community Hospital,40,0
2026-09-01 08:00:00.000000,Medicine Hat Regional Hospital,63,0
2026-09-01 08:00:00.000000,Misericordia Community Hospital,442,0
2026-09-01 08:00:00.000000,Northeast Community Health Centre,239,0
2026-09-01 08:00:00.000000,Northern Lights Regional Health Centre,33,0
2026-09-01 08:00:00.000000,Okotoks Health and Wellness Centre,,0
2026-09-01 08:00:00.000000,Peter Lougheed Centre,228,0
2026-09-01 08:00:00.000000,Red Deer Regional Hospital,195,0
2026-09-01 08:00:00.000000,Rockyview General Hospital,189,0
2026-09-01 08:00:00.000000,Royal Alexandra Hospital,321,0
2026-09-01 08:00:00.000000,Sheldon M. Chumir Centre,114,0
2026-09-01 08:00:00.000000,South Calgary Health Centre,,0
2026-09-01 08:00:00.000000,South Health Campus,278,0
2026-09-01 08:00:00.000000,Stollery Children's Hospital,104,0
2026-09-01 08:00:00.000000,Strathcona Community Hospital,166,0
2026-09-01 08:00:00.000000,Sturgeon Community Hospital,149,0
2026-09-01 08:00:00.000000,University of Alberta Hospital,255,0
2026-09-01 08:00:00.000000,WestView Health Centre,191,0
2026-09-01 08:10:00.000000,Airdrie Community Health Centre,76,0
2026-09-01 08:10:00.000000,Alberta Children's Hospital,30,0
2026-09-01 08:10:00.000000,Chinook Regional Hospital,75,0
2026-09-01 08:10:00.000000,Cochrane Community Health Centre,30,0
2026-09-01 08:10:00.000000,Devon General Hospital,129,0
2026-09-01 08:10:00.000000,Foothills Medical Centre,394,0
2026-09-01 08:10:00.000000,Fort Sask Community Hospital,139,0
2026-09-01 08:10:00.000000,Grande Prairie Regional Hospital,90,0
2026-09-01 08:10:00.000000,Grey Nuns Community Hospital,172,0
2026-09-01 08:10:00.000000,Innisfail Health Centre,,1
2026-09-01 08:10:00.000000,Lacombe Hospital and Care Centre,,1
2026-09-01 08:10:00.000000,Leduc Community Hospital,61,0
2026-09-01 08:10:00.000000,Medicine Hat Regional Hospital,45,0
2026-09-01 08:10:00.000000,Misericordia Community Hospital,459,0
2026-09-01 08:10:00.000000,Northeast Community Health Centre,249,0
2026-09-01 08:10:00.000000,Northern Lights Regional Health Centre,33,0
2026-09-01 08:10:00.000000,Okotoks Health and Wellness Centre,30,0
2026-09-01 08:10:00.000000,Peter Lougheed Centre,217,0
2026-09-01 08:10:00.000000,Red Deer Regional Hospital,176,0
2026-09-01 08:10:00.000000,Rockyview General Hospital,198,0
2026-09-01 08:10:00.000000,Royal Alexandra Hospital,324,0
2026-09-01 08:10:00.000000,Sheldon M. Chumir Centre,119,0
2026-09-01 08:10:00.000000,South Calgary Health Centre,30,0
2026-09-01 08:10:00.000000,South Health Campus,279,0
2026-09-01 08:10:00.000000,Stollery Children's Hospital,90,0
2026-09-01 08:10:00.000000,Strathcona Community Hospital,175,0
2026-09-01 08:10:00.000000,Sturgeon Community Hospital,119,0
2026-09-01 08:10:00.000000,University of Alberta Hospital,254,0
2026-09-01 08:10:00.000000,WestView Health Centre,191,0
2026-09-01 08:20:00.000000,Airdrie Community Health Centre,83,0
2026-09-01 08:20:00.000000,Alberta Children's Hospital,30,0
2026-09-01 08:20:00.000000,Chinook Regional Hospital,78,0
2026-09-01 08:20:00.000000,Cochrane Community Health Centre,30,0
2026-09-01 08:20:00.000000,Devon General Hospital,129,0
2026-09-01 08:20:00.000000,Foothills Medical Centre,404,0
2026-09-01 08:20:00.000000,Fort Sask Community Hospital,167,0
2026-09-01 08:20:00.000000,Grande Prairie Regional Hospital,73,0
2026-09-01 08:20:00.000000,Grey Nuns Community Hospital,187,0
2026-09-01 08:20:00.000000,Innisfail Health Centre,,1
2026-09-01 08:20:00.000000,Lacombe Hospital and Care Centre,,1
2026-09-01 08:20:00.000000,Leduc Community Hospital,61,0
2026-09-01 08:20:00.000000,Medicine Hat Regional Hospital,60,0
2026-09-01 08:20:00.000000,Misericordia Community Hospital,453,0
2026-09-01 08:20:00.000000,Northeast Community Health Centre,221,0
2026-09-01 08:20:00.000000,Northern Lights Regional Health Centre,82,0
2026-09-01 08:20:00.000000,Okotoks Health and Wellness Centre,30,0
2026-09-01 08:20:00.000000,Peter Lougheed Centre,216,0
2026-09-01 08:20:00.000000,Red Deer Regional Hospital,144,0
2026-09-01 08:20:00.000000,Rockyview General Hospital,196,0
2026-09-01 08:20:00.000000,Royal Alexandra Hospital,314,0
2026-09-01 08:20:00.000000,Sheldon M. Chumir Centre,72,0
2026-09-01 08:20:00.000000,South Calgary Health Centre,53,0
2026-09-01 08:20:00.000000,South Health Campus,243,0
2026-09-01 08:20:00.000000,Stollery Children's Hospital,108,0
2026-09-01 08:20:00.000000,Strathcona Community Hospital,150,0
2026-09-01 08:20:00.000000,Sturgeon Community Hospital,136,0
2026-09-01 08:20:00.000000,University of Alberta Hospital,258,0
2026-09-01 08:20:00.000000,WestView Health Centre,152,0
2026-09-01 08:30:00.000000,Airdrie Community Health Centre,79,0
2026-09-01 08:30:00.000000,Alberta Children's Hospital,30,0
2026-09-01 08:30:00.000000,Chinook Regional Hospital,82,0
2026-09-01 08:30:00.000000,Cochrane Community Health Centre,30,0
2026-09-01 08:30:00.000000,Devon General Hospital,129,0
2026-09-01 08:30:00.000000,Foothills Medical Centre,377,0
2026-09-01 08:30:00.000000,Fort Sask Community Hospital,167,0
2026-09-01 08:30:00.000000,Grande Prairie Regional Hospital,71,0
2026-09-01 08:30:00.000000,Grey Nuns Community Hospital,172,0
2026-09-01 08:30:00.000000,Innisfail Health Centre,,1
2026-09-01 08:30:00.000000,Lacombe Hospital and Care Centre,,1
2026-09-01 08:30:00.000000,Leduc Community Hospital,40,0
2026-09-01 08:30:00.000000,Medicine Hat Regional Hospital,60,0
2026-09-01 08:30:00.000000,Misericordia Community Hospital,459,0
2026-09-01 08:30:00.000000,Northeast Community Health Centre,195,0
2026-09-01 08:30:00.000000,Northern Lights Regional Health Centre,92,0
2026-09-01 08:30:00.000000,Okotoks Health and Wellness Centre,30,0
2026-09-01 08:30:00.000000,Peter Lougheed Centre,211,0
2026-09-01 08:30:00.000000,Red Deer Regional Hospital,144,0
2026-09-01 08:30:00.000000,Rockyview General Hospital,155,0
2026-09-01 08:30:00.000000,Royal Alexandra Hospital,305,0
2026-09-01 08:30:00.000000,Sheldon M. Chumir Centre,68,0
2026-09-01 08:30:00.000000,South Calgary Health Centre,65,0
2026-09-01 08:30:00.000000,South Health Campus,244,0
2026-09-01 08:30:00.000000,Stollery Children's Hospital,126,0
2026-09-01 08:30:00.000000,Strathcona Community Hospital,159,0
2026-09-01 08:30:00.000000,Sturgeon Community Hospital,136,0
2026-09-01 08:30:00.000000,University of Alberta Hospital,269,0
2026-09-01 08:30:00.000000,WestView Health Centre,152,0
2026-09-01 08:40:00.000000,Airdrie Community Health Centre,61,0
2026-09-01 08:40:00.000000,Alberta Children's Hospital,30,0
2026-09-01 08:40:00.000000,Chinook Regional Hospital,85,0
2026-09-01 08:40:00.000000,Cochrane Community Health Centre,30,0
2026-09-01 08:40:00.000000,Devon General Hospital,129,0
2026-09-01 08:40:00.000000,Foothills Medical Centre,411,0
2026-09-01 08:40:00.000000,Fort Sask Community Hospital,167,0
2026-09-01 08:40:00.000000,Grande Prairie Regional Hospital,68,0
2026-09-01 08:40:00.000000,Grey Nuns Community Hospital,172,0
2026-09-01 08:40:00.000000,Innisfail Health Centre,,1
2026-09-01 08:40:00.000000,Lacombe Hospital and Care Centre,,1
2026-09-01 08:40:00.000000,Leduc Community Hospital,40,0
2026-09-01 08:40:00.000000,Medicine Hat Regional Hospital,60,0
2026-09-01 08:40:00.000000,Misericordia Community Hospital,430,0
2026-09-01 08:40:00.000000,Northeast Community Health Centre,165,0
2026-09-01 08:40:00.000000,Northern Lights Regional Health Centre,88,0
2026-09-01 08:40:00.000000,Okotoks Health and Wellness Centre,46,0
2026-09-01 08:40:00.000000,Peter Lougheed Centre,194,0
2026-09-01 08:40:00.000000,Red Deer Regional Hospital,144,0
2026-09-01 08:40:00.000000,Rockyview General Hospital,154,0
2026-09-01 08:40:00.000000,Royal Alexandra Hospital,311,0
2026-09-01 08:40:00.000000,Sheldon M. Chumir Centre,83,0
2026-09-01 08:40:00.000000,South Calgary Health Centre,79,0
2026-09-01 08:40:00.000000,South Health Campus,242,0
2026-09-01 08:40:00.000000,Stollery Children's Hospital,144,0
2026-09-01 08:40:00.000000,Strathcona Community Hospital,148,0
2026-09-01 08:40:00.000000,Sturgeon Community Hospital,164,0
2026-09-01 08:40:00.000000,University of Alberta Hospital,266,0
2026-09-01 08:40:00.000000,WestView Health Centre,152,0
2026-09-01 08:50:00.000000,Airdrie Community Health Centre,70,0
2026-09-01 08:50:00.000000,Alberta Children's Hospital,31,0
2026-09-01 08:50:00.000000,Chinook Regional Hospital,88,0
2026-09-01 08:50:00.000000,Cochrane Community Health Centre,37,0
2026-09-01 08:50:00.000000,Devon General Hospital,129,0
2026-09-01 08:50:00.000000,Foothills Medical Centre,435,0
2026-09-01 08:50:00.000000,Fort Sask Community Hospital,167,0
2026-09-01 08:50:00.000000,Grande Prairie Regional Hospital,59,0
2026-09-01 08:50:00.000000,Grey Nuns Community Hospital,172,0
2026-09-01 08:50:00.000000,Innisfail Health Centre,,1
2026-09-01 08:50:00.000000,Lacombe Hospital and Care Centre,,1
2026-09-01 08:50:00.000000,Leduc Community Hospital,61,0
2026-09-01 08:50:00.000000,Medicine Hat Regional Hospital,60,0
2026-09-01 08:50:00.000000,Misericordia Community Hospital,403,0
2026-09-01 08:50:00.000000,Northeast Community Health Centre,157,0
2026-09-01 08:50:00.000000,Northern Lights Regional Health Centre,86,0
2026-09-01 08:50:00.000000,Okotoks Health and Wellness Centre,46,0
2026-09-01 08:50:00.000000,Peter Lougheed Centre,200,0
2026-09-01 08:50:00.000000,Red Deer Regional Hospital,160,0
2026-09-01 08:50:00.000000,Rockyview General Hospital,146,0
2026-09-01 08:50:00.000000,Royal Alexandra Hospital,322,0
2026-09-01 08:50:00.000000,Sheldon M. Chumir Centre,90,0
2026-09-01 08:50:00.000000,South Calgary Health Centre,79,0
2026-09-01 08:50:00.000000,South Health Campus,243,0
2026-09-01 08:50:00.000000,Stollery Children's Hospital,108,0
2026-09-01 08:50:00.000000,Strathcona Community Hospital,141,0
2026-09-01 08:50:00.000000,Sturgeon Community Hospital,182,0
2026-09-01 08:50:00.000000,University of Alberta Hospital,270,0
2026-09-01 08:50:00.000000,WestView Health Centre,191,0
2026-09-01 09:00:00.000000,Airdrie Community Health Centre,67,0
2026-09-01 09:00:00.000000,Alberta Children's Hospital,39,0
2026-09-01 09:00:00.000000,Chinook Regional Hospital,85,0
2026-09-01 09:00:00.000000,Cochrane Community Health Centre,33,0
2026-09-01 09:00:00.000000,Devon General Hospital,162,0
2026-09-01 09:00:00.000000,Foothills Medical Centre,429,0
2026-09-01 09:00:00.000000,Fort Sask Community Hospital,167,0
2026-09-01 09:00:00.000000,Grande Prairie Regional Hospital,71,0
2026-09-01 09:00:00.000000,Grey Nuns Community Hospital,172,0
2026-09-01 09:00:00.000000,Innisfail Health Centre,,1
2026-09-01 09:00:00.000000,Lacombe Hospital and Care Centre,,1
2026-09-01 09:00:00.000000,Leduc Community Hospital,81,0
2026-09-01 09:00:00.000000,Medicine Hat Regional Hospital,60,0
2026-09-01 09:00:00.000000,Misericordia Community Hospital,376,0
2026-09-01 09:00:00.000000,Northeast Community Health Centre,149,0
2026-09-01 09:00:00.000000,Northern Lights Regional Health Centre,100,0
2026-09-01 09:00:00.000000,Okotoks Health and Wellness Centre,95,0
2026-09-01 09:00:00.000000,Peter Lougheed Centre,205,0
2026-09-01 09:00:00.000000,Red Deer Regional Hospital,192,0
2026-09-01 09:00:00.000000,Rockyview General Hospital,130,0
2026-09-01 09:00:00.000000,Royal Alexandra Hospital,335,0
2026-09-01 09:00:00.000000,Sheldon M. Chumir Centre,86,0
2026-09-01 09:00:00.000000,South Calgary Health Centre,111,0
2026-09-01 09:00:00.000000,South Health Campus,235,0
2026-09-01 09:00:00.000000,Stollery Children's Hospital,123,0
2026-09-01 09:00:00.000000,Strathcona Community Hospital,150,0
2026-09-01 09:00:00.000000,Sturgeon Community Hospital,178,0
2026-09-01 09:00:00.000000,University of Alberta Hospital,262,0
2026-09-01 09:00:00.000000,WestView Health Centre,191,0
2026-09-01 09:10:00.000000,Airdrie Community Health Centre,77,0
2026-09-01 09:10:00.000000,Alberta Children's Hospital,30,0
2026-09-01 09:10:00.000000,Chinook Regional Hospital,83,0
2026-09-01 09:10:00.000000,Cochrane Community Health Centre,59,0
2026-09-01 09:10:00.000000,Devon General Hospital,162,0
2026-09-01 09:10:00.000000,Foothills Medical Centre,413,0
2026-09-01 09:10:00.000000,Fort Sask Community Hospital,167,0
2026-09-01 09:10:00.000000,Grande Prairie Regional Hospital,69,0
2026-09-01 09:10:00.000000,Grey Nuns Community Hospital,180,0
2026-09-01 09:10:00.000000,Innisfail Health Centre,,1
2026-09-01 09:10:00.000000,Lacombe Hospital and Care Centre,,1
2026-09-01 09:10:00.000000,Leduc Community Hospital,102,0
2026-09-01 09:10:00.000000,Medicine Hat Regional Hospital,60,0
2026-09-01 09:10:00.000000,Misericordia Community Hospital,372,0
2026-09-01 09:10:00.000000,Northeast Community Health Centre,181,0
2026-09-01 09:10:00.000000,Northern Lights Regional Health Centre,81,0
2026-09-01 09:10:00.000000,Okotoks Health and Wellness Centre,127,0
2026-09-01 09:10:00.000000,Peter Lougheed Centre,205,0
2026-09-01 09:10:00.000000,Red Deer Regional Hospital,160,0
2026-09-01 09:10:00.000000,Rockyview General Hospital,149,0
2026-09-01 09:10:00.000000,Royal Alexandra Hospital,348,0
2026-09-01 09:10:00.000000,Sheldon M. Chumir Centre,105,0
2026-09-01 09:10:00.000000,South Calgary Health Centre,119,0
2026-09-01 09:10:00.000000,South Health Campus,221,0
2026-09-01 09:10:00.000000,Stollery Children's Hospital,130,0
2026-09-01 09:10:00.000000,Strathcona Community Hospital,113,0
2026-09-01 09:10:00.000000,Sturgeon Community Hospital,185,0
2026-09-01 09:10:00.000000,University of Alberta Hospital,267,0
2026-09-01 09:10:00.000000,WestView Health Centre,191,0
2026-09-01 09:20:00.000000,Airdrie Community Health Centre,103,0
2026-09-01 09:20:00.000000,Alberta Children's Hospital,36,0
2026-09-01 09:20:00.000000,Chinook Regional Hospital,84,0
2026-09-01 09:20:00.000000,Cochrane Community Health Centre,55,0
2026-09-01 09:20:00.000000,Devon General Hospital,162,0
2026-09-01 09:20:00.000000,Foothills Medical Centre,404,0
2026-09-01 09:20:00.000000,Fort Sask Community Hospital,167,0
2026-09-01 09:20:00.000000,Grande Prairie Regional Hospital,59,0
2026-09-01 09:20:00.000000,Grey Nuns Community Hospital,187,0
2026-09-01 09:20:00.000000,Innisfail Health Centre,,1
2026-09-01 09:20:00.000000,Lacombe Hospital and Care Centre,,1
2026-09-01 09:20:00.000000,Leduc Community Hospital,102,0
2026-09-01 09:20:00.000000,Medicine Hat Regional Hospital,60,0
2026-09-01 09:20:00.000000,Misericordia Community Hospital,365,0
2026-09-01 09:20:00.000000,Northeast Community Health Centre,162,0
2026-09-01 09:20:00.000000,Northern Lights Regional Health Centre,69,0
2026-09-01 09:20:00.000000,Okotoks Health and Wellness Centre,146,0
2026-09-01 09:20:00.000000,Peter Lougheed Centre,204,0
2026-09-01 09:20:00.000000,Red Deer Regional Hospital,176,0
2026-09-01 09:20:00.000000,Rockyview General Hospital,134,0
2026-09-01 09:20:00.000000,Royal Alexandra Hospital,330,0
2026-09-01 09:20:00.000000,Sheldon M. Chumir Centre,85,0
2026-09-01 09:20:00.000000,South Calgary Health Centre,119,0
2026-09-01 09:20:00.000000,South Health Campus,222,0
2026-09-01 09:20:00.000000,Stollery Children's Hospital,111,0
2026-09-01 09:20:00.000000,Strathcona Community Hospital,146,0
2026-09-01 09:20:00.000000,Sturgeon Community Hospital,214,0
2026-09-01 09:20:00.000000,University of Alberta Hospital,270,0
2026-09-01 09:20:00.000000,WestView Health Centre,191,0
2026-09-01 09:30:00.000000,Airdrie Community Health Centre,90,0
2026-09-01 09:30:00.000000,Alberta Children's Hospital,36,0
2026-09-01 09:30:00.000000,Chinook Regional Hospital,87,0
2026-09-01 09:30:00.000000,Cochrane Community Health Centre,62,0
2026-09-01 09:30:00.000000,Devon General Hospital,162,0
2026-09-01 09:30:00.000000,Foothills Medical Centre,398,0
2026-09-01 09:30:00.000000,Fort Sask Community Hospital,222,0
2026-09-01 09:30:00.000000,Grande Prairie Regional Hospital,50,0
2026-09-01 09:30:00.000000,Grey Nuns Community Hospital,195,0
2026-09-01 09:30:00.000000,Innisfail Health Centre,,1
2026-09-01 09:30:00.000000,Lacombe Hospital and Care Centre,,1
2026-09-01 09:30:00.000000,Leduc Community Hospital,142,0
2026-09-01 09:30:00.000000,Medicine Hat Regional Hospital,30,0
2026-09-01 09:30:00.000000,Misericordia Community Hospital,349,0
2026-09-01 09:30:00.000000,Northeast Community Health Centre,162,0
2026-09-01 09:30:00.000000,Northern Lights Regional Health Centre,83,0
2026-09-01 09:30:00.000000,Okotoks Health and Wellness Centre,119,0
2026-09-01 09:30:00.000000,Peter Lougheed Centre,195,0
2026-09-01 09:30:00.000000,Red Deer Regional Hospital,144,0
2026-09-01 09:30:00.000000,Rockyview General Hospital,136,0
2026-09-01 09:30:00.000000,Royal Alexandra Hospital,321,0
2026-09-01 09:30:00.000000,Sheldon M. Chumir Centre,82,0
2026-09-01 09:30:00.000000,South Calgary Health Centre,119,0
2026-09-01 09:30:00.000000,South Health Campus,209,0
2026-09-01 09:30:00.000000,Stollery Children's Hospital,106,0
2026-09-01 09:30:00.000000,Strathcona Community Hospital,162,0
2026-09-01 09:30:00.000000,Sturgeon Community Hospital,229,0
2026-09-01 09:30:00.000000,University of Alberta Hospital,269,0
2026-09-01 09:30:00.000000,WestView Health Centre,191,0
2026-09-01 09:40:00.000000,Airdrie Community Health Centre,103,0
2026-09-01 09:40:00.000000,Alberta Children's Hospital,36,0
2026-09-01 09:40:00.000000,Chinook Regional Hospital,90,0
2026-09-01 09:40:00.000000,Cochrane Community Health Centre,59,0
2026-09-01 09:40:00.000000,Devon General Hospital,162,0
2026-09-01 09:40:00.000000,Foothills Medical Centre,392,0
2026-09-01 09:40:00.000000,Fort Sask Community Hospital,167,0
2026-09-01 09:40:00.000000,Grande Prairie Regional Hospital,34,0
2026-09-01 09:40:00.000000,Grey Nuns Community Hospital,210,0
2026-09-01 09:40:00.000000,Innisfail Health Centre,,1
2026-09-01 09:40:00.000000,Lacombe Hospital and Care Centre,,1
2026-09-01 09:40:00.000000,Leduc Community Hospital,163,0
2026-09-01 09:40:00.000000,Medicine Hat Regional Hospital,60,0
2026-09-01 09:40:00.000000,Misericordia Community Hospital,344,0
2026-09-01 09:40:00.000000,Northeast Community Health Centre,185,0
2026-09-01 09:40:00.000000,Northern Lights Regional Health Centre,89,0
2026-09-01 09:40:00.000000,Okotoks Health and Wellness Centre,115,0
2026-09-01 09:40:00.000000,Peter Lougheed Centre,181,0
2026-09-01 09:40:00.000000,Red Deer Regional Hospital,144,0
2026-09-01 09:40:00.000000,Rockyview General Hospital,129,0
2026-09-01 09:40:00.000000,Royal Alexandra Hospital,289,0
2026-09-01 09:40:00.000000,Sheldon M. Chumir Centre,87,0
2026-09-01 09:40:00.000000,South Calgary Health Centre,103,0
2026-09-01 09:40:00.000000,South Health Campus,211,0
2026-09-01 09:40:00.000000,Stollery Children's Hospital,76,0
2026-09-01 09:40:00.000000,Strathcona Community Hospital,178,0
2026-09-01 09:40:00.000000,Sturgeon Community Hospital,240,0
2026-09-01 09:40:00.000000,University of Alberta Hospital,273,0
2026-09-01 09:40:00.000000,WestView Health Centre,114,0
2026-09-01 09:50:00.000000,Airdrie Community Health Centre,111,0
2026-09-01 09:50:00.000000,Alberta Children's Hospital,30,0
2026-09-01 09:50:00.000000,Chinook Regional Hospital,96,0
2026-09-01 09:50:00.000000,Cochrane Community Health Centre,75,0
2026-09-01 09:50:00.000000,Devon General Hospital,162,0
2026-09-01 09:50:00.000000,Foothills Medical Centre,384,0
2026-09-01 09:50:00.000000,Fort Sask Community Hospital,167,0
2026-09-01 09:50:00.000000,Grande Prairie Regional Hospital,30,0
2026-09-01 09:50:00.000000,Grey Nuns Community Hospital,202,0
2026-09-01 09:50:00.000000,Innisfail Health Centre,,1
2026-09-01 09:50:00.000000,Lacombe Hospital and Care Centre,,1
2026-09-01 09:50:00.000000,Leduc Community Hospital,204,0
2026-09-01 09:50:00.000000,Medicine Hat Regional Hospital,45,0
2026-09-01 09:50:00.000000,Misericordia Community Hospital,338,0
2026-09-01 09:50:00.000000,Northeast Community Health Centre,153,0
2026-09-01 09:50:00.000000,Northern Lights Regional Health Centre,94,0
2026-09-01 09:50:00.000000,Okotoks Health and Wellness Centre,111,0
2026-09-01 09:50:00.000000,Peter Lougheed Centre,181,0
2026-09-01 09:50:00.000000,Red Deer Regional Hospital,160,0
2026-09-01 09:50:00.000000,Rockyview General Hospital,125,0
2026-09-01 09:50:00.000000,Royal Alexandra Hospital,308,0
2026-09-01 09:50:00.000000,Sheldon M. Chumir Centre,83,0
2026-09-01 09:50:00.000000,South Calgary Health Centre,111,0
2026-09-01 09:50:00.000000,South Health Campus,188,0
2026-09-01 09:50:00.000000,Stollery Children's Hospital,81,0
2026-09-01 09:50:00.000000,Strathcona Community Hospital,216,0
2026-09-01 09:50:00.000000,Sturgeon Community Hospital,240,0
2026-09-01 09:50:00.000000,University of Alberta Hospital,283,0
2026-09-01 09:50:00.000000,WestView Health Centre,152,0
2026-09-01 10:00:00.000000,Airdrie Community Health Centre,98,0
2026-09-01 10:00:00.000000,Alberta Children's Hospital,30,0
2026-09-01 10:00:00.000000,Chinook Regional Hospital,90,0
2026-09-01 10:00:00.000000,Cochrane Community Health Centre,72,0
2026-09-01 10:00:00.000000,Devon General Hospital,129,0
2026-09-01 10:00:00.000000,Foothills Medical Centre,399,0
2026-09-01 10:00:00.000000,Fort Sask Community Hospital,194,0
2026-09-01 10:00:00.000000,Grande Prairie Regional Hospital,30,0
2026-09-01 10:00:00.000000,Grey Nuns Community Hospital,202,0
2026-09-01 10:00:00.000000,Innisfail Health Centre,,1
2026-09-01 10:00:00.000000,Lacombe Hospital and Care Centre,,1
2026-09-01 10:00:00.000000,Leduc Community Hospital,204,0
2026-09-01 10:00:00.000000,Medicine Hat Regional Hospital,45,0
2026-09-01 10:00:00.000000,Misericordia Community Hospital,333,0
2026-09-01 10:00:00.000000,Northeast Community Health Centre,136,0
2026-09-01 10:00:00.000000,Northern Lights Regional Health Centre,75,0
2026-09-01 10:00:00.000000,Okotoks Health and Wellness Centre,108,0
2026-09-01 10:00:00.000000,Peter Lougheed Centre,181,0
2026-09-01 10:00:00.000000,Red Deer Regional Hospital,192,0
2026-09-01 10:00:00.000000,Rockyview General Hospital,131,0
2026-09-01 10:00:00.000000,Royal Alexandra Hospital,306,0
2026-09-01 10:00:00.000000,Sheldon M. Chumir Centre,88,0
2026-09-01 10:00:00.000000,South Calgary Health Centre,119,0
2026-09-01 10:00:00.000000,South Health Campus,175,0
2026-09-01 10:00:00.000000,Stollery Children's Hospital,76,0
2026-09-01 10:00:00.000000,Strathcona Community Hospital,223,0
2026-09-01 10:00:00.000000,Sturgeon Community Hospital,242,0
2026-09-01 10:00:00.000000,University of Alberta Hospital,262,0
2026-09-01 10:00:00.000000,WestView Health Centre,152,0
2026-09-01 10:10:00.000000,Airdrie Community Health Centre,95,0
2026-09-01 10:10:00.000000,Alberta Children's Hospital,48,0
2026-09-01 10:10:00.000000,Chinook Regional Hospital,91,0
2026-09-01 10:10:00.000000,Cochrane Community Health Centre,90,0
2026-09-01 10:10:00.000000,Devon General Hospital,129,0
2026-09-01 10:10:00.000000,Foothills Medical Centre,403,0
2026-09-01 10:10:00.000000,Fort Sask Community Hospital,167,0
2026-09-01 10:10:00.000000,Grande Prairie Regional Hospital,35,0
2026-09-01 10:10:00.000000,Grey Nuns Community Hospital,202,0
2026-09-01 10:10:00.000000,Innisfail Health Centre,,1
2026-09-01 10:10:00.000000,Lacombe Hospital and Care Centre,,1
2026-09-01 10:10:00.000000,Leduc Community Hospital,204,0
2026-09-01 10:10:00.000000,Medicine Hat Regional Hospital,30,0
2026-09-01 10:10:00.000000,Misericordia Community Hospital,348,0
2026-09-01 10:10:00.000000,Northeast Community Health Centre,141,0
2026-09-01 10:10:00.000000,Northern Lights Regional Health Centre,89,0
2026-09-01 10:10:00.000000,Okotoks Health and Wellness Centre,128,0
2026-09-01 10:10:00.000000,Peter Lougheed Centre,172,0
2026-09-01 10:10:00.000000,Red Deer Regional Hospital,211,0
2026-09-01 10:10:00.000000,Rockyview General Hospital,130,0
2026-09-01 10:10:00.000000,Royal Alexandra Hospital,282,0
2026-09-01 10:10:00.000000,Sheldon M. Chumir Centre,78,0
2026-09-01 10:10:00.000000,South Calgary Health Centre,119,0
2026-09-01 10:10:00.000000,South Health Campus,153,0
2026-09-01 10:10:00.000000,Stollery Children's Hospital,96,0
2026-09-01 10:10:00.000000,Strathcona Community Hospital,228,0
2026-09-01 10:10:00.000000,Sturgeon Community Hospital,227,0
2026-09-01 10:10:00.000000,University of Alberta Hospital,260,0
2026-09-01 10:10:00.000000,WestView Health Centre,152,0
2026-09-01 10:20:00.000000,Airdrie Community Health Centre,92,0
2026-09-01 10:20:00.000000,Alberta Children's Hospital,85,0
2026-09-01 10:20:00.000000,Chinook Regional Hospital,80,0
2026-09-01 10:20:00.000000,Cochrane Community Health Centre,90,0
2026-09-01 10:20:00.000000,Devon General Hospital,64,0
2026-09-01 10:20:00.000000,Foothills Medical Centre,389,0
2026-09-01 10:20:00.000000,Fort Sask Community Hospital,167,0
2026-09-01 10:20:00.000000,Grande Prairie Regional Hospital,35,0
2026-09-01 10:20:00.000000,Grey Nuns Community Hospital,202,0
2026-09-01 10:20:00.000000,Innisfail Health Centre,,1
2026-09-01 10:20:00.000000,Lacombe Hospital and Care Centre,,1
2026-09-01 10:20:00.000000,Leduc Community Hospital,183,0
2026-09-01 10:20:00.000000,Medicine Hat Regional Hospital,45,0
2026-09-01 10:20:00.000000,Misericordia Community Hospital,380,0
2026-09-01 10:20:00.000000,Northeast Community Health Centre,136,0
2026-09-01 10:20:00.000000,Northern Lights Regional Health Centre,94,0
2026-09-01 10:20:00.000000,Okotoks Health and Wellness Centre,128,0
2026-09-01 10:20:00.000000,Peter Lougheed Centre,179,0
2026-09-01 10:20:00.000000,Red Deer Regional Hospital,197,0
2026-09-01 10:20:00.000000,Rockyview General Hospital,126,0
2026-09-01 10:20:00.000000,Royal Alexandra Hospital,267,0
2026-09-01 10:20:00.000000,Sheldon M. Chumir Centre,78,0
2026-09-01 10:20:00.000000,South Calgary Health Centre,150,0
2026-09-01 10:20:00.000000,South Health Campus,150,0
2026-09-01 10:20:00.000000,Stollery Children's Hospital,108,0
2026-09-01 10:20:00.000000,Strathcona Community Hospital,222,0
2026-09-01 10:20:00.000000,Sturgeon Community Hospital,224,0
2026-09-01 10:20:00.000000,University of Alberta Hospital,264,0
2026-09-01 10:20:00.000000,WestView Health Centre,152,0
2026-09-01 10:30:00.000000,Airdrie Community Health Centre,99,0
2026-09-01 10:30:00.000000,Alberta Children's Hospital,133,0
2026-09-01 10:30:00.000000,Chinook Regional Hospital,83,0
2026-09-01 10:30:00.000000,Cochrane Community Health Centre,90,0
2026-09-01 10:30:00.000000,Devon General Hospital,64,0
2026-09-01 10:30:00.000000,Foothills Medical Centre,376,0
2026-09-01 10:30:00.000000,Fort Sask Community Hospital,139,0
2026-09-01 10:30:00.000000,Grande Prairie Regional Hospital,49,0
2026-09-01 10:30:00.000000,Grey Nuns Community Hospital,210,0
2026-09-01 10:30:00.000000,Innisfail Health Centre,,1
2026-09-01 10:30:00.000000,Lacombe Hospital and Care Centre,,1
2026-09-01 10:30:00.000000,Leduc Community Hospital,183,0
2026-09-01 10:30:00.000000,Medicine Hat Regional Hospital,60,0
2026-09-01 10:30:00.000000,Misericordia Community Hospital,396,0
2026-09-01 10:30:00.000000,Northeast Community Health Centre,142,0
2026-09-01 10:30:00.000000,Northern Lights Regional Health Centre,108,0
2026-09-01 10:30:00.000000,Okotoks Health and Wellness Centre,128,0
2026-09-01 10:30:00.000000,Peter Lougheed Centre,181,0
2026-09-01 10:30:00.000000,Red Deer Regional Hospital,216,0
2026-09-01 10:30:00.000000,Rockyview General Hospital,110,0
2026-09-01 10:30:00.000000,Royal Alexandra Hospital,237,0
2026-09-01 10:30:00.000000,Sheldon M. Chumir Centre,102,0
2026-09-01 10:30:00.000000,South Calgary Health Centre,150,0
2026-09-01 10:30:00.000000,South Health Campus,146,0
2026-09-01 10:30:00.000000,Stollery Children's Hospital,96,0
2026-09-01 10:30:00.000000,Strathcona Community Hospital,217,0
2026-09-01 10:30:00.000000,Sturgeon Community Hospital,213,0
2026-09-01 10:30:00.000000,University of Alberta Hospital,282,0
2026-09-01 10:30:00.000000,WestView Health Centre,152,0
2026-09-01 10:40:00.000000,Airdrie Community Health Centre,124,0
2026-09-01 10:40:00.000000,Alberta Children's Hospital,132,0
2026-09-01 10:40:00.000000,Chinook Regional Hospital,80,0
2026-09-01 10:40:00.000000,Cochrane Community Health Centre,60,0
2026-09-01 10:40:00.000000,Devon General Hospital,97,0
2026-09-01 10:40:00.000000,Foothills Medical Centre,372,0
2026-09-01 10:40:00.000000,Fort Sask Community Hospital,139,0
2026-09-01 10:40:00.000000,Grande Prairie Regional Hospital,49,0
2026-09-01 10:40:00.000000,Grey Nuns Community Hospital,195,0
2026-09-01 10:40:00.000000,Innisfail Health Centre,,1
2026-09-01 10:40:00.000000,Lacombe Hospital and Care Centre,,1
2026-09-01 10:40:00.000000,Leduc Community Hospital,183,0
2026-09-01 10:40:00.000000,Medicine Hat Regional Hospital,45,0
2026-09-01 10:40:00.000000,Misericordia Community Hospital,363,0
2026-09-01 10:40:00.000000,Northeast Community Health Centre,159,0
2026-09-01 10:40:00.000000,Northern Lights Regional Health Centre,97,0
2026-09-01 10:40:00.000000,Okotoks Health and Wellness Centre,117,0
2026-09-01 10:40:00.000000,Peter Lougheed Centre,182,0
2026-09-01 10:40:00.000000,Red Deer Regional Hospital,233,0
2026-09-01 10:40:00.000000,Rockyview General Hospital,125,0
2026-09-01 10:40:00.000000,Royal Alexandra Hospital,230,0
2026-09-01 10:40:00.000000,Sheldon M. Chumir Centre,78,0
2026-09-01 10:40:00.000000,South Calgary Health Centre,150,0
2026-09-01 10:40:00.000000,South Health Campus,147,0
2026-09-01 10:40:00.000000,Stollery Children's Hospital,120,0
2026-09-01 10:40:00.000000,Strathcona Community Hospital,210,0
2026-09-01 10:40:00.000000,Sturgeon Community Hospital,233,0
2026-09-01 10:40:00.000000,University of Alberta Hospital,290,0
2026-09-01 10:40:00.000000,WestView Health Centre,152,0
2026-09-01 10:50:00.000000,Airdrie Community Health Centre,121,0
2026-09-01 10:50:00.000000,Alberta Children's Hospital,147,0
2026-09-01 10:50:00.000000,Chinook Regional Hospital,83,0
2026-09-01 10:50:00.000000,Cochrane Community Health Centre,80,0
2026-09-01 10:50:00.000000,Devon General Hospital,97,0
2026-09-01 10:50:00.000000,Foothills Medical Centre,389,0
2026-09-01 10:50:00.000000,Fort Sask Community Hospital,167,0
2026-09-01 10:50:00.000000,Grande Prairie Regional Hospital,42,0
2026-09-01 10:50:00.000000,Grey Nuns Community Hospital,195,0
2026-09-01 10:50:00.000000,Innisfail Health Centre,,1
2026-09-01 10:50:00.000000,Lacombe Hospital and Care Centre,,1
2026-09-01 10:50:00.000000,Leduc Community Hospital,201,0
2026-09-01 10:50:00.000000,Medicine Hat Regional Hospital,30,0
2026-09-01 10:50:00.000000,Misericordia Community Hospital,380,0
2026-09-01 10:50:00.000000,Northeast Community Health Centre,166,0
2026-09-01 10:50:00.000000,Northern Lights Regional Health Centre,103,0
2026-09-01 10:50:00.000000,Okotoks Health and Wellness Centre,105,0
2026-09-01 10:50:00.000000,Peter Lougheed Centre,184,0
2026-09-01 10:50:00.000000,Red Deer Regional Hospital,219,0
2026-09-01 10:50:00.000000,Rockyview General Hospital,129,0
2026-09-01 10:50:00.000000,Royal Alexandra Hospital,252,0
2026-09-01 10:50:00.000000,Sheldon M. Chumir Centre,78,0
2026-09-01 10:50:00.000000,South Calgary Health Centre,158,0
2026-09-01 10:50:00.000000,South Health Campus,150,0
2026-09-01 10:50:00.000000,Stollery Children's Hospital,132,0
2026-09-01 10:50:00.000000,Strathcona Community Hospital,204,0
2026-09-01 10:50:00.000000,Sturgeon Community Hospital,233,0
2026-09-01 10:50:00.000000,University of Alberta Hospital,290,0
2026-09-01 10:50:00.000000,WestView Health Centre,168,0
2026-09-01 11:00:00.000000,Airdrie Community Health Centre,117,0
2026-09-01 11:00:00.000000,Alberta Children's Hospital,152,0
2026-09-01 11:00:00.000000,Chinook Regional Hospital,75,0
2026-09-01 11:00:00.000000,Cochrane Community Health Centre,100,0
2026-09-01 11:00:00.000000,Devon General Hospital,129,0
2026-09-01 11:00:00.000000,Foothills Medical Centre,365,0
2026-09-01 11:00:00.000000,Fort Sask Community Hospital,194,0
2026-09-01 11:00:00.000000,Grande Prairie Regional Hospital,56,0
2026-09-01 11:00:00.000000,Grey Nuns Community Hospital,225,0
2026-09-01 11:00:00.000000,Innisfail Health Centre,,1
2026-09-01 11:00:00.000000,Lacombe Hospital and Care Centre,,1
2026-09-01 11:00:00.000000,Leduc Community Hospital,206,0
2026-09-01 11:00:00.000000,Medicine Hat Regional Hospital,45,0
2026-09-01 11:00:00.000000,Misericordia Community Hospital,380,0
2026-09-01 11:00:00.000000,Northeast Community Health Centre,159,0
2026-09-01 11:00:00.000000,Northern Lights Regional Health Centre,133,0
2026-09-01 11:00:00.000000,Okotoks Health and Wellness Centre,105,0
2026-09-01 11:00:00.000000,Peter Lougheed Centre,194,0
2026-09-01 11:00:00.000000,Red Deer Regional Hospital,236,0
2026-09-01 11:00:00.000000,Rockyview General Hospital,148,0
2026-09-01 11:00:00.000000,Royal Alexandra Hospital,237,0
2026-09-01 11:00:00.000000,Sheldon M. Chumir Centre,70,0
2026-09-01 11:00:00.000000,South Calgary Health Centre,164,0
2026-09-01 11:00:00.000000,South Health Campus,152,0
2026-09-01 11:00:00.000000,Stollery Children's Hospital,120,0
2026-09-01 11:00:00.000000,Strathcona Community Hospital,209,0
2026-09-01 11:00:00.000000,Sturgeon Community Hospital,256,0
2026-09-01 11:00:00.000000,University of Alberta Hospital,298,0
2026-09-01 11:00:00.000000,WestView Health Centre,156,0
2026-09-01 11:10:00.000000,Airdrie Community Health Centre,135,0
2026-09-01 11:10:00.000000,Alberta Children's Hospital,167,0
2026-09-01 11:10:00.000000,Chinook Regional Hospital,79,0
2026-09-01 11:10:00.000000,Cochrane Community Health Centre,110,0
2026-09-01 11:10:00.000000,Devon General Hospital,162,0
2026-09-01 11:10:00.000000,Foothills Medical Centre,375,0
2026-09-01 11:10:00.000000,Fort Sask Community Hospital,194,0
2026-09-01 11:10:00.000000,Grande Prairie Regional Hospital,63,0
2026-09-01 11:10:00.000000,Grey Nuns Community Hospital,232,0
2026-09-01 11:10:00.000000,Innisfail Health Centre,,1
2026-09-01 11:10:00.000000,Lacombe Hospital and Care Centre,,1
2026-09-01 11:10:00.000000,Leduc Community Hospital,211,0
2026-09-01 11:10:00.000000,Medicine Hat Regional Hospital,45,0
2026-09-01 11:10:00.000000,Misericordia Community Hospital,396,0
2026-09-01 11:10:00.000000,Northeast Community Health Centre,156,0
2026-09-01 11:10:00.000000,Northern Lights Regional Health Centre,148,0
2026-09-01 11:10:00.000000,Okotoks Health and Wellness Centre,93,0
2026-09-01 11:10:00.000000,Peter Lougheed Centre,187,0
2026-09-01 11:10:00.000000,Red Deer Regional Hospital,255,0
2026-09-01 11:10:00.000000,Rockyview General Hospital,147,0
2026-09-01 11:10:00.000000,Royal Alexandra Hospital,252,0
2026-09-01 11:10:00.000000,Sheldon M. Chumir Centre,62,0
2026-09-01 11:10:00.000000,South Calgary Health Centre,159,0
2026-09-01 11:10:00.000000,South Health Campus Children[;]South Health Campus,80,
2026-09-01 11:10:00.000000,Stollery Children's Hospital,120,0
2026-09-01 11:10:00.000000,Strathcona Community Hospital,207,0
2026-09-01 11:10:00.000000,Sturgeon Community Hospital,253,0
2026-09-01 11:10:00.000000,University of Alberta Hospital,299,0
2026-09-01 11:10:00.000000,WestView Health Centre,128,0
2026-09-01 11:20:00.000000,Airdrie Community Health Centre,135,0
2026-09-01 11:20:00.000000,Alberta Children's Hospital,199,0
2026-09-01 11:20:00.000000,Chinook Regional Hospital,88,0
2026-09-01 11:20:00.000000,Cochrane Community Health Centre,110,0
2026-09-01 11:20:00.000000,Devon General Hospital,129,0
2026-09-01 11:20:00.000000,Foothills Medical Centre,406,0
2026-09-01 11:20:00.000000,Fort Sask Community Hospital,250,0
2026-09-01 11:20:00.000000,Grande Prairie Regional Hospital,70,0
2026-09-01 11:20:00.000000,Grey Nuns Community Hospital,255,0
2026-09-01 11:20:00.000000,Innisfail Health Centre,,1
2026-09-01 11:20:00.000000,Lacombe Hospital and Care Centre,,1
2026-09-01 11:20:00.000000,Leduc Community Hospital,215,0
2026-09-01 11:20:00.000000,Medicine Hat Regional Hospital,30,0
2026-09-01 11:20:00.000000,Misericordia Community Hospital,363,0
2026-09-01 11:20:00.000000,Northeast Community Health Centre,156,0
2026-09-01 11:20:00.000000,Northern Lights Regional Health Centre,132,0
2026-09-01 11:20:00.000000,Okotoks Health and Wellness Centre,93,0
2026-09-01 11:20:00.000000,Peter Lougheed Centre,182,0
2026-09-01 11:20:00.000000,Red Deer Regional Hospital,261,0
2026-09-01 11:20:00.000000,Rockyview General Hospital,167,0
2026-09-01 11:20:00.000000,Royal Alexandra Hospital,245,0
2026-09-01 11:20:00.000000,Sheldon M. Chumir Centre,61,0
2026-09-01 11:20:00.000000,South Calgary Health Centre,144,0
2026-09-01 11:20:00.000000,South Health Campus Children[;]South Health Campus,30,
2026-09-01 11:20:00.000000,Stollery Children's Hospital,120,0
2026-09-01 11:20:00.000000,Strathcona Community Hospital,195,0
2026-09-01 11:20:00.000000,Sturgeon Community Hospital,274,0
2026-09-01 11:20:00.000000,University of Alberta Hospital,312,0
2026-09-01 11:20:00.000000,WestView Health Centre,98,0
2026-09-01 11:30:00.000000,Airdrie Community Health Centre,116,0
2026-09-01 11:30:00.000000,Alberta Children's Hospital,186,0
2026-09-01 11:30:00.000000,Chinook Regional Hospital,84,0
2026-09-01 11:30:00.000000,Cochrane Community Health Centre,110,0
2026-09-01 11:30:00.000000,Devon General Hospital,129,0
2026-09-01 11:30:00.000000,Foothills Medical Centre,423,0
2026-09-01 11:30:00.000000,Fort Sask Community Hospital,250,0
2026-09-01 11:30:00.000000,Grande Prairie Regional Hospital,84,0
2026-09-01 11:30:00.000000,Grey Nuns Community Hospital,217,0
2026-09-01 11:30:00.000000,Innisfail Health Centre,,1
2026-09-01 11:30:00.000000,Lacombe Hospital and Care Centre,,1
2026-09-01 11:30:00.000000,Leduc Community Hospital,221,0
2026-09-01 11:30:00.000000,Medicine Hat Regional Hospital,30,0
2026-09-01 11:30:00.000000,Misericordia Community Hospital,363,0
2026-09-01 11:30:00.000000,Northeast Community Health Centre,144,0
2026-09-01 11:30:00.000000,Northern Lights Regional Health Centre,148,0
2026-09-01 11:30:00.000000,Okotoks Health and Wellness Centre,81,0
2026-09-01 11:30:00.000000,Peter Lougheed Centre,197,0
2026-09-01 11:30:00.000000,Red Deer Regional Hospital,247,0
2026-09-01 11:30:00.000000,Rockyview General Hospital,185,0
2026-09-01 11:30:00.000000,Royal Alexandra Hospital,237,0
2026-09-01 11:30:00.000000,Sheldon M. Chumir Centre,39,0
2026-09-01 11:30:00.000000,South Calgary Health Centre,156,0
2026-09-01 11:30:00.000000,South Health Campus Children[;]South Health Campus,30,
2026-09-01 11:30:00.000000,Stollery Children's Hospital,120,0
2026-09-01 11:30:00.000000,Strathcona Community Hospital,195,0
2026-09-01 11:30:00.000000,Sturgeon Community Hospital,288,0
2026-09-01 11:30:00.000000,University of Alberta Hospital,318,0
2026-09-01 11:30:00.000000,WestView Health Centre,89,0
2026-09-01 11:40:00.000000,Airdrie Community Health Centre,106,0
2026-09-01 11:40:00.000000,Alberta Children's Hospital,164,0
2026-09-01 11:40:00.000000,Chinook Regional Hospital,84,0
2026-09-01 11:40:00.000000,Cochrane Community Health Centre,110,0
2026-09-01 11:40:00.000000,Devon General Hospital,162,0
2026-09-01 11:40:00.000000,Foothills Medical Centre,432,0
2026-09-01 11:40:00.000000,Fort Sask Community Hospital,222,0
2026-09-01 11:40:00.000000,Grande Prairie Regional Hospital,84,0
2026-09-01 11:40:00.000000,Grey Nuns Community Hospital,240,0
2026-09-01 11:40:00.000000,Innisfail Health Centre,,1
2026-09-01 11:40:00.000000,Lacombe Hospital and Care Centre,,1
2026-09-01 11:40:00.000000,Leduc Community Hospital,227,0
2026-09-01 11:40:00.000000,Medicine Hat Regional Hospital,30,0
2026-09-01 11:40:00.000000,Misericordia Community Hospital,380,0
2026-09-01 11:40:00.000000,Northeast Community Health Centre,156,0
2026-09-01 11:40:00.000000,Northern Lights Regional Health Centre,148,0
2026-09-01 11:40:00.000000,Okotoks Health and Wellness Centre,70,0
2026-09-01 11:40:00.000000,Peter Lougheed Centre,199,0
2026-09-01 11:40:00.000000,Red Deer Regional Hospital,255,0
2026-09-01 11:40:00.000000,Rockyview General Hospital,203,0
2026-09-01 11:40:00.000000,Royal Alexandra Hospital,260,0
2026-09-01 11:40:00.000000,Sheldon M. Chumir Centre,44,0
2026-09-01 11:40:00.000000,South Calgary Health Centre,136,0
2026-09-01 11:40:00.000000,South Health Campus Children[;]South Health Campus,30,
2026-09-01 11:40:00.000000,Stollery Children's Hospital,132,0
2026-09-01 11:40:00.000000,Strathcona Community Hospital,222,0
2026-09-01 11:40:00.000000,Sturgeon Community Hospital,319,0
2026-09-01 11:40:00.000000,University of Alberta Hospital,318,0
2026-09-01 11:40:00.000000,WestView Health Centre,81,0
2026-09-01 11:50:00.000000,Airdrie Community Health Centre,106,0
2026-09-01 11:50:00.000000,Alberta Children's Hospital,152,0
2026-09-01 11:50:00.000000,Chinook Regional Hospital,88,0
2026-09-01 11:50:00.000000,Cochrane Community Health Centre,100,0
2026-09-01 11:50:00.000000,Devon General Hospital,194,0
2026-09-01 11:50:00.000000,Foothills Medical Centre,432,0
2026-09-01 11:50:00.000000,Fort Sask Community Hospital,250,0
2026-09-01 11:50:00.000000,Grande Prairie Regional Hospital,84,0
2026-09-01 11:50:00.000000,Grey Nuns Community Hospital,247,0
2026-09-01 11:50:00.000000,Innisfail Health Centre,,1
2026-09-01 11:50:00.000000,Lacombe Hospital and Care Centre,,1
2026-09-01 11:50:00.000000,Leduc Community Hospital,222,0
2026-09-01 11:50:00.000000,Medicine Hat Regional Hospital,30,0
2026-09-01 11:50:00.000000,Misericordia Community Hospital,377,0
2026-09-01 11:50:00.000000,Northeast Community Health Centre,156,0
2026-09-01 11:50:00.000000,Northern Lights Regional Health Centre,99,0
2026-09-01 11:50:00.000000,Okotoks Health and Wellness Centre,58,0
2026-09-01 11:50:00.000000,Peter Lougheed Centre,201,0
2026-09-01 11:50:00.000000,Red Deer Regional Hospital,251,0
2026-09-01 11:50:00.000000,Rockyview General Hospital,215,0
2026-09-01 11:50:00.000000,Royal Alexandra Hospital,252,0
2026-09-01 11:50:00.000000,Sheldon M. Chumir Centre,42,0
2026-09-01 11:50:00.000000,South Calgary Health Centre,133,0
2026-09-01 11:50:00.000000,South Health Campus Children[;]South Health Campus,30,
2026-09-01 11:50:00.000000,Stollery Children's Hospital,144,0
2026-09-01 11:50:00.000000,Strathcona Community Hospital,246,0
2026-09-01 11:50:00.000000,Sturgeon Community Hospital,330,0
2026-09-01 11:50:00.000000,University of Alberta Hospital,323,0
2026-09-01 11:50:00.000000,WestView Health Centre,92,0
2026-09-01 12:00:00.000000,Airdrie Community Health Centre,96,0
2026-09-01 12:00:00.000000,Alberta Children's Hospital,175,0
2026-09-01 12:00:00.000000,Chinook Regional Hospital,79,0
2026-09-01 12:00:00.000000,Cochrane Community Health Centre,80,0
2026-09-01 12:00:00.000000,Devon General Hospital,226,0
2026-09-01 12:00:00.000000,Foothills Medical Centre,430,0
2026-09-01 12:00:00.000000,Fort Sask Community Hospital,278,0
2026-09-01 12:00:00.000000,Grande Prairie Regional Hospital,63,0
2026-09-01 12:00:00.000000,Grey Nuns Community Hospital,262,0
2026-09-01 12:00:00.000000,Innisfail Health Centre,,1
2026-09-01 12:00:00.000000,Lacombe Hospital and Care Centre,,1
2026-09-01 12:00:00.000000,Leduc Community Hospital,216,0
2026-09-01 12:00:00.000000,Medicine Hat Regional Hospital,45,0
2026-09-01 12:00:00.000000,Misericordia Community Hospital,392,0
2026-09-01 12:00:00.000000,Northeast Community Health Centre,181,0
2026-09-01 12:00:00.000000,Northern Lights Regional Health Centre,115,0
2026-09-01 12:00:00.000000,Okotoks Health and Wellness Centre,58,0
2026-09-01 12:00:00.000000,Peter Lougheed Centre,214,0
2026-09-01 12:00:00.000000,Red Deer Regional Hospital,237,0
2026-09-01 12:00:00.000000,Rockyview General Hospital,221,0
2026-09-01 12:00:00.000000,Royal Alexandra Hospital,237,0
2026-09-01 12:00:00.000000,Sheldon M. Chumir Centre,45,0
2026-09-01 12:00:00.000000,South Calgary Health Centre,147,0
2026-09-01 12:00:00.000000,South Health Campus Children[;]South Health Campus,30,
2026-09-01 12:00:00.000000,Stollery Children's Hospital,156,0
2026-09-01 12:00:00.000000,Strathcona Community Hospital,223,0
2026-09-01 12:00:00.000000,Sturgeon Community Hospital,319,0
2026-09-01 12:00:00.000000,University of Alberta Hospital,331,0
2026-09-01 12:00:00.000000,WestView Health Centre,81,0
2026-09-01 12:10:00.000000,Airdrie Community Health Centre,106,0
2026-09-01 12:10:00.000000,Alberta Children's Hospital,164,0
2026-09-01 12:10:00.000000,Chinook Regional Hospital,74,0
2026-09-01 12:10:00.000000,Cochrane Community Health Centre,90,0
2026-09-01 12:10:00.000000,Devon General Hospital,259,0
2026-09-01 12:10:00.000000,Foothills Medical Centre,420,0
2026-09-01 12:10:00.000000,Fort Sask Community Hospital,306,0
2026-09-01 12:10:00.000000,Grande Prairie Regional Hospital,63,0
2026-09-01 12:10:00.000000,Grey Nuns Community Hospital,262,0
2026-09-01 12:10:00.000000,Innisfail Health Centre,,1
2026-09-01 12:10:00.000000,Lacombe Hospital and Care Centre,,1
2026-09-01 12:10:00.000000,Leduc Community Hospital,201,0
2026-09-01 12:10:00.000000,Medicine Hat Regional Hospital,45,0
2026-09-01 12:10:00.000000,Misericordia Community Hospital,378,0
2026-09-01 12:10:00.000000,Northeast Community Health Centre,181,0
2026-09-01 12:10:00.000000,Northern Lights Regional Health Centre,132,0
2026-09-01 12:10:00.000000,Okotoks Health and Wellness Centre,58,0
2026-09-01 12:10:00.000000,Peter Lougheed Centre,214,0
2026-09-01 12:10:00.000000,Red Deer Regional Hospital,255,0
2026-09-01 12:10:00.000000,Rockyview General Hospital,245,0
2026-09-01 12:10:00.000000,Royal Alexandra Hospital,216,0
2026-09-01 12:10:00.000000,Sheldon M. Chumir Centre,50,0
2026-09-01 12:10:00.000000,South Calgary Health Centre,147,0
2026-09-01 12:10:00.000000,South Health Campus Children[;]South Health Campus,30,
2026-09-01 12:10:00.000000,Stollery Children's Hospital,144,0
2026-09-01 12:10:00.000000,Strathcona Community Hospital,247,0
2026-09-01 12:10:00.000000,Sturgeon Community Hospital,320,0
2026-09-01 12:10:00.000000,University of Alberta Hospital,330,0
2026-09-01 12:10:00.000000,WestView Health Centre,95,0
2026-09-01 12:20:00.000000,Airdrie Community Health Centre,106,0
2026-09-01 12:20:00.000000,Alberta Children's Hospital,145,0
2026-09-01 12:20:00.000000,Chinook Regional Hospital,75,0
2026-09-01 12:20:00.000000,Cochrane Community Health Centre,90,0
2026-09-01 12:20:00.000000,Devon General Hospital,291,0
2026-09-01 12:20:00.000000,Foothills Medical Centre,422,0
2026-09-01 12:20:00.000000,Fort Sask Community Hospital,334,0
2026-09-01 12:20:00.000000,Grande Prairie Regional Hospital,49,0
2026-09-01 12:20:00.000000,Grey Nuns Community Hospital,270,0
2026-09-01 12:20:00.000000,Innisfail Health Centre,,1
2026-09-01 12:20:00.000000,Lacombe Hospital and Care Centre,,1
2026-09-01 12:20:00.000000,Leduc Community Hospital,195,0
2026-09-01 12:20:00.000000,Medicine Hat Regional Hospital,60,0
2026-09-01 12:20:00.000000,Misericordia Community Hospital,400,0
2026-09-01 12:20:00.000000,Northeast Community Health Centre,132,0
2026-09-01 12:20:00.000000,Northern Lights Regional Health Centre,123,0
2026-09-01 12:20:00.000000,Okotoks Health and Wellness Centre,46,0
2026-09-01 12:20:00.000000,Peter Lougheed Centre,200,0
2026-09-01 12:20:00.000000,Red Deer Regional Hospital,240,0
2026-09-01 12:20:00.000000,Rockyview General Hospital,241,0
2026-09-01 12:20:00.000000,Royal Alexandra Hospital,197,0
2026-09-01 12:20:00.000000,Sheldon M. Chumir Centre,50,0
2026-09-01 12:20:00.000000,South Calgary Health Centre,124,0
2026-09-01 12:20:00.000000,South Health Campus Children[;]South Health Campus,30,
2026-09-01 12:20:00.000000,Stollery Children's Hospital,132,0
2026-09-01 12:20:00.000000,Strathcona Community Hospital,257,0
2026-09-01 12:20:00.000000,Sturgeon Community Hospital,326,0
2026-09-01 12:20:00.000000,University of Alberta Hospital,330,0
2026-09-01 12:20:00.000000,WestView Health Centre,38,0
2026-09-01 12:30:00.000000,Airdrie Community Health Centre,116,0
2026-09-01 12:30:00.000000,Alberta Children's Hospital,145,0
2026-09-01 12:30:00.000000,Chinook Regional Hospital,85,0
2026-09-01 12:30:00.000000,Cochrane Community Health Centre,70,0
2026-09-01 12:30:00.000000,Devon General Hospital,291,0
2026-09-01 12:30:00.000000,Foothills Medical Centre,417,0
2026-09-01 12:30:00.000000,Fort Sask Community Hospital,334,0
2026-09-01 12:30:00.000000,Grande Prairie Regional Hospital,42,0
2026-09-01 12:30:00.000000,Grey Nuns Community Hospital,285,0
2026-09-01 12:30:00.000000,Innisfail Health Centre,,1
2026-09-01 12:30:00.000000,Lacombe Hospital and Care Centre,,1
2026-09-01 12:30:00.000000,Leduc Community Hospital,201,0
2026-09-01 12:30:00.000000,Medicine Hat Regional Hospital,60,0
2026-09-01 12:30:00.000000,Misericordia Community Hospital,378,0
2026-09-01 12:30:00.000000,Northeast Community Health Centre,132,0
2026-09-01 12:30:00.000000,Northern Lights Regional Health Centre,140,0
2026-09-01 12:30:00.000000,Okotoks Health and Wellness Centre,46,0
2026-09-01 12:30:00.000000,Peter Lougheed Centre,202,0
2026-09-01 12:30:00.000000,Red Deer Regional Hospital,247,0
2026-09-01 12:30:00.000000,Rockyview General Hospital,253,0
2026-09-01 12:30:00.000000,Royal Alexandra Hospital,213,0
2026-09-01 12:30:00.000000,Sheldon M. Chumir Centre,50,0
2026-09-01 12:30:00.000000,South Calgary Health Centre,132,0
2026-09-01 12:30:00.000000,South Health Campus Children[;]South Health Campus,30,
2026-09-01 12:30:00.000000,Stollery Children's Hospital,108,0
2026-09-01 12:30:00.000000,Strathcona Community Hospital,264,0
2026-09-01 12:30:00.000000,Sturgeon Community Hospital,319,0
2026-09-01 12:30:00.000000,University of Alberta Hospital,335,0
2026-09-01 12:30:00.000000,WestView Health Centre,57,0
2026-09-01 12:40:00.000000,Airdrie Community Health Centre,125,0
2026-09-01 12:40:00.000000,Alberta Children's Hospital,150,0
2026-09-01 12:40:00.000000,Chinook Regional Hospital,88,0
2026-09-01 12:40:00.000000,Cochrane Community Health Centre,70,0
2026-09-01 12:40:00.000000,Devon General Hospital,324,0
2026-09-01 12:40:00.000000,Foothills Medical Centre,413,0
2026-09-01 12:40:00.000000,Fort Sask Community Hospital,389,0
2026-09-01 12:40:00.000000,Grande Prairie Regional Hospital,42,0
2026-09-01 12:40:00.000000,Grey Nuns Community Hospital,277,0
2026-09-01 12:40:00.000000,Innisfail Health Centre,,1
2026-09-01 12:40:00.000000,Lacombe Hospital and Care Centre,,1
2026-09-01 12:40:00.000000,Leduc Community Hospital,217,0
2026-09-01 12:40:00.000000,Medicine Hat Regional Hospital,60,0
2026-09-01 12:40:00.000000,Misericordia Community Hospital,391,0
2026-09-01 12:40:00.000000,Northeast Community Health Centre,144,0
2026-09-01 12:40:00.000000,Northern Lights Regional Health Centre,156,0
2026-09-01 12:40:00.000000,Okotoks Health and Wellness Centre,46,0
2026-09-01 12:40:00.000000,Peter Lougheed Centre,203,0
2026-09-01 12:40:00.000000,Red Deer Regional Hospital,233,0
2026-09-01 12:40:00.000000,Rockyview General Hospital,229,0
2026-09-01 12:40:00.000000,Royal Alexandra Hospital,201,0
2026-09-01 12:40:00.000000,Sheldon M. Chumir Centre,62,0
2026-09-01 12:40:00.000000,South Calgary Health Centre,116,0
2026-09-01 12:40:00.000000,South Health Campus Children[;]South Health Campus,30,
2026-09-01 12:40:00.000000,Stollery Children's Hospital,96,0
2026-09-01 12:40:00.000000,Strathcona Community Hospital,304,0
2026-09-01 12:40:00.000000,Sturgeon Community Hospital,323,0
2026-09-01 12:40:00.000000,University of Alberta Hospital,310,0
2026-09-01 12:40:00.000000,WestView Health Centre,57,0
2026-09-01 12:50:00.000000,Airdrie Community Health Centre,125,0
2026-09-01 12:50:00.000000,Alberta Children's Hospital,109,0
2026-09-01 12:50:00.000000,Chinook Regional Hospital,102,0
2026-09-01 12:50:00.000000,Cochrane Community Health Centre,60,0
2026-09-01 12:50:00.000000,Devon General Hospital,388,0
2026-09-01 12:50:00.000000,Foothills Medical Centre,400,0
2026-09-01 12:50:00.000000,Fort Sask Community Hospital,389,0
2026-09-01 12:50:00.000000,Grande Prairie Regional Hospital,56,0
2026-09-01 12:50:00.000000,Grey Nuns Community Hospital,270,0
2026-09-01 12:50:00.000000,Innisfail Health Centre,,1
2026-09-01 12:50:00.000000,Lacombe Hospital and Care Centre,,1
2026-09-01 12:50:00.000000,Leduc Community Hospital,211,0
2026-09-01 12:50:00.000000,Medicine Hat Regional Hospital,45,0
2026-09-01 12:50:00.000000,Misericordia Community Hospital,385,0
2026-09-01 12:50:00.000000,Northeast Community Health Centre,156,0
2026-09-01 12:50:00.000000,Northern Lights Regional Health Centre,156,0
2026-09-01 12:50:00.000000,Okotoks Health and Wellness Centre,58,0
2026-09-01 12:50:00.000000,Peter Lougheed Centre,206,0
2026-09-01 12:50:00.000000,Red Deer Regional Hospital,251,0
2026-09-01 12:50:00.000000,Rockyview General Hospital,236,0
2026-09-01 12:50:00.000000,Royal Alexandra Hospital,182,0
2026-09-01 12:50:00.000000,Sheldon M. Chumir Centre,56,0
2026-09-01 12:50:00.000000,South Calgary Health Centre,124,0
2026-09-01 12:50:00.000000,South Health Campus Children[;]South Health Campus,30,
2026-09-01 12:50:00.000000,Stollery Children's Hospital,108,0
2026-09-01 12:50:00.000000,Strathcona Community Hospital,330,0
2026-09-01 12:50:00.000000,Sturgeon Community Hospital,317,0
2026-09-01 12:50:00.000000,University of Alberta Hospital,315,0
2026-09-01 12:50:00.000000,WestView Health Centre,76,0
2026-09-01 13:00:00.000000,Airdrie Community Health Centre,106,0
2026-09-01 13:00:00.000000,Alberta Children's Hospital,100,0
2026-09-01 13:00:00.000000,Chinook Regional Hospital,107,0
2026-09-01 13:00:00.000000,Cochrane Community Health Centre,70,0
2026-09-01 13:00:00.000000,Devon General Hospital,388,0
2026-09-01 13:00:00.000000,Foothills Medical Centre,403,0
2026-09-01 13:00:00.000000,Fort Sask Community Hospital,417,0
2026-09-01 13:00:00.000000,Grande Prairie Regional Hospital,56,0
2026-09-01 13:00:00.000000,Grey Nuns Community Hospital,292,0
2026-09-01 13:00:00.000000,Innisfail Health Centre,,1
2026-09-01 13:00:00.000000,Lacombe Hospital and Care Centre,,1
2026-09-01 13:00:00.000000,Leduc Community Hospital,206,0
2026-09-01 13:00:00.000000,Medicine Hat Regional Hospital,75,0
2026-09-01 13:00:00.000000,Misericordia Community Hospital,425,0
2026-09-01 13:00:00.000000,Northeast Community Health Centre,168,0
2026-09-01 13:00:00.000000,Northern Lights Regional Health Centre,173,0
2026-09-01 13:00:00.000000,Okotoks Health and Wellness Centre,70,0
2026-09-01 13:00:00.000000,Peter Lougheed Centre,218,0
2026-09-01 13:00:00.000000,Red Deer Regional Hospital,269,0
2026-09-01 13:00:00.000000,Rockyview General Hospital,238,0
2026-09-01 13:00:00.000000,Royal Alexandra Hospital,176,0
2026-09-01 13:00:00.000000,Sheldon M. Chumir Centre,44,0
2026-09-01 13:00:00.000000,South Calgary Health Centre,124,0
2026-09-01 13:00:00.000000,South Health Campus Children[;]South Health Campus,30,
2026-09-01 13:00:00.000000,Stollery Children's Hospital,108,0
2026-09-01 13:00:00.000000,Strathcona Community Hospital,305,0
2026-09-01 13:00:00.000000,Sturgeon Community Hospital,310,0
2026-09-01 13:00:00.000000,University of Alberta Hospital,300,0
2026-09-01 13:00:00.000000,WestView Health Centre,57,0
2026-09-01 13:10:00.000000,Airdrie Community Health Centre,106,0
2026-09-01 13:10:00.000000,Alberta Children's Hospital,82,0
2026-09-01 13:10:00.000000,Chinook Regional Hospital,102,0
2026-09-01 13:10:00.000000,Cochrane Community Health Centre,50,0
2026-09-01 13:10:00.000000,Devon General Hospital,388,0
2026-09-01 13:10:00.000000,Foothills Medical Centre,391,0
2026-09-01 13:10:00.000000,Fort Sask Community Hospital,445,0
2026-09-01 13:10:00.000000,Grande Prairie Regional Hospital,63,0
2026-09-01 13:10:00.000000,Grey Nuns Community Hospital,292,0
2026-09-01 13:10:00.000000,Innisfail Health Centre,,1
2026-09-01 13:10:00.000000,Lacombe Hospital and Care Centre,,1
2026-09-01 13:10:00.000000,Leduc Community Hospital,192,0
2026-09-01 13:10:00.000000,Medicine Hat Regional Hospital,60,0
2026-09-01 13:10:00.000000,Misericordia Community Hospital,432,0
2026-09-01 13:10:00.000000,Northeast Community Health Centre,156,0
2026-09-01 13:10:00.000000,Northern Lights Regional Health Centre,181,0
2026-09-01 13:10:00.000000,Okotoks Health and Wellness Centre,58,0
2026-09-01 13:10:00.000000,Peter Lougheed Centre,220,0
2026-09-01 13:10:00.000000,Red Deer Regional Hospital,246,0
2026-09-01 13:10:00.000000,Rockyview General Hospital,235,0
2026-09-01 13:10:00.000000,Royal Alexandra Hospital,178,0
2026-09-01 13:10:00.000000,Sheldon M. Chumir Centre,50,0
2026-09-01 13:10:00.000000,South Calgary Health Centre,117,0
2026-09-01 13:10:00.000000,South Health Campus Children[;]South Health Campus,30,
2026-09-01 13:10:00.000000,Stollery Children's Hospital,108,0
2026-09-01 13:10:00.000000,Strathcona Community Hospital,325,0
2026-09-01 13:10:00.000000,Sturgeon Community Hospital,301,0
2026-09-01 13:10:00.000000,University of Alberta Hospital,294,0
2026-09-01 13:10:00.000000,WestView Health Centre,57,0
2026-09-01 13:20:00.000000,Airdrie Community Health Centre,106,0
2026-09-01 13:20:00.000000,Alberta Children's Hospital,98,0
2026-09-01 13:20:00.000000,Chinook Regional Hospital,107,0
2026-09-01 13:20:00.000000,Cochrane Community Health Centre,40,0
2026-09-01 13:20:00.000000,Devon General Hospital,388,0
2026-09-01 13:20:00.000000,Foothills Medical Centre,391,0
2026-09-01 13:20:00.000000,Fort Sask Community Hospital,445,0
2026-09-01 13:20:00.000000,Grande Prairie Regional Hospital,63,0
2026-09-01 13:20:00.000000,Grey Nuns Community Hospital,270,0
2026-09-01 13:20:00.000000,Innisfail Health Centre,,1
2026-09-01 13:20:00.000000,Lacombe Hospital and Care Centre,,1
2026-09-01 13:20:00.000000,Leduc Community Hospital,186,0
2026-09-01 13:20:00.000000,Medicine Hat Regional Hospital,90,0
2026-09-01 13:20:00.000000,Misericordia Community Hospital,458,0
2026-09-01 13:20:00.000000,Northeast Community Health Centre,168,0
2026-09-01 13:20:00.000000,Northern Lights Regional Health Centre,156,0
2026-09-01 13:20:00.000000,Okotoks Health and Wellness Centre,58,0
2026-09-01 13:20:00.000000,Peter Lougheed Centre,217,0
2026-09-01 13:20:00.000000,Red Deer Regional Hospital,256,0
2026-09-01 13:20:00.000000,Rockyview General Hospital,233,0
2026-09-01 13:20:00.000000,Royal Alexandra Hospital,189,0
2026-09-01 13:20:00.000000,Sheldon M. Chumir Centre,44,0
2026-09-01 13:20:00.000000,South Calgary Health Centre,135,0
2026-09-01 13:20:00.000000,South Health Campus Children[;]South Health Campus,30,
2026-09-01 13:20:00.000000,Stollery Children's Hospital,84,0
2026-09-01 13:20:00.000000,Strathcona Community Hospital,374,0
2026-09-01 13:20:00.000000,Sturgeon Community Hospital,322,0
2026-09-01 13:20:00.000000,University of Alberta Hospital,307,0
2026-09-01 13:20:00.000000,WestView Health Centre,57,0
2026-09-01 13:30:00.000000,Airdrie Community Health Centre,106,0
2026-09-01 13:30:00.000000,Alberta Children's Hospital,127,0
2026-09-01 13:30:00.000000,Chinook Regional Hospital,107,0
2026-09-01 13:30:00.000000,Cochrane Community Health Centre,40,0
2026-09-01 13:30:00.000000,Devon General Hospital,388,0
2026-09-01 13:30:00.000000,Foothills Medical Centre,379,0
2026-09-01 13:30:00.000000,Fort Sask Community Hospital,417,0
2026-09-01 13:30:00.000000,Grande Prairie Regional Hospital,56,0
2026-09-01 13:30:00.000000,Grey Nuns Community Hospital,270,0
2026-09-01 13:30:00.000000,Innisfail Health Centre,,1
2026-09-01 13:30:00.000000,Lacombe Hospital and Care Centre,,1
2026-09-01 13:30:00.000000,Leduc Community Hospital,191,0
2026-09-01 13:30:00.000000,Medicine Hat Regional Hospital,75,0
2026-09-01 13:30:00.000000,Misericordia Community Hospital,482,0
2026-09-01 13:30:00.000000,Northeast Community Health Centre,156,0
2026-09-01 13:30:00.000000,Northern Lights Regional Health Centre,173,0
2026-09-01 13:30:00.000000,Okotoks Health and Wellness Centre,58,0
2026-09-01 13:30:00.000000,Peter Lougheed Centre,202,0
2026-09-01 13:30:00.000000,Red Deer Regional Hospital,288,0
2026-09-01 13:30:00.000000,Rockyview General Hospital,237,0
2026-09-01 13:30:00.000000,Royal Alexandra Hospital,178,0
2026-09-01 13:30:00.000000,Sheldon M. Chumir Centre,44,0
2026-09-01 13:30:00.000000,South Calgary Health Centre,118,0
2026-09-01 13:30:00.000000,South Health Campus Children[;]South Health Campus,30,
2026-09-01 13:30:00.000000,Stollery Children's Hospital,72,0
2026-09-01 13:30:00.000000,Strathcona Community Hospital,357,0
2026-09-01 13:30:00.000000,Sturgeon Community Hospital,310,0
2026-09-01 13:30:00.000000,University of Alberta Hospital,311,0
2026-09-01 13:30:00.000000,WestView Health Centre,57,0
2026-09-01 13:40:00.000000,Airdrie Community Health Centre,106,0
2026-09-01 13:40:00.000000,Alberta Children's Hospital,132,0
2026-09-01 13:40:00.000000,Chinook Regional Hospital,107,0
2026-09-01 13:40:00.000000,Cochrane Community Health Centre,50,0
2026-09-01 13:40:00.000000,Devon General Hospital,388,0
2026-09-01 13:40:00.000000,Foothills Medical Centre,386,0
2026-09-01 13:40:00.000000,Fort Sask Community Hospital,417,0
2026-09-01 13:40:00.000000,Grande Prairie Regional Hospital,63,0
2026-09-01 13:40:00.000000,Grey Nuns Community Hospital,270,0
2026-09-01 13:40:00.000000,Innisfail Health Centre,,1
2026-09-01 13:40:00.000000,Lacombe Hospital and Care Centre,,1
2026-09-01 13:40:00.000000,Leduc Community Hospital,176,0
2026-09-01 13:40:00.000000,Medicine Hat Regional Hospital,75,0
2026-09-01 13:40:00.000000,Misericordia Community Hospital,490,0
2026-09-01 13:40:00.000000,Northeast Community Health Centre,168,0
2026-09-01 13:40:00.000000,Northern Lights Regional Health Centre,156,0
2026-09-01 13:40:00.000000,Okotoks Health and Wellness Centre,58,0
2026-09-01 13:40:00.000000,Peter Lougheed Centre,192,0
2026-09-01 13:40:00.000000,Red Deer Regional Hospital,288,0
2026-09-01 13:40:00.000000,Rockyview General Hospital,230,0
2026-09-01 13:40:00.000000,Royal Alexandra Hospital,189,0
2026-09-01 13:40:00.000000,Sheldon M. Chumir Centre,50,0
2026-09-01 13:40:00.000000,South Calgary Health Centre,132,0
2026-09-01 13:40:00.000000,South Health Campus Children[;]South Health Campus,30,
2026-09-01 13:40:00.000000,Stollery Children's Hospital,96,0
2026-09-01 13:40:00.000000,Strathcona Community Hospital,390,0
2026-09-01 13:40:00.000000,Sturgeon Community Hospital,307,0
2026-09-01 13:40:00.000000,University of Alberta Hospital,320,0
2026-09-01 13:40:00.000000,WestView Health Centre,76,0
2026-09-01 13:50:00.000000,Airdrie Community Health Centre,109,0
2026-09-01 13:50:00.000000,Alberta Children's Hospital,162,0
2026-09-01 13:50:00.000000,Chinook Regional Hospital,111,0
2026-09-01 13:50:00.000000,Cochrane Community Health Centre,60,0
2026-09-01 13:50:00.000000,Devon General Hospital,421,0
2026-09-01 13:50:00.000000,Foothills Medical Centre,391,0
2026-09-01 13:50:00.000000,Fort Sask Community Hospital,389,0
2026-09-01 13:50:00.000000,Grande Prairie Regional Hospital,63,0
2026-09-01 13:50:00.000000,Grey Nuns Community Hospital,285,0
2026-09-01 13:50:00.000000,Innisfail Health Centre,,1
2026-09-01 13:50:00.000000,Lacombe Hospital and Care Centre,,1
2026-09-01 13:50:00.000000,Leduc Community Hospital,160,0
2026-09-01 13:50:00.000000,Medicine Hat Regional Hospital,75,0
2026-09-01 13:50:00.000000,Misericordia Community Hospital,515,0
2026-09-01 13:50:00.000000,Northeast Community Health Centre,193,0
2026-09-01 13:50:00.000000,Northern Lights Regional Health Centre,165,0
2026-09-01 13:50:00.000000,Okotoks Health and Wellness Centre,58,0
2026-09-01 13:50:00.000000,Peter Lougheed Centre,200,0
2026-09-01 13:50:00.000000,Red Deer Regional Hospital,278,0
2026-09-01 13:50:00.000000,Rockyview General Hospital,238,0
2026-09-01 13:50:00.000000,Royal Alexandra Hospital,189,0
2026-09-01 13:50:00.000000,Sheldon M. Chumir Centre,44,0
2026-09-01 13:50:00.000000,South Calgary Health Centre,105,0
2026-09-01 13:50:00.000000,South Health Campus Children[;]South Health Campus,30,
2026-09-01 13:50:00.000000,Stollery Children's Hospital,96,0
2026-09-01 13:50:00.000000,Strathcona Community Hospital,406,0
2026-09-01 13:50:00.000000,Sturgeon Community Hospital,311,0
2026-09-01 13:50:00.000000,University of Alberta Hospital,313,0
2026-09-01 13:50:00.000000,WestView Health Centre,76,0
2026-09-01 14:00:00.000000,Airdrie Community Health Centre,100,0
2026-09-01 14:00:00.000000,Alberta Children's Hospital,191,0
2026-09-01 14:00:00.000000,Chinook Regional Hospital,111,0
2026-09-01 14:00:00.000000,Cochrane Community Health Centre,70,0
2026-09-01 14:00:00.000000,Devon General Hospital,421,0
2026-09-01 14:00:00.000000,Foothills Medical Centre,398,0
2026-09-01 14:00:00.000000,Fort Sask Community Hospital,389,0
2026-09-01 14:00:00.000000,Grande Prairie Regional Hospital,63,0
2026-09-01 14:00:00.000000,Grey Nuns Community Hospital,277,0
2026-09-01 14:00:00.000000,Innisfail Health Centre,,1
2026-09-01 14:00:00.000000,Lacombe Hospital and Care Centre,,1
2026-09-01 14:00:00.000000,Leduc Community Hospital,166,0
2026-09-01 14:00:00.000000,Medicine Hat Regional Hospital,60,0
2026-09-01 14:00:00.000000,Misericordia Community Hospital,490,0
2026-09-01 14:00:00.000000,Northeast Community Health Centre,193,0
2026-09-01 14:00:00.000000,Northern Lights Regional Health Centre,165,0
2026-09-01 14:00:00.000000,Okotoks Health and Wellness Centre,70,0
2026-09-01 14:00:00.000000,Peter Lougheed Centre,180,0
2026-09-01 14:00:00.000000,Red Deer Regional Hospital,288,0
2026-09-01 14:00:00.000000,Rockyview General Hospital,237,0
2026-09-01 14:00:00.000000,Royal Alexandra Hospital,195,0
2026-09-01 14:00:00.000000,Sheldon M. Chumir Centre,44,0
2026-09-01 14:00:00.000000,South Calgary Health Centre,108,0
2026-09-01 14:00:00.000000,South Health Campus Children[;]South Health Campus,30,
2026-09-01 14:00:00.000000,Stollery Children's Hospital,96,0
2026-09-01 14:00:00.000000,Strathcona Community Hospital,390,0
2026-09-01 14:00:00.000000,Sturgeon Community Hospital,317,0
2026-09-01 14:00:00.000000,University of Alberta Hospital,318,0
2026-09-01 14:00:00.000000,WestView Health Centre,160,0
2026-09-01 14:10:00.000000,Airdrie Community Health Centre,117,0
2026-09-01 14:10:00.000000,Alberta Children's Hospital,199,0
2026-09-01 14:10:00.000000,Chinook Regional Hospital,133,0
2026-09-01 14:10:00.000000,Cochrane Community Health Centre,70,0
2026-09-01 14:10:00.000000,Devon General Hospital,421,0
2026-09-01 14:10:00.000000,Foothills Medical Centre,413,0
2026-09-01 14:10:00.000000,Fort Sask Community Hospital,361,0
2026-09-01 14:10:00.000000,Grande Prairie Regional Hospital,63,0
2026-09-01 14:10:00.000000,Grey Nuns Community Hospital,277,0
2026-09-01 14:10:00.000000,Innisfail Health Centre,,1
2026-09-01 14:10:00.000000,Lacombe Hospital and Care Centre,,1
2026-09-01 14:10:00.000000,Leduc Community Hospital,163,0
2026-09-01 14:10:00.000000,Medicine Hat Regional Hospital,79,0
2026-09-01 14:10:00.000000,Misericordia Community Hospital,492,0
2026-09-01 14:10:00.000000,Northeast Community Health Centre,193,0
2026-09-01 14:10:00.000000,Northern Lights Regional Health Centre,165,0
2026-09-01 14:10:00.000000,Okotoks Health and Wellness Centre,58,0
2026-09-01 14:10:00.000000,Peter Lougheed Centre,201,0
2026-09-01 14:10:00.000000,Red Deer Regional Hospital,288,0
2026-09-01 14:10:00.000000,Rockyview General Hospital,219,0
2026-09-01 14:10:00.000000,Royal Alexandra Hospital,207,0
2026-09-01 14:10:00.000000,Sheldon M. Chumir Centre,56,0
2026-09-01 14:10:00.000000,South Calgary Health Centre,111,0
2026-09-01 14:10:00.000000,South Health Campus Children[;]South Health Campus,30,
2026-09-01 14:10:00.000000,Stollery Children's Hospital,108,0
2026-09-01 14:10:00.000000,Strathcona Community Hospital,406,0
2026-09-01 14:10:00.000000,Sturgeon Community Hospital,323,0
2026-09-01 14:10:00.000000,University of Alberta Hospital,331,0
2026-09-01 14:10:00.000000,WestView Health Centre,177,0
2026-09-01 14:20:00.000000,Airdrie Community Health Centre,109,0
2026-09-01 14:20:00.000000,Alberta Children's Hospital,204,0
2026-09-01 14:20:00.000000,Chinook Regional Hospital,140,0
2026-09-01 14:20:00.000000,Cochrane Community Health Centre,90,0
2026-09-01 14:20:00.000000,Devon General Hospital,421,0
2026-09-01 14:20:00.000000,Foothills Medical Centre,415,0
2026-09-01 14:20:00.000000,Fort Sask Community Hospital,389,0
2026-09-01 14:20:00.000000,Grande Prairie Regional Hospital,63,0
2026-09-01 14:20:00.000000,Grey Nuns Community Hospital,255,0
2026-09-01 14:20:00.000000,Innisfail Health Centre,,1
2026-09-01 14:20:00.000000,Lacombe Hospital and Care Centre,,1
2026-09-01 14:20:00.000000,Leduc Community Hospital,153,0
2026-09-01 14:20:00.000000,Medicine Hat Regional Hospital,65,0
2026-09-01 14:20:00.000000,Misericordia Community Hospital,486,0
2026-09-01 14:20:00.000000,Northeast Community Health Centre,205,0
2026-09-01 14:20:00.000000,Northern Lights Regional Health Centre,181,0
2026-09-01 14:20:00.000000,Okotoks Health and Wellness Centre,81,0
2026-09-01 14:20:00.000000,Peter Lougheed Centre,211,0
2026-09-01 14:20:00.000000,Red Deer Regional Hospital,288,0
2026-09-01 14:20:00.000000,Rockyview General Hospital,228,0
2026-09-01 14:20:00.000000,Royal Alexandra Hospital,234,0
2026-09-01 14:20:00.000000,Sheldon M. Chumir Centre,37,0
2026-09-01 14:20:00.000000,South Calgary Health Centre,103,0
2026-09-01 14:20:00.000000,South Health Campus Children[;]South Health Campus,30,
2026-09-01 14:20:00.000000,Stollery Children's Hospital,84,0
2026-09-01 14:20:00.000000,Strathcona Community Hospital,390,0
2026-09-01 14:20:00.000000,Sturgeon Community Hospital,314,0
2026-09-01 14:20:00.000000,University of Alberta Hospital,318,0
2026-09-01 14:20:00.000000,WestView Health Centre,199,0
2026-09-01 14:30:00.000000,Airdrie Community Health Centre,113,0
2026-09-01 14:30:00.000000,Alberta Children's Hospital,200,0
2026-09-01 14:30:00.000000,Chinook Regional Hospital,140,0
2026-09-01 14:30:00.000000,Cochrane Community Health Centre,90,0
2026-09-01 14:30:00.000000,Devon General Hospital,324,0
2026-09-01 14:30:00.000000,Foothills Medical Centre,418,0
2026-09-01 14:30:00.000000,Fort Sask Community Hospital,389,0
2026-09-01 14:30:00.000000,Grande Prairie Regional Hospital,70,0
2026-09-01 14:30:00.000000,Grey Nuns Community Hospital,270,0
2026-09-01 14:30:00.000000,Innisfail Health Centre,,1
2026-09-01 14:30:00.000000,Lacombe Hospital and Care Centre,,1
2026-09-01 14:30:00.000000,Leduc Community Hospital,153,0
2026-09-01 14:30:00.000000,Medicine Hat Regional Hospital,72,0
2026-09-01 14:30:00.000000,Misericordia Community Hospital,492,0
2026-09-01 14:30:00.000000,Northeast Community Health Centre,229,0
2026-09-01 14:30:00.000000,Northern Lights Regional Health Centre,165,0
2026-09-01 14:30:00.000000,Okotoks Health and Wellness Centre,81,0
2026-09-01 14:30:00.000000,Peter Lougheed Centre,209,0
2026-09-01 14:30:00.000000,Red Deer Regional Hospital,299,0
2026-09-01 14:30:00.000000,Rockyview General Hospital,240,0
2026-09-01 14:30:00.000000,Royal Alexandra Hospital,232,0
2026-09-01 14:30:00.000000,Sheldon M. Chumir Centre,30,0
2026-09-01 14:30:00.000000,South Calgary Health Centre,103,0
2026-09-01 14:30:00.000000,South Health Campus Children[;]South Health Campus,30,
2026-09-01 14:30:00.000000,Stollery Children's Hospital,96,0
2026-09-01 14:30:00.000000,Strathcona Community Hospital,390,0
2026-09-01 14:30:00.000000,Sturgeon Community Hospital,297,0
2026-09-01 14:30:00.000000,University of Alberta Hospital,331,0
2026-09-01 14:30:00.000000,WestView Health Centre,237,0
2026-09-01 14:40:00.000000,Airdrie Community Health Centre,118,0
2026-09-01 14:40:00.000000,Alberta Children's Hospital,187,0
2026-09-01 14:40:00.000000,Chinook Regional Hospital,133,0
2026-09-01 14:40:00.000000,Cochrane Community Health Centre,100,0
2026-09-01 14:40:00.000000,Devon General Hospital,324,0
2026-09-01 14:40:00.000000,Foothills Medical Centre,412,0
2026-09-01 14:40:00.000000,Fort Sask Community Hospital,389,0
2026-09-01 14:40:00.000000,Grande Prairie Regional Hospital,70,0
2026-09-01 14:40:00.000000,Grey Nuns Community Hospital,270,0
2026-09-01 14:40:00.000000,Innisfail Health Centre,,1
2026-09-01 14:40:00.000000,Lacombe Hospital and Care Centre,,1
2026-09-01 14:40:00.000000,Leduc Community Hospital,132,0
2026-09-01 14:40:00.000000,Medicine Hat Regional Hospital,58,0
2026-09-01 14:40:00.000000,Misericordia Community Hospital,485,0
2026-09-01 14:40:00.000000,Northeast Community Health Centre,253,0
2026-09-01 14:40:00.000000,Northern Lights Regional Health Centre,173,0
2026-09-01 14:40:00.000000,Okotoks Health and Wellness Centre,70,0
2026-09-01 14:40:00.000000,Peter Lougheed Centre,210,0
2026-09-01 14:40:00.000000,Red Deer Regional Hospital,321,0
2026-09-01 14:40:00.000000,Rockyview General Hospital,240,0
2026-09-01 14:40:00.000000,Royal Alexandra Hospital,230,0
2026-09-01 14:40:00.000000,Sheldon M. Chumir Centre,31,0
2026-09-01 14:40:00.000000,South Calgary Health Centre,95,0
2026-09-01 14:40:00.000000,South Health Campus Children[;]South Health Campus,30,
2026-09-01 14:40:00.000000,Stollery Children's Hospital,132,0
2026-09-01 14:40:00.000000,Strathcona Community Hospital,390,0
2026-09-01 14:40:00.000000,Sturgeon Community Hospital,312,0
2026-09-01 14:40:00.000000,University of Alberta Hospital,306,0
2026-09-01 14:40:00.000000,WestView Health Centre,252,0
2026-09-01 14:50:00.000000,Airdrie Community Health Centre,135,0
2026-09-01 14:50:00.000000,Alberta Children's Hospital,210,0
2026-09-01 14:50:00.000000,Chinook Regional Hospital,133,0
2026-09-01 14:50:00.000000,Cochrane Community Health Centre,120,0
2026-09-01 14:50:00.000000,Devon General Hospital,291,0
2026-09-01 14:50:00.000000,Foothills Medical Centre,400,0
2026-09-01 14:50:00.000000,Fort Sask Community Hospital,417,0
2026-09-01 14:50:00.000000,Grande Prairie Regional Hospital,77,0
2026-09-01 14:50:00.000000,Grey Nuns Community Hospital,277,0
2026-09-01 14:50:00.000000,Innisfail Health Centre,,1
2026-09-01 14:50:00.000000,Lacombe Hospital and Care Centre,,1
2026-09-01 14:50:00.000000,Leduc Community Hospital,112,0
2026-09-01 14:50:00.000000,Medicine Hat Regional Hospital,55,0
2026-09-01 14:50:00.000000,Misericordia Community Hospital,458,0
2026-09-01 14:50:00.000000,Northeast Community Health Centre,253,0
2026-09-01 14:50:00.000000,Northern Lights Regional Health Centre,189,0
2026-09-01 14:50:00.000000,Okotoks Health and Wellness Centre,70,0
2026-09-01 14:50:00.000000,Peter Lougheed Centre,223,0
2026-09-01 14:50:00.000000,Red Deer Regional Hospital,310,0
2026-09-01 14:50:00.000000,Rockyview General Hospital,240,0
2026-09-01 14:50:00.000000,Royal Alexandra Hospital,234,0
2026-09-01 14:50:00.000000,Sheldon M. Chumir Centre,30,0
2026-09-01 14:50:00.000000,South Calgary Health Centre,95,0
2026-09-01 14:50:00.000000,South Health Campus Children[;]South Health Campus,30,
2026-09-01 14:50:00.000000,Stollery Children's Hospital,132,0
2026-09-01 14:50:00.000000,Strathcona Community Hospital,390,0
2026-09-01 14:50:00.000000,Sturgeon Community Hospital,317,0
2026-09-01 14:50:00.000000,University of Alberta Hospital,306,0
2026-09-01 14:50:00.000000,WestView Health Centre,243,0
2026-09-01 15:00:00.000000,Airdrie Community Health Centre,146,0
2026-09-01 15:00:00.000000,Alberta Children's Hospital,197,0
2026-09-01 15:00:00.000000,Chinook Regional Hospital,131,0
2026-09-01 15:00:00.000000,Cochrane Community Health Centre,130,0
2026-09-01 15:00:00.000000,Devon General Hospital,291,0
2026-09-01 15:00:00.000000,Foothills Medical Centre,418,0
2026-09-01 15:00:00.000000,Fort Sask Community Hospital,417,0
2026-09-01 15:00:00.000000,Grande Prairie Regional Hospital,84,0
2026-09-01 15:00:00.000000,Grey Nuns Community Hospital,292,0
2026-09-01 15:00:00.000000,Innisfail Health Centre,,1
2026-09-01 15:00:00.000000,Lacombe Hospital and Care Centre,,1
2026-09-01 15:00:00.000000,Leduc Community Hospital,122,0
2026-09-01 15:00:00.000000,Medicine Hat Regional Hospital,52,0
2026-09-01 15:00:00.000000,Misericordia Community Hospital,454,0
2026-09-01 15:00:00.000000,Northeast Community Health Centre,265,0
2026-09-01 15:00:00.000000,Northern Lights Regional Health Centre,189,0
2026-09-01 15:00:00.000000,Okotoks Health and Wellness Centre,81,0
2026-09-01 15:00:00.000000,Peter Lougheed Centre,215,0
2026-09-01 15:00:00.000000,Red Deer Regional Hospital,321,0
2026-09-01 15:00:00.000000,Rockyview General Hospital,246,0
2026-09-01 15:00:00.000000,Royal Alexandra Hospital,227,0
2026-09-01 15:00:00.000000,Sheldon M. Chumir Centre,37,0
2026-09-01 15:00:00.000000,South Calgary Health Centre,87,0
2026-09-01 15:00:00.000000,South Health Campus Children[;]South Health Campus,30,
2026-09-01 15:00:00.000000,Stollery Children's Hospital,144,0
2026-09-01 15:00:00.000000,Strathcona Community Hospital,390,0
2026-09-01 15:00:00.000000,Sturgeon Community Hospital,332,0
2026-09-01 15:00:00.000000,University of Alberta Hospital,312,0
2026-09-01 15:00:00.000000,WestView Health Centre,254,0
2026-09-01 15:10:00.000000,Airdrie Community Health Centre,180,0
2026-09-01 15:10:00.000000,Alberta Children's Hospital,182,0
2026-09-01 15:10:00.000000,Chinook Regional Hospital,120,0
2026-09-01 15:10:00.000000,Cochrane Community Health Centre,140,0
2026-09-01 15:10:00.000000,Devon General Hospital,291,0
2026-09-01 15:10:00.000000,Foothills Medical Centre,412,0
2026-09-01 15:10:00.000000,Fort Sask Community Hospital,445,0
2026-09-01 15:10:00.000000,Grande Prairie Regional Hospital,98,0
2026-09-01 15:10:00.000000,Grey Nuns Community Hospital,300,0
2026-09-01 15:10:00.000000,Innisfail Health Centre,,1
2026-09-01 15:10:00.000000,Lacombe Hospital and Care Centre,,1
2026-09-01 15:10:00.000000,Leduc Community Hospital,127,0
2026-09-01 15:10:00.000000,Medicine Hat Regional Hospital,50,0
2026-09-01 15:10:00.000000,Misericordia Community Hospital,458,0
2026-09-01 15:10:00.000000,Northeast Community Health Centre,241,0
2026-09-01 15:10:00.000000,Northern Lights Regional Health Centre,156,0
2026-09-01 15:10:00.000000,Okotoks Health and Wellness Centre,93,0
2026-09-01 15:10:00.000000,Peter Lougheed Centre,225,0
2026-09-01 15:10:00.000000,Red Deer Regional Hospital,310,0
2026-09-01 15:10:00.000000,Rockyview General Hospital,253,0
2026-09-01 15:10:00.000000,Royal Alexandra Hospital,242,0
2026-09-01 15:10:00.000000,Sheldon M. Chumir Centre,37,0
2026-09-01 15:10:00.000000,South Calgary Health Centre,71,0
2026-09-01 15:10:00.000000,South Health Campus Children[;]South Health Campus,30,
2026-09-01 15:10:00.000000,Stollery Children's Hospital,144,0
2026-09-01 15:10:00.000000,Strathcona Community Hospital,406,0
2026-09-01 15:10:00.000000,Sturgeon Community Hospital,342,0
2026-09-01 15:10:00.000000,University of Alberta Hospital,325,0
2026-09-01 15:10:00.000000,WestView Health Centre,262,0
2026-09-01 15:20:00.000000,Airdrie Community Health Centre,154,0
2026-09-01 15:20:00.000000,Alberta Children's Hospital,182,0
2026-09-01 15:20:00.000000,Chinook Regional Hospital,125,0
2026-09-01 15:20:00.000000,Cochrane Community Health Centre,140,0
2026-09-01 15:20:00.000000,Devon General Hospital,324,0
2026-09-01 15:20:00.000000,Foothills Medical Centre,388,0
2026-09-01 15:20:00.000000,Fort Sask Community Hospital,445,0
2026-09-01 15:20:00.000000,Grande Prairie Regional Hospital,91,0
2026-09-01 15:20:00.000000,Grey Nuns Community Hospital,307,0
2026-09-01 15:20:00.000000,Innisfail Health Centre,,1
2026-09-01 15:20:00.000000,Lacombe Hospital and Care Centre,,1
2026-09-01 15:20:00.000000,Leduc Community Hospital,160,0
2026-09-01 15:20:00.000000,Medicine Hat Regional Hospital,69,0
2026-09-01 15:20:00.000000,Misericordia Community Hospital,463,0
2026-09-01 15:20:00.000000,Northeast Community Health Centre,253,0
2026-09-01 15:20:00.000000,Northern Lights Regional Health Centre,156,0
2026-09-01 15:20:00.000000,Okotoks Health and Wellness Centre,81,0
2026-09-01 15:20:00.000000,Peter Lougheed Centre,225,0
2026-09-01 15:20:00.000000,Red Deer Regional Hospital,331,0
2026-09-01 15:20:00.000000,Rockyview General Hospital,249,0
2026-09-01 15:20:00.000000,Royal Alexandra Hospital,228,0
2026-09-01 15:20:00.000000,Sheldon M. Chumir Centre,50,0
2026-09-01 15:20:00.000000,South Calgary Health Centre,55,0
2026-09-01 15:20:00.000000,South Health Campus Children[;]South Health Campus,30,
2026-09-01 15:20:00.000000,Stollery Children's Hospital,132,0
2026-09-01 15:20:00.000000,Strathcona Community Hospital,390,0
2026-09-01 15:20:00.000000,Sturgeon Community Hospital,338,0
2026-09-01 15:20:00.000000,University of Alberta Hospital,331,0
2026-09-01 15:20:00.000000,WestView Health Centre,270,0
2026-09-01 15:30:00.000000,Airdrie Community Health Centre,154,0
2026-09-01 15:30:00.000000,Alberta Children's Hospital,163,0
2026-09-01 15:30:00.000000,Chinook Regional Hospital,125,0
2026-09-01 15:30:00.000000,Cochrane Community Health Centre,130,0
2026-09-01 15:30:00.000000,Devon General Hospital,324,0
2026-09-01 15:30:00.000000,Foothills Medical Centre,390,0
2026-09-01 15:30:00.000000,Fort Sask Community Hospital,445,0
2026-09-01 15:30:00.000000,Grande Prairie Regional Hospital,105,0
2026-09-01 15:30:00.000000,Grey Nuns Community Hospital,315,0
2026-09-01 15:30:00.000000,Innisfail Health Centre,,1
2026-09-01 15:30:00.000000,Lacombe Hospital and Care Centre,,1
2026-09-01 15:30:00.000000,Leduc Community Hospital,169,0
2026-09-01 15:30:00.000000,Medicine Hat Regional Hospital,73,0
2026-09-01 15:30:00.000000,Misericordia Community Hospital,496,0
2026-09-01 15:30:00.000000,Northeast Community Health Centre,241,0
2026-09-01 15:30:00.000000,Northern Lights Regional Health Centre,148,0
2026-09-01 15:30:00.000000,Okotoks Health and Wellness Centre,70,0
2026-09-01 15:30:00.000000,Peter Lougheed Centre,231,0
2026-09-01 15:30:00.000000,Red Deer Regional Hospital,331,0
2026-09-01 15:30:00.000000,Rockyview General Hospital,269,0
2026-09-01 15:30:00.000000,Royal Alexandra Hospital,238,0
2026-09-01 15:30:00.000000,Sheldon M. Chumir Centre,62,0
2026-09-01 15:30:00.000000,South Calgary Health Centre,55,0
2026-09-01 15:30:00.000000,South Health Campus Children[;]South Health Campus,30,
2026-09-01 15:30:00.000000,Stollery Children's Hospital,156,0
2026-09-01 15:30:00.000000,Strathcona Community Hospital,341,0
2026-09-01 15:30:00.000000,Sturgeon Community Hospital,335,0
2026-09-01 15:30:00.000000,University of Alberta Hospital,325,0
2026-09-01 15:30:00.000000,WestView Health Centre,299,0
2026-09-01 15:40:00.000000,Airdrie Community Health Centre,167,0
2026-09-01 15:40:00.000000,Alberta Children's Hospital,165,0
2026-09-01 15:40:00.000000,Chinook Regional Hospital,125,0
2026-09-01 15:40:00.000000,Cochrane Community Health Centre,140,0
2026-09-01 15:40:00.000000,Devon General Hospital,324,0
2026-09-01 15:40:00.000000,Foothills Medical Centre,367,0
2026-09-01 15:40:00.000000,Fort Sask Community Hospital,445,0
2026-09-01 15:40:00.000000,Grande Prairie Regional Hospital,112,0
2026-09-01 15:40:00.000000,Grey Nuns Community Hospital,322,0
2026-09-01 15:40:00.000000,Innisfail Health Centre,,1
2026-09-01 15:40:00.000000,Lacombe Hospital and Care Centre,,1
2026-09-01 15:40:00.000000,Leduc Community Hospital,178,0
2026-09-01 15:40:00.000000,Medicine Hat Regional Hospital,93,0
2026-09-01 15:40:00.000000,Misericordia Community Hospital,516,0
2026-09-01 15:40:00.000000,Northeast Community Health Centre,217,0
2026-09-01 15:40:00.000000,Northern Lights Regional Health Centre,156,0
2026-09-01 15:40:00.000000,Okotoks Health and Wellness Centre,70,0
2026-09-01 15:40:00.000000,Peter Lougheed Centre,231,0
2026-09-01 15:40:00.000000,Red Deer Regional Hospital,355,0
2026-09-01 15:40:00.000000,Rockyview General Hospital,270,0
2026-09-01 15:40:00.000000,Royal Alexandra Hospital,230,0
2026-09-01 15:40:00.000000,Sheldon M. Chumir Centre,75,0
2026-09-01 15:40:00.000000,South Calgary Health Centre,47,0
2026-09-01 15:40:00.000000,South Health Campus Children[;]South Health Campus,30,
2026-09-01 15:40:00.000000,Stollery Children's Hospital,168,0
2026-09-01 15:40:00.000000,Strathcona Community Hospital,357,0
2026-09-01 15:40:00.000000,Sturgeon Community Hospital,332,0
2026-09-01 15:40:00.000000,University of Alberta Hospital,342,0
2026-09-01 15:40:00.000000,WestView Health Centre,310,0
2026-09-01 15:50:00.000000,Airdrie Community Health Centre,141,0
2026-09-01 15:50:00.000000,Alberta Children's Hospital,145,0
2026-09-01 15:50:00.000000,Chinook Regional Hospital,130,0
2026-09-01 15:50:00.000000,Cochrane Community Health Centre,140,0
2026-09-01 15:50:00.000000,Devon General Hospital,324,0
2026-09-01 15:50:00.000000,Foothills Medical Centre,363,0
2026-09-01 15:50:00.000000,Fort Sask Community Hospital,417,0
2026-09-01 15:50:00.000000,Grande Prairie Regional Hospital,119,0
2026-09-01 15:50:00.000000,Grey Nuns Community Hospital,322,0
2026-09-01 15:50:00.000000,Innisfail Health Centre,,1
2026-09-01 15:50:00.000000,Lacombe Hospital and Care Centre,,1
2026-09-01 15:50:00.000000,Leduc Community Hospital,207,0
2026-09-01 15:50:00.000000,Medicine Hat Regional Hospital,82,0
2026-09-01 15:50:00.000000,Misericordia Community Hospital,539,0
2026-09-01 15:50:00.000000,Northeast Community Health Centre,217,0
2026-09-01 15:50:00.000000,Northern Lights Regional Health Centre,148,0
2026-09-01 15:50:00.000000,Okotoks Health and Wellness Centre,70,0
2026-09-01 15:50:00.000000,Peter Lougheed Centre,220,0
2026-09-01 15:50:00.000000,Red Deer Regional Hospital,376,0
2026-09-01 15:50:00.000000,Rockyview General Hospital,272,0
2026-09-01 15:50:00.000000,Royal Alexandra Hospital,246,0
2026-09-01 15:50:00.000000,Sheldon M. Chumir Centre,75,0
2026-09-01 15:50:00.000000,South Calgary Health Centre,47,0
2026-09-01 15:50:00.000000,South Health Campus Children[;]South Health Campus,30,
2026-09-01 15:50:00.000000,Stollery Children's Hospital,181,0
2026-09-01 15:50:00.000000,Strathcona Community Hospital,341,0
2026-09-01 15:50:00.000000,Sturgeon Community Hospital,329,0
2026-09-01 15:50:00.000000,University of Alberta Hospital,345,0
2026-09-01 15:50:00.000000,WestView Health Centre,301,0
2026-09-01 16:00:00.000000,Airdrie Community Health Centre,141,0
2026-09-01 16:00:00.000000,Alberta Children's Hospital,159,0
2026-09-01 16:00:00.000000,Chinook Regional Hospital,138,0
2026-09-01 16:00:00.000000,Cochrane Community Health Centre,150,0
2026-09-01 16:00:00.000000,Devon General Hospital,259,0
2026-09-01 16:00:00.000000,Foothills Medical Centre,390,0
2026-09-01 16:00:00.000000,Fort Sask Community Hospital,389,0
2026-09-01 16:00:00.000000,Grande Prairie Regional Hospital,126,0
2026-09-01 16:00:00.000000,Grey Nuns Community Hospital,322,0
2026-09-01 16:00:00.000000,Innisfail Health Centre,,1
2026-09-01 16:00:00.000000,Lacombe Hospital and Care Centre,,1
2026-09-01 16:00:00.000000,Leduc Community Hospital,239,0
2026-09-01 16:00:00.000000,Medicine Hat Regional Hospital,73,0
2026-09-01 16:00:00.000000,Misericordia Community Hospital,565,0
2026-09-01 16:00:00.000000,Northeast Community Health Centre,217,0
2026-09-01 16:00:00.000000,Northern Lights Regional Health Centre,148,0
2026-09-01 16:00:00.000000,Okotoks Health and Wellness Centre,70,0
2026-09-01 16:00:00.000000,Peter Lougheed Centre,214,0
2026-09-01 16:00:00.000000,Red Deer Regional Hospital,321,0
2026-09-01 16:00:00.000000,Rockyview General Hospital,287,0
2026-09-01 16:00:00.000000,Royal Alexandra Hospital,245,0
2026-09-01 16:00:00.000000,Sheldon M. Chumir Centre,88,0
2026-09-01 16:00:00.000000,South Calgary Health Centre,63,0
2026-09-01 16:00:00.000000,South Health Campus Children[;]South Health Campus,30,
2026-09-01 16:00:00.000000,Stollery Children's Hospital,168,0
2026-09-01 16:00:00.000000,Strathcona Community Hospital,341,0
2026-09-01 16:00:00.000000,Sturgeon Community Hospital,316,0
2026-09-01 16:00:00.000000,University of Alberta Hospital,322,0
2026-09-01 16:00:00.000000,WestView Health Centre,310,0
2026-09-01 16:10:00.000000,Airdrie Community Health Centre,141,0
2026-09-01 16:10:00.000000,Alberta Children's Hospital,126,0
2026-09-01 16:10:00.000000,Chinook Regional Hospital,141,0
2026-09-01 16:10:00.000000,Cochrane Community Health Centre,150,0
2026-09-01 16:10:00.000000,Devon General Hospital,259,0
2026-09-01 16:10:00.000000,Foothills Medical Centre,362,0
2026-09-01 16:10:00.000000,Fort Sask Community Hospital,389,0
2026-09-01 16:10:00.000000,Grande Prairie Regional Hospital,141,0
2026-09-01 16:10:00.000000,Grey Nuns Community Hospital,315,0
2026-09-01 16:10:00.000000,Innisfail Health Centre,,1
2026-09-01 16:10:00.000000,Lacombe Hospital and Care Centre,,1
2026-09-01 16:10:00.000000,Leduc Community Hospital,228,0
2026-09-01 16:10:00.000000,Medicine Hat Regional Hospital,106,0
2026-09-01 16:10:00.000000,Misericordia Community Hospital,573,0
2026-09-01 16:10:00.000000,Northeast Community Health Centre,193,0
2026-09-01 16:10:00.000000,Northern Lights Regional Health Centre,165,0
2026-09-01 16:10:00.000000,Okotoks Health and Wellness Centre,70,0
2026-09-01 16:10:00.000000,Peter Lougheed Centre,214,0
2026-09-01 16:10:00.000000,Red Deer Regional Hospital,339,0
2026-09-01 16:10:00.000000,Rockyview General Hospital,288,0
2026-09-01 16:10:00.000000,Royal Alexandra Hospital,213,0
2026-09-01 16:10:00.000000,Sheldon M. Chumir Centre,91,0
2026-09-01 16:10:00.000000,South Calgary Health Centre,55,0
2026-09-01 16:10:00.000000,South Health Campus Children[;]South Health Campus,30,
2026-09-01 16:10:00.000000,Stollery Children's Hospital,168,0
2026-09-01 16:10:00.000000,Strathcona Community Hospital,374,0
2026-09-01 16:10:00.000000,Sturgeon Community Hospital,321,0
2026-09-01 16:10:00.000000,University of Alberta Hospital,332,0
2026-09-01 16:10:00.000000,WestView Health Centre,286,0
2026-09-01 16:20:00.000000,Airdrie Community Health Centre,154,0
2026-09-01 16:20:00.000000,Alberta Children's Hospital,109,0
2026-09-01 16:20:00.000000,Chinook Regional Hospital,137,0
2026-09-01 16:20:00.000000,Cochrane Community Health Centre,150,0
2026-09-01 16:20:00.000000,Devon General Hospital,259,0
2026-09-01 16:20:00.000000,Foothills Medical Centre,354,0
2026-09-01 16:20:00.000000,Fort Sask Community Hospital,389,0
2026-09-01 16:20:00.000000,Grande Prairie Regional Hospital,141,0
2026-09-01 16:20:00.000000,Grey Nuns Community Hospital,322,0
2026-09-01 16:20:00.000000,Innisfail Health Centre,,1
2026-09-01 16:20:00.000000,Lacombe Hospital and Care Centre,,1
2026-09-01 16:20:00.000000,Leduc Community Hospital,237,0
2026-09-01 16:20:00.000000,Medicine Hat Regional Hospital,90,0
2026-09-01 16:20:00.000000,Misericordia Community Hospital,547,0
2026-09-01 16:20:00.000000,Northeast Community Health Centre,193,0
2026-09-01 16:20:00.000000,Northern Lights Regional Health Centre,165,0
2026-09-01 16:20:00.000000,Okotoks Health and Wellness Centre,58,0
2026-09-01 16:20:00.000000,Peter Lougheed Centre,209,0
2026-09-01 16:20:00.000000,Red Deer Regional Hospital,360,0
2026-09-01 16:20:00.000000,Rockyview General Hospital,272,0
2026-09-01 16:20:00.000000,Royal Alexandra Hospital,219,0
2026-09-01 16:20:00.000000,Sheldon M. Chumir Centre,71,0
2026-09-01 16:20:00.000000,South Calgary Health Centre,55,0
2026-09-01 16:20:00.000000,South Health Campus Children[;]South Health Campus,30,
2026-09-01 16:20:00.000000,Stollery Children's Hospital,156,0
2026-09-01 16:20:00.000000,Strathcona Community Hospital,390,0
2026-09-01 16:20:00.000000,Sturgeon Community Hospital,330,0
2026-09-01 16:20:00.000000,University of Alberta Hospital,332,0
2026-09-01 16:20:00.000000,WestView Health Centre,248,0
2026-09-01 16:30:00.000000,Airdrie Community Health Centre,167,0
2026-09-01 16:30:00.000000,Alberta Children's Hospital,120,0
2026-09-01 16:30:00.000000,Chinook Regional Hospital,135,0
2026-09-01 16:30:00.000000,Cochrane Community Health Centre,160,0
2026-09-01 16:30:00.000000,Devon General Hospital,291,0
2026-09-01 16:30:00.000000,Foothills Medical Centre,344,0
2026-09-01 16:30:00.000000,Fort Sask Community Hospital,361,0
2026-09-01 16:30:00.000000,Grande Prairie Regional Hospital,133,0
2026-09-01 16:30:00.000000,Grey Nuns Community Hospital,307,0
2026-09-01 16:30:00.000000,Innisfail Health Centre,,1
2026-09-01 16:30:00.000000,Lacombe Hospital and Care Centre,,1
2026-09-01 16:30:00.000000,Leduc Community Hospital,311,0
2026-09-01 16:30:00.000000,Medicine Hat Regional Hospital,90,0
2026-09-01 16:30:00.000000,Misericordia Community Hospital,554,0
2026-09-01 16:30:00.000000,Northeast Community Health Centre,217,0
2026-09-01 16:30:00.000000,Northern Lights Regional Health Centre,181,0
2026-09-01 16:30:00.000000,Okotoks Health and Wellness Centre,46,0
2026-09-01 16:30:00.000000,Peter Lougheed Centre,203,0
2026-09-01 16:30:00.000000,Red Deer Regional Hospital,363,0
2026-09-01 16:30:00.000000,Rockyview General Hospital,244,0
2026-09-01 16:30:00.000000,Royal Alexandra Hospital,236,0
2026-09-01 16:30:00.000000,Sheldon M. Chumir Centre,74,0
2026-09-01 16:30:00.000000,South Calgary Health Centre,58,0
2026-09-01 16:30:00.000000,South Health Campus Children[;]South Health Campus,42,
2026-09-01 16:30:00.000000,Stollery Children's Hospital,178,0
2026-09-01 16:30:00.000000,Strathcona Community Hospital,420,0
2026-09-01 16:30:00.000000,Sturgeon Community Hospital,364,0
2026-09-01 16:30:00.000000,University of Alberta Hospital,262,0
2026-09-01 16:30:00.000000,WestView Health Centre,229,0
2026-09-01 16:40:00.000000,Airdrie Community Health Centre,153,0
2026-09-01 16:40:00.000000,Alberta Children's Hospital,124,0
2026-09-01 16:40:00.000000,Chinook Regional Hospital,124,0
2026-09-01 16:40:00.000000,Cochrane Community Health Centre,140,0
2026-09-01 16:40:00.000000,Devon General Hospital,259,0
2026-09-01 16:40:00.000000,Foothills Medical Centre,336,0
2026-09-01 16:40:00.000000,Fort Sask Community Hospital,361,0
2026-09-01 16:40:00.000000,Grande Prairie Regional Hospital,148,0
2026-09-01 16:40:00.000000,Grey Nuns Community Hospital,300,0
2026-09-01 16:40:00.000000,Innisfail Health Centre,,1
2026-09-01 16:40:00.000000,Lacombe Hospital and Care Centre,,1
2026-09-01 16:40:00.000000,Leduc Community Hospital,298,0
2026-09-01 16:40:00.000000,Medicine Hat Regional Hospital,90,0
2026-09-01 16:40:00.000000,Misericordia Community Hospital,528,0
2026-09-01 16:40:00.000000,Northeast Community Health Centre,241,0
2026-09-01 16:40:00.000000,Northern Lights Regional Health Centre,173,0
2026-09-01 16:40:00.000000,Okotoks Health and Wellness Centre,35,0
2026-09-01 16:40:00.000000,Peter Lougheed Centre,209,0
2026-09-01 16:40:00.000000,Red Deer Regional Hospital,363,0
2026-09-01 16:40:00.000000,Rockyview General Hospital,234,0
2026-09-01 16:40:00.000000,Royal Alexandra Hospital,253,0
2026-09-01 16:40:00.000000,Sheldon M. Chumir Centre,77,0
2026-09-01 16:40:00.000000,South Calgary Health Centre,61,0
2026-09-01 16:40:00.000000,South Health Campus Children[;]South Health Campus,38,
2026-09-01 16:40:00.000000,Stollery Children's Hospital,174,0
2026-09-01 16:40:00.000000,Strathcona Community Hospital,479,0
2026-09-01 16:40:00.000000,Sturgeon Community Hospital,383,0
2026-09-01 16:40:00.000000,University of Alberta Hospital,267,0
2026-09-01 16:40:00.000000,WestView Health Centre,248,0
2026-09-01 16:50:00.000000,Airdrie Community Health Centre,161,0
2026-09-01 16:50:00.000000,Alberta Children's Hospital,131,0
2026-09-01 16:50:00.000000,Chinook Regional Hospital,135,0
2026-09-01 16:50:00.000000,Cochrane Community Health Centre,130,0
2026-09-01 16:50:00.000000,Devon General Hospital,259,0
2026-09-01 16:50:00.000000,Foothills Medical Centre,353,0
2026-09-01 16:50:00.000000,Fort Sask Community Hospital,361,0
2026-09-01 16:50:00.000000,Grande Prairie Regional Hospital,176,0
2026-09-01 16:50:00.000000,Grey Nuns Community Hospital,330,0
2026-09-01 16:50:00.000000,Innisfail Health Centre,,1
2026-09-01 16:50:00.000000,Lacombe Hospital and Care Centre,,1
2026-09-01 16:50:00.000000,Leduc Community Hospital,331,0
2026-09-01 16:50:00.000000,Medicine Hat Regional Hospital,75,0
2026-09-01 16:50:00.000000,Misericordia Community Hospital,524,0
2026-09-01 16:50:00.000000,Northeast Community Health Centre,265,0
2026-09-01 16:50:00.000000,Northern Lights Regional Health Centre,165,0
2026-09-01 16:50:00.000000,Okotoks Health and Wellness Centre,30,0
2026-09-01 16:50:00.000000,Peter Lougheed Centre,214,0
2026-09-01 16:50:00.000000,Red Deer Regional Hospital,342,0
2026-09-01 16:50:00.000000,Rockyview General Hospital,219,0
2026-09-01 16:50:00.000000,Royal Alexandra Hospital,263,0
2026-09-01 16:50:00.000000,Sheldon M. Chumir Centre,97,0
2026-09-01 16:50:00.000000,South Calgary Health Centre,52,0
2026-09-01 16:50:00.000000,South Health Campus Children[;]South Health Campus,33,
2026-09-01 16:50:00.000000,Stollery Children's Hospital,169,0
2026-09-01 16:50:00.000000,Strathcona Community Hospital,494,0
2026-09-01 16:50:00.000000,Sturgeon Community Hospital,379,0
2026-09-01 16:50:00.000000,University of Alberta Hospital,264,0
2026-09-01 16:50:00.000000,WestView Health Centre,267,0
2026-09-01 17:00:00.000000,Airdrie Community Health Centre,157,0
2026-09-01 17:00:00.000000,Alberta Children's Hospital,133,0
2026-09-01 17:00:00.000000,Chinook Regional Hospital,145,0
2026-09-01 17:00:00.000000,Cochrane Community Health Centre,110,0
2026-09-01 17:00:00.000000,Devon General Hospital,324,0
2026-09-01 17:00:00.000000,Foothills Medical Centre,357,0
2026-09-01 17:00:00.000000,Fort Sask Community Hospital,389,0
2026-09-01 17:00:00.000000,Grande Prairie Regional Hospital,180,0
2026-09-01 17:00:00.000000,Grey Nuns Community Hospital,307,0
2026-09-01 17:00:00.000000,Innisfail Health Centre,,1
2026-09-01 17:00:00.000000,Lacombe Hospital and Care Centre,,1
2026-09-01 17:00:00.000000,Leduc Community Hospital,340,0
2026-09-01 17:00:00.000000,Medicine Hat Regional Hospital,106,0
2026-09-01 17:00:00.000000,Misericordia Community Hospital,495,0
2026-09-01 17:00:00.000000,Northeast Community Health Centre,253,0
2026-09-01 17:00:00.000000,Northern Lights Regional Health Centre,173,0
2026-09-01 17:00:00.000000,Okotoks Health and Wellness Centre,30,0
2026-09-01 17:00:00.000000,Peter Lougheed Centre,220,0
2026-09-01 17:00:00.000000,Red Deer Regional Hospital,317,0
2026-09-01 17:00:00.000000,Rockyview General Hospital,220,0
2026-09-01 17:00:00.000000,Royal Alexandra Hospital,243,0
2026-09-01 17:00:00.000000,Sheldon M. Chumir Centre,115,0
2026-09-01 17:00:00.000000,South Calgary Health Centre,55,0
2026-09-01 17:00:00.000000,South Health Campus Children[;]South Health Campus,30,
2026-09-01 17:00:00.000000,Stollery Children's Hospital,165,0
2026-09-01 17:00:00.000000,Strathcona Community Hospital,505,0
2026-09-01 17:00:00.000000,Sturgeon Community Hospital,376,0
2026-09-01 17:00:00.000000,University of Alberta Hospital,256,0
2026-09-01 17:00:00.000000,WestView Health Centre,267,0
2026-09-01 17:10:00.000000,Airdrie Community Health Centre,141,0
2026-09-01 17:10:00.000000,Alberta Children's Hospital,123,0
2026-09-01 17:10:00.000000,Chinook Regional Hospital,126,0
2026-09-01 17:10:00.000000,Cochrane Community Health Centre,120,0
2026-09-01 17:10:00.000000,Devon General Hospital,324,0
2026-09-01 17:10:00.000000,Foothills Medical Centre,350,0
2026-09-01 17:10:00.000000,Fort Sask Community Hospital,417,0
2026-09-01 17:10:00.000000,Grande Prairie Regional Hospital,227,0
2026-09-01 17:10:00.000000,Grey Nuns Community Hospital,315,0
2026-09-01 17:10:00.000000,Innisfail Health Centre,,1
2026-09-01 17:10:00.000000,Lacombe Hospital and Care Centre,,1
2026-09-01 17:10:00.000000,Leduc Community Hospital,326,0
2026-09-01 17:10:00.000000,Medicine Hat Regional Hospital,90,0
2026-09-01 17:10:00.000000,Misericordia Community Hospital,492,0
2026-09-01 17:10:00.000000,Northeast Community Health Centre,277,0
2026-09-01 17:10:00.000000,Northern Lights Regional Health Centre,181,0
2026-09-01 17:10:00.000000,Okotoks Health and Wellness Centre,30,0
2026-09-01 17:10:00.000000,Peter Lougheed Centre,214,0
2026-09-01 17:10:00.000000,Red Deer Regional Hospital,320,0
2026-09-01 17:10:00.000000,Rockyview General Hospital,222,0
2026-09-01 17:10:00.000000,Royal Alexandra Hospital,253,0
2026-09-01 17:10:00.000000,Sheldon M. Chumir Centre,142,0
2026-09-01 17:10:00.000000,South Calgary Health Centre,65,0
2026-09-01 17:10:00.000000,South Health Campus Children[;]South Health Campus,40,
2026-09-01 17:10:00.000000,Stollery Children's Hospital,152,0
2026-09-01 17:10:00.000000,Strathcona Community Hospital,516,0
2026-09-01 17:10:00.000000,Sturgeon Community Hospital,357,0
2026-09-01 17:10:00.000000,University of Alberta Hospital,265,0
2026-09-01 17:10:00.000000,WestView Health Centre,286,0
2026-09-01 17:20:00.000000,Airdrie Community Health Centre,141,0
2026-09-01 17:20:00.000000,Alberta Children's Hospital,114,0
2026-09-01 17:20:00.000000,Chinook Regional Hospital,140,0
2026-09-01 17:20:00.000000,Cochrane Community Health Centre,130,0
2026-09-01 17:20:00.000000,Devon General Hospital,356,0
2026-09-01 17:20:00.000000,Foothills Medical Centre,350,0
2026-09-01 17:20:00.000000,Fort Sask Community Hospital,445,0
2026-09-01 17:20:00.000000,Grande Prairie Regional Hospital,260,0
2026-09-01 17:20:00.000000,Grey Nuns Community Hospital,307,0
2026-09-01 17:20:00.000000,Innisfail Health Centre,,1
2026-09-01 17:20:00.000000,Lacombe Hospital and Care Centre,,1
2026-09-01 17:20:00.000000,Leduc Community Hospital,346,0
2026-09-01 17:20:00.000000,Medicine Hat Regional Hospital,121,0
2026-09-01 17:20:00.000000,Misericordia Community Hospital,497,0
2026-09-01 17:20:00.000000,Northeast Community Health Centre,277,0
2026-09-01 17:20:00.000000,Northern Lights Regional Health Centre,173,0
2026-09-01 17:20:00.000000,Okotoks Health and Wellness Centre,30,0
2026-09-01 17:20:00.000000,Peter Lougheed Centre,222,0
2026-09-01 17:20:00.000000,Red Deer Regional Hospital,320,0
2026-09-01 17:20:00.000000,Rockyview General Hospital,210,0
2026-09-01 17:20:00.000000,Royal Alexandra Hospital,263,0
2026-09-01 17:20:00.000000,Sheldon M. Chumir Centre,158,0
2026-09-01 17:20:00.000000,South Calgary Health Centre,59,0
2026-09-01 17:20:00.000000,South Health Campus Children[;]South Health Campus,40,
2026-09-01 17:20:00.000000,Stollery Children's Hospital,128,0
2026-09-01 17:20:00.000000,Strathcona Community Hospital,530,0
2026-09-01 17:20:00.000000,Sturgeon Community Hospital,348,0
2026-09-01 17:20:00.000000,University of Alberta Hospital,285,0
2026-09-01 17:20:00.000000,WestView Health Centre,305,0
2026-09-01 17:30:00.000000,Airdrie Community Health Centre,154,0
2026-09-01 17:30:00.000000,Alberta Children's Hospital,118,0
2026-09-01 17:30:00.000000,Chinook Regional Hospital,140,0
2026-09-01 17:30:00.000000,Cochrane Community Health Centre,120,0
2026-09-01 17:30:00.000000,Devon General Hospital,388,0
2026-09-01 17:30:00.000000,Foothills Medical Centre,324,0
2026-09-01 17:30:00.000000,Fort Sask Community Hospital,445,0
2026-09-01 17:30:00.000000,Grande Prairie Regional Hospital,307,0
2026-09-01 17:30:00.000000,Grey Nuns Community Hospital,300,0
2026-09-01 17:30:00.000000,Innisfail Health Centre,,1
2026-09-01 17:30:00.000000,Lacombe Hospital and Care Centre,,1
2026-09-01 17:30:00.000000,Leduc Community Hospital,367,0
2026-09-01 17:30:00.000000,Medicine Hat Regional Hospital,136,0
2026-09-01 17:30:00.000000,Misericordia Community Hospital,481,0
2026-09-01 17:30:00.000000,Northeast Community Health Centre,277,0
2026-09-01 17:30:00.000000,Northern Lights Regional Health Centre,194,0
2026-09-01 17:30:00.000000,Okotoks Health and Wellness Centre,30,0
2026-09-01 17:30:00.000000,Peter Lougheed Centre,229,0
2026-09-01 17:30:00.000000,Red Deer Regional Hospital,331,0
2026-09-01 17:30:00.000000,Rockyview General Hospital,216,0
2026-09-01 17:30:00.000000,Royal Alexandra Hospital,280,0
2026-09-01 17:30:00.000000,Sheldon M. Chumir Centre,162,0
2026-09-01 17:30:00.000000,South Calgary Health Centre,59,0
2026-09-01 17:30:00.000000,South Health Campus Children[;]South Health Campus,48,
2026-09-01 17:30:00.000000,Stollery Children's Hospital,124,0
2026-09-01 17:30:00.000000,Strathcona Community Hospital,517,0
2026-09-01 17:30:00.000000,Sturgeon Community Hospital,357,0
2026-09-01 17:30:00.000000,University of Alberta Hospital,293,0
2026-09-01 17:30:00.000000,WestView Health Centre,351,0
2026-09-01 17:40:00.000000,Airdrie Community Health Centre,141,0
2026-09-01 17:40:00.000000,Alberta Children's Hospital,122,0
2026-09-01 17:40:00.000000,Chinook Regional Hospital,140,0
2026-09-01 17:40:00.000000,Cochrane Community Health Centre,120,0
2026-09-01 17:40:00.000000,Devon General Hospital,388,0
2026-09-01 17:40:00.000000,Foothills Medical Centre,337,0
2026-09-01 17:40:00.000000,Fort Sask Community Hospital,445,0
2026-09-01 17:40:00.000000,Grande Prairie Regional Hospital,312,0
2026-09-01 17:40:00.000000,Grey Nuns Community Hospital,307,0
2026-09-01 17:40:00.000000,Innisfail Health Centre,,1
2026-09-01 17:40:00.000000,Lacombe Hospital and Care Centre,,1
2026-09-01 17:40:00.000000,Leduc Community Hospital,367,0
2026-09-01 17:40:00.000000,Medicine Hat Regional Hospital,106,0
2026-09-01 17:40:00.000000,Misericordia Community Hospital,476,0
2026-09-01 17:40:00.000000,Northeast Community Health Centre,277,0
2026-09-01 17:40:00.000000,Northern Lights Regional Health Centre,199,0
2026-09-01 17:40:00.000000,Okotoks Health and Wellness Centre,30,0
2026-09-01 17:40:00.000000,Peter Lougheed Centre,215,0
2026-09-01 17:40:00.000000,Red Deer Regional Hospital,331,0
2026-09-01 17:40:00.000000,Rockyview General Hospital,204,0
2026-09-01 17:40:00.000000,Royal Alexandra Hospital,290,0
2026-09-01 17:40:00.000000,Sheldon M. Chumir Centre,176,0
2026-09-01 17:40:00.000000,South Calgary Health Centre,53,0
2026-09-01 17:40:00.000000,South Health Campus Children[;]South Health Campus,56,
2026-09-01 17:40:00.000000,Stollery Children's Hospital,102,0
2026-09-01 17:40:00.000000,Strathcona Community Hospital,535,0
2026-09-01 17:40:00.000000,Sturgeon Community Hospital,340,0
2026-09-01 17:40:00.000000,University of Alberta Hospital,299,0
2026-09-01 17:40:00.000000,WestView Health Centre,406,0
2026-09-01 17:50:00.000000,Airdrie Community Health Centre,154,0
2026-09-01 17:50:00.000000,Alberta Children's Hospital,131,0
2026-09-01 17:50:00.000000,Chinook Regional Hospital,126,0
2026-09-01 17:50:00.000000,Cochrane Community Health Centre,150,0
2026-09-01 17:50:00.000000,Devon General Hospital,291,0
2026-09-01 17:50:00.000000,Foothills Medical Centre,345,0
2026-09-01 17:50:00.000000,Fort Sask Community Hospital,417,0
2026-09-01 17:50:00.000000,Grande Prairie Regional Hospital,345,0
2026-09-01 17:50:00.000000,Grey Nuns Community Hospital,307,0
2026-09-01 17:50:00.000000,Innisfail Health Centre,,1
2026-09-01 17:50:00.000000,Lacombe Hospital and Care Centre,,1
2026-09-01 17:50:00.000000,Leduc Community Hospital,387,0
2026-09-01 17:50:00.000000,Medicine Hat Regional Hospital,106,0
2026-09-01 17:50:00.000000,Misericordia Community Hospital,469,0
2026-09-01 17:50:00.000000,Northeast Community Health Centre,277,0
2026-09-01 17:50:00.000000,Northern Lights Regional Health Centre,239,0
2026-09-01 17:50:00.000000,Okotoks Health and Wellness Centre,30,0
2026-09-01 17:50:00.000000,Peter Lougheed Centre,228,0
2026-09-01 17:50:00.000000,Red Deer Regional Hospital,342,0
2026-09-01 17:50:00.000000,Rockyview General Hospital,212,0
2026-09-01 17:50:00.000000,Royal Alexandra Hospital,278,0
2026-09-01 17:50:00.000000,Sheldon M. Chumir Centre,150,0
2026-09-01 17:50:00.000000,South Calgary Health Centre,71,0
2026-09-01 17:50:00.000000,South Health Campus Children[;]South Health Campus,66,
2026-09-01 17:50:00.000000,Stollery Children's Hospital,115,0
2026-09-01 17:50:00.000000,Strathcona Community Hospital,535,0
2026-09-01 17:50:00.000000,Sturgeon Community Hospital,314,0
2026-09-01 17:50:00.000000,University of Alberta Hospital,312,0
2026-09-01 17:50:00.000000,WestView Health Centre,429,0
2026-09-01 18:00:00.000000,Airdrie Community Health Centre,154,0
2026-09-01 18:00:00.000000,Alberta Children's Hospital,117,0
2026-09-01 18:00:00.000000,Chinook Regional Hospital,126,0
2026-09-01 18:00:00.000000,Cochrane Community Health Centre,150,0
2026-09-01 18:00:00.000000,Devon General Hospital,291,0
2026-09-01 18:00:00.000000,Foothills Medical Centre,326,0
2026-09-01 18:00:00.000000,Fort Sask Community Hospital,445,0
2026-09-01 18:00:00.000000,Grande Prairie Regional Hospital,335,0
2026-09-01 18:00:00.000000,Grey Nuns Community Hospital,315,0
2026-09-01 18:00:00.000000,Innisfail Health Centre,,1
2026-09-01 18:00:00.000000,Lacombe Hospital and Care Centre,,1
2026-09-01 18:00:00.000000,Leduc Community Hospital,408,0
2026-09-01 18:00:00.000000,Medicine Hat Regional Hospital,121,0
2026-09-01 18:00:00.000000,Misericordia Community Hospital,431,0
2026-09-01 18:00:00.000000,Northeast Community Health Centre,265,0
2026-09-01 18:00:00.000000,Northern Lights Regional Health Centre,244,0
2026-09-01 18:00:00.000000,Okotoks Health and Wellness Centre,35,0
2026-09-01 18:00:00.000000,Peter Lougheed Centre,225,0
2026-09-01 18:00:00.000000,Red Deer Regional Hospital,342,0
2026-09-01 18:00:00.000000,Rockyview General Hospital,200,0
2026-09-01 18:00:00.000000,Royal Alexandra Hospital,295,0
2026-09-01 18:00:00.000000,Sheldon M. Chumir Centre,165,0
2026-09-01 18:00:00.000000,South Calgary Health Centre,65,0
2026-09-01 18:00:00.000000,South Health Campus Children[;]South Health Campus,74,
2026-09-01 18:00:00.000000,Stollery Children's Hospital,120,0
2026-09-01 18:00:00.000000,Strathcona Community Hospital,519,0
2026-09-01 18:00:00.000000,Sturgeon Community Hospital,314,0
2026-09-01 18:00:00.000000,University of Alberta Hospital,315,0
2026-09-01 18:00:00.000000,WestView Health Centre,446,0
2026-09-01 18:10:00.000000,Airdrie Community Health Centre,152,0
2026-09-01 18:10:00.000000,Alberta Children's Hospital,115,0
2026-09-01 18:10:00.000000,Chinook Regional Hospital,135,0
2026-09-01 18:10:00.000000,Cochrane Community Health Centre,130,0
2026-09-01 18:10:00.000000,Devon General Hospital,356,0
2026-09-01 18:10:00.000000,Foothills Medical Centre,335,0
2026-09-01 18:10:00.000000,Fort Sask Community Hospital,445,0
2026-09-01 18:10:00.000000,Grande Prairie Regional Hospital,298,0
2026-09-01 18:10:00.000000,Grey Nuns Community Hospital,322,0
2026-09-01 18:10:00.000000,Innisfail Health Centre,,1
2026-09-01 18:10:00.000000,Lacombe Hospital and Care Centre,,1
2026-09-01 18:10:00.000000,Leduc Community Hospital,428,0
2026-09-01 18:10:00.000000,Medicine Hat Regional Hospital,151,0
2026-09-01 18:10:00.000000,Misericordia Community Hospital,425,0
2026-09-01 18:10:00.000000,Northeast Community Health Centre,265,0
2026-09-01 18:10:00.000000,Northern Lights Regional Health Centre,300,0
2026-09-01 18:10:00.000000,Okotoks Health and Wellness Centre,35,0
2026-09-01 18:10:00.000000,Peter Lougheed Centre,232,0
2026-09-01 18:10:00.000000,Red Deer Regional Hospital,331,0
2026-09-01 18:10:00.000000,Rockyview General Hospital,203,0
2026-09-01 18:10:00.000000,Royal Alexandra Hospital,261,0
2026-09-01 18:10:00.000000,Sheldon M. Chumir Centre,164,0
2026-09-01 18:10:00.000000,South Calgary Health Centre,,0
2026-09-01 18:10:00.000000,South Health Campus Children[;]South Health Campus,80,
2026-09-01 18:10:00.000000,Stollery Children's Hospital,117,0
2026-09-01 18:10:00.000000,Strathcona Community Hospital,535,0
2026-09-01 18:10:00.000000,Sturgeon Community Hospital,312,0
2026-09-01 18:10:00.000000,University of Alberta Hospital,316,0
2026-09-01 18:10:00.000000,WestView Health Centre,476,0
2026-09-01 18:20:00.000000,Airdrie Community Health Centre,169,0
2026-09-01 18:20:00.000000,Alberta Children's Hospital,127,0
2026-09-01 18:20:00.000000,Chinook Regional Hospital,124,0
2026-09-01 18:20:00.000000,Cochrane Community Health Centre,140,0
2026-09-01 18:20:00.000000,Devon General Hospital,388,0
2026-09-01 18:20:00.000000,Foothills Medical Centre,313,0
2026-09-01 18:20:00.000000,Fort Sask Community Hospital,473,0
2026-09-01 18:20:00.000000,Grande Prairie Regional Hospital,303,0
2026-09-01 18:20:00.000000,Grey Nuns Community Hospital,322,0
2026-09-01 18:20:00.000000,Innisfail Health Centre,,1
2026-09-01 18:20:00.000000,Lacombe Hospital and Care Centre,,1
2026-09-01 18:20:00.000000,Leduc Community Hospital,408,0
2026-09-01 18:20:00.000000,Medicine Hat Regional Hospital,151,0
2026-09-01 18:20:00.000000,Misericordia Community Hospital,442,0
2026-09-01 18:20:00.000000,Northeast Community Health Centre,277,0
2026-09-01 18:20:00.000000,Northern Lights Regional Health Centre,272,0
2026-09-01 18:20:00.000000,Okotoks Health and Wellness Centre,35,0
2026-09-01 18:20:00.000000,Peter Lougheed Centre,237,0
2026-09-01 18:20:00.000000,Red Deer Regional Hospital,342,0
2026-09-01 18:20:00.000000,Rockyview General Hospital,202,0
2026-09-01 18:20:00.000000,Royal Alexandra Hospital,271,0
2026-09-01 18:20:00.000000,Sheldon M. Chumir Centre,169,0
2026-09-01 18:20:00.000000,South Calgary Health Centre,,0
2026-09-01 18:20:00.000000,South Health Campus Children[;]South Health Campus,53,
2026-09-01 18:20:00.000000,Stollery Children's Hospital,117,0
2026-09-01 18:20:00.000000,Strathcona Community Hospital,535,0
2026-09-01 18:20:00.000000,Sturgeon Community Hospital,275,0
2026-09-01 18:20:00.000000,University of Alberta Hospital,289,0
2026-09-01 18:20:00.000000,WestView Health Centre,438,0
2026-09-01 18:30:00.000000,Airdrie Community Health Centre,175,0
2026-09-01 18:30:00.000000,Alberta Children's Hospital,127,0
2026-09-01 18:30:00.000000,Chinook Regional Hospital,121,0
2026-09-01 18:30:00.000000,Cochrane Community Health Centre,130,0
2026-09-01 18:30:00.000000,Devon General Hospital,388,0
2026-09-01 18:30:00.000000,Foothills Medical Centre,313,0
2026-09-01 18:30:00.000000,Fort Sask Community Hospital,501,0
2026-09-01 18:30:00.000000,Grande Prairie Regional Hospital,266,0
2026-09-01 18:30:00.000000,Grey Nuns Community Hospital,322,0
2026-09-01 18:30:00.000000,Innisfail Health Centre,,1
2026-09-01 18:30:00.000000,Lacombe Hospital and Care Centre,,1
2026-09-01 18:30:00.000000,Leduc Community Hospital,326,0
2026-09-01 18:30:00.000000,Medicine Hat Regional Hospital,166,0
2026-09-01 18:30:00.000000,Misericordia Community Hospital,413,0
2026-09-01 18:30:00.000000,Northeast Community Health Centre,277,0
2026-09-01 18:30:00.000000,Northern Lights Regional Health Centre,278,0
2026-09-01 18:30:00.000000,Okotoks Health and Wellness Centre,30,0
2026-09-01 18:30:00.000000,Peter Lougheed Centre,232,0
2026-09-01 18:30:00.000000,Red Deer Regional Hospital,320,0
2026-09-01 18:30:00.000000,Rockyview General Hospital,189,0
2026-09-01 18:30:00.000000,Royal Alexandra Hospital,288,0
2026-09-01 18:30:00.000000,Sheldon M. Chumir Centre,165,0
2026-09-01 18:30:00.000000,South Calgary Health Centre,,0
2026-09-01 18:30:00.000000,South Health Campus Children[;]South Health Campus,30,
2026-09-01 18:30:00.000000,Stollery Children's Hospital,126,0
2026-09-01 18:30:00.000000,Strathcona Community Hospital,535,0
2026-09-01 18:30:00.000000,Sturgeon Community Hospital,271,0
2026-09-01 18:30:00.000000,University of Alberta Hospital,279,0
2026-09-01 18:30:00.000000,WestView Health Centre,438,0
2026-09-01 18:40:00.000000,Airdrie Community Health Centre,163,0
2026-09-01 18:40:00.000000,Alberta Children's Hospital,127,0
2026-09-01 18:40:00.000000,Chinook Regional Hospital,116,0
2026-09-01 18:40:00.000000,Cochrane Community Health Centre,120,0
2026-09-01 18:40:00.000000,Devon General Hospital,388,0
2026-09-01 18:40:00.000000,Foothills Medical Centre,320,0
2026-09-01 18:40:00.000000,Fort Sask Community Hospital,501,0
2026-09-01 18:40:00.000000,Grande Prairie Regional Hospital,255,0
2026-09-01 18:40:00.000000,Grey Nuns Community Hospital,322,0
2026-09-01 18:40:00.000000,Innisfail Health Centre,,1
2026-09-01 18:40:00.000000,Lacombe Hospital and Care Centre,,1
2026-09-01 18:40:00.000000,Leduc Community Hospital,306,0
2026-09-01 18:40:00.000000,Medicine Hat Regional Hospital,151,0
2026-09-01 18:40:00.000000,Misericordia Community Hospital,421,0
2026-09-01 18:40:00.000000,Northeast Community Health Centre,301,0
2026-09-01 18:40:00.000000,Northern Lights Regional Health Centre,265,0
2026-09-01 18:40:00.000000,Okotoks Health and Wellness Centre,30,0
2026-09-01 18:40:00.000000,Peter Lougheed Centre,227,0
2026-09-01 18:40:00.000000,Red Deer Regional Hospital,320,0
2026-09-01 18:40:00.000000,Rockyview General Hospital,183,0
2026-09-01 18:40:00.000000,Royal Alexandra Hospital,282,0
2026-09-01 18:40:00.000000,Sheldon M. Chumir Centre,163,0
2026-09-01 18:40:00.000000,South Calgary Health Centre,,0
2026-09-01 18:40:00.000000,South Health Campus Children[;]South Health Campus,30,
2026-09-01 18:40:00.000000,Stollery Children's Hospital,144,0
2026-09-01 18:40:00.000000,Strathcona Community Hospital,535,0
2026-09-01 18:40:00.000000,Sturgeon Community Hospital,269,0
2026-09-01 18:40:00.000000,University of Alberta Hospital,283,0
2026-09-01 18:40:00.000000,WestView Health Centre,419,0
2026-09-01 18:50:00.000000,Airdrie Community Health Centre,169,0
2026-09-01 18:50:00.000000,Alberta Children's Hospital,137,0
2026-09-01 18:50:00.000000,Chinook Regional Hospital,121,0
2026-09-01 18:50:00.000000,Cochrane Community Health Centre,130,0
2026-09-01 18:50:00.000000,Devon General Hospital,324,0
2026-09-01 18:50:00.000000,Foothills Medical Centre,320,0
2026-09-01 18:50:00.000000,Fort Sask Community Hospital,361,0
2026-09-01 18:50:00.000000,Grande Prairie Regional Hospital,233,0
2026-09-01 18:50:00.000000,Grey Nuns Community Hospital,322,0
2026-09-01 18:50:00.000000,Innisfail Health Centre,,1
2026-09-01 18:50:00.000000,Lacombe Hospital and Care Centre,,1
2026-09-01 18:50:00.000000,Leduc Community Hospital,306,0
2026-09-01 18:50:00.000000,Medicine Hat Regional Hospital,151,0
2026-09-01 18:50:00.000000,Misericordia Community Hospital,425,0
2026-09-01 18:50:00.000000,Northeast Community Health Centre,325,0
2026-09-01 18:50:00.000000,Northern Lights Regional Health Centre,272,0
2026-09-01 18:50:00.000000,Okotoks Health and Wellness Centre,46,0
2026-09-01 18:50:00.000000,Peter Lougheed Centre,255,0
2026-09-01 18:50:00.000000,Red Deer Regional Hospital,309,0
2026-09-01 18:50:00.000000,Rockyview General Hospital,186,0
2026-09-01 18:50:00.000000,Royal Alexandra Hospital,293,0
2026-09-01 18:50:00.000000,Sheldon M. Chumir Centre,151,0
2026-09-01 18:50:00.000000,South Calgary Health Centre,,0
2026-09-01 18:50:00.000000,South Health Campus Children[;]South Health Campus,80,
2026-09-01 18:50:00.000000,Stollery Children's Hospital,159,0
2026-09-01 18:50:00.000000,Strathcona Community Hospital,503,0
2026-09-01 18:50:00.000000,Sturgeon Community Hospital,284,0
2026-09-01 18:50:00.000000,University of Alberta Hospital,281,0
2026-09-01 18:50:00.000000,WestView Health Centre,438,0
2026-09-01 19:00:00.000000,Airdrie Community Health Centre,181,0
2026-09-01 19:00:00.000000,Alberta Children's Hospital,133,0
2026-09-01 19:00:00.000000,Chinook Regional Hospital,117,0
2026-09-01 19:00:00.000000,Cochrane Community Health Centre,130,0
2026-09-01 19:00:00.000000,Devon General Hospital,226,0
2026-09-01 19:00:00.000000,Foothills Medical Centre,320,0
2026-09-01 19:00:00.000000,Fort Sask Community Hospital,361,0
2026-09-01 19:00:00.000000,Grande Prairie Regional Hospital,251,0
2026-09-01 19:00:00.000000,Grey Nuns Community Hospital,307,0
2026-09-01 19:00:00.000000,Innisfail Health Centre,,1
2026-09-01 19:00:00.000000,Lacombe Hospital and Care Centre,,1
2026-09-01 19:00:00.000000,Leduc Community Hospital,306,0
2026-09-01 19:00:00.000000,Medicine Hat Regional Hospital,166,0
2026-09-01 19:00:00.000000,Misericordia Community Hospital,398,0
2026-09-01 19:00:00.000000,Northeast Community Health Centre,301,0
2026-09-01 19:00:00.000000,Northern Lights Regional Health Centre,244,0
2026-09-01 19:00:00.000000,Okotoks Health and Wellness Centre,46,0
2026-09-01 19:00:00.000000,Peter Lougheed Centre,257,0
2026-09-01 19:00:00.000000,Red Deer Regional Hospital,334,0
2026-09-01 19:00:00.000000,Rockyview General Hospital,198,0
2026-09-01 19:00:00.000000,Royal Alexandra Hospital,303,0
2026-09-01 19:00:00.000000,Sheldon M. Chumir Centre,124,0
2026-09-01 19:00:00.000000,South Calgary Health Centre,,0
2026-09-01 19:00:00.000000,South Health Campus Children[;]South Health Campus,106,
2026-09-01 19:00:00.000000,Stollery Children's Hospital,165,0
2026-09-01 19:00:00.000000,Strathcona Community Hospital,535,0
2026-09-01 19:00:00.000000,Sturgeon Community Hospital,284,0
2026-09-01 19:00:00.000000,University of Alberta Hospital,284,0
2026-09-01 19:00:00.000000,WestView Health Centre,457,0
2026-09-01 19:10:00.000000,Airdrie Community Health Centre,193,0
2026-09-01 19:10:00.000000,Alberta Children's Hospital,128,0
2026-09-01 19:10:00.000000,Chinook Regional Hospital,119,0
2026-09-01 19:10:00.000000,Cochrane Community Health Centre,120,0
2026-09-01 19:10:00.000000,Devon General Hospital,226,0
2026-09-01 19:10:00.000000,Foothills Medical Centre,299,0
2026-09-01 19:10:00.000000,Fort Sask Community Hospital,361,0
2026-09-01 19:10:00.000000,Grande Prairie Regional Hospital,255,0
2026-09-01 19:10:00.000000,Grey Nuns Community Hospital,300,0
2026-09-01 19:10:00.000000,Innisfail Health Centre,,1
2026-09-01 19:10:00.000000,Lacombe Hospital and Care Centre,,1
2026-09-01 19:10:00.000000,Leduc Community Hospital,306,0
2026-09-01 19:10:00.000000,Medicine Hat Regional Hospital,166,0
2026-09-01 19:10:00.000000,Misericordia Community Hospital,406,0
2026-09-01 19:10:00.000000,Northeast Community Health Centre,289,0
2026-09-01 19:10:00.000000,Northern Lights Regional Health Centre,249,0
2026-09-01 19:10:00.000000,Okotoks Health and Wellness Centre,58,0
2026-09-01 19:10:00.000000,Peter Lougheed Centre,272,0
2026-09-01 19:10:00.000000,Red Deer Regional Hospital,309,0
2026-09-01 19:10:00.000000,Rockyview General Hospital,228,0
2026-09-01 19:10:00.000000,Royal Alexandra Hospital,327,0
2026-09-01 19:10:00.000000,Sheldon M. Chumir Centre,121,0
2026-09-01 19:10:00.000000,South Calgary Health Centre,,0
2026-09-01 19:10:00.000000,South Health Campus Children[;]South Health Campus,133,
2026-09-01 19:10:00.000000,Stollery Children's Hospital,195,0
2026-09-01 19:10:00.000000,Strathcona Community Hospital,533,0
2026-09-01 19:10:00.000000,Sturgeon Community Hospital,252,0
2026-09-01 19:10:00.000000,University of Alberta Hospital,291,0
2026-09-01 19:10:00.000000,WestView Health Centre,476,0
2026-09-01 19:20:00.000000,Airdrie Community Health Centre,181,0
2026-09-01 19:20:00.000000,Alberta Children's Hospital,131,0
2026-09-01 19:20:00.000000,Chinook Regional Hospital,126,0
2026-09-01 19:20:00.000000,Cochrane Community Health Centre,130,0
2026-09-01 19:20:00.000000,Devon General Hospital,226,0
2026-09-01 19:20:00.000000,Foothills Medical Centre,286,0
2026-09-01 19:20:00.000000,Fort Sask Community Hospital,389,0
2026-09-01 19:20:00.000000,Grande Prairie Regional Hospital,260,0
2026-09-01 19:20:00.000000,Grey Nuns Community Hospital,307,0
2026-09-01 19:20:00.000000,Innisfail Health Centre,,1
2026-09-01 19:20:00.000000,Lacombe Hospital and Care Centre,,1
2026-09-01 19:20:00.000000,Leduc Community Hospital,285,0
2026-09-01 19:20:00.000000,Medicine Hat Regional Hospital,187,0
2026-09-01 19:20:00.000000,Misericordia Community Hospital,417,0
2026-09-01 19:20:00.000000,Northeast Community Health Centre,265,0
2026-09-01 19:20:00.000000,Northern Lights Regional Health Centre,271,0
2026-09-01 19:20:00.000000,Okotoks Health and Wellness Centre,93,0
2026-09-01 19:20:00.000000,Peter Lougheed Centre,281,0
2026-09-01 19:20:00.000000,Red Deer Regional Hospital,267,0
2026-09-01 19:20:00.000000,Rockyview General Hospital,222,0
2026-09-01 19:20:00.000000,Royal Alexandra Hospital,337,0
2026-09-01 19:20:00.000000,Sheldon M. Chumir Centre,118,0
2026-09-01 19:20:00.000000,South Calgary Health Centre,,0
2026-09-01 19:20:00.000000,South Health Campus Children[;]South Health Campus,133,
2026-09-01 19:20:00.000000,Stollery Children's Hospital,213,0
2026-09-01 19:20:00.000000,Strathcona Community Hospital,541,0
2026-09-01 19:20:00.000000,Sturgeon Community Hospital,257,0
2026-09-01 19:20:00.000000,University of Alberta Hospital,277,0
2026-09-01 19:20:00.000000,WestView Health Centre,495,0
2026-09-01 19:30:00.000000,Airdrie Community Health Centre,142,0
2026-09-01 19:30:00.000000,Alberta Children's Hospital,149,0
2026-09-01 19:30:00.000000,Chinook Regional Hospital,112,0
2026-09-01 19:30:00.000000,Cochrane Community Health Centre,140,0
2026-09-01 19:30:00.000000,Devon General Hospital,226,0
2026-09-01 19:30:00.000000,Foothills Medical Centre,281,0
2026-09-01 19:30:00.000000,Fort Sask Community Hospital,389,0
2026-09-01 19:30:00.000000,Grande Prairie Regional Hospital,278,0
2026-09-01 19:30:00.000000,Grey Nuns Community Hospital,300,0
2026-09-01 19:30:00.000000,Innisfail Health Centre,,1
2026-09-01 19:30:00.000000,Lacombe Hospital and Care Centre,,1
2026-09-01 19:30:00.000000,Leduc Community Hospital,244,0
2026-09-01 19:30:00.000000,Medicine Hat Regional Hospital,204,0
2026-09-01 19:30:00.000000,Misericordia Community Hospital,440,0
2026-09-01 19:30:00.000000,Northeast Community Health Centre,277,0
2026-09-01 19:30:00.000000,Northern Lights Regional Health Centre,276,0
2026-09-01 19:30:00.000000,Okotoks Health and Wellness Centre,70,0
2026-09-01 19:30:00.000000,Peter Lougheed Centre,296,0
2026-09-01 19:30:00.000000,Red Deer Regional Hospital,267,0
2026-09-01 19:30:00.000000,Rockyview General Hospital,216,0
2026-09-01 19:30:00.000000,Royal Alexandra Hospital,339,0
2026-09-01 19:30:00.000000,Sheldon M. Chumir Centre,107,0
2026-09-01 19:30:00.000000,South Calgary Health Centre,,0
2026-09-01 19:30:00.000000,South Health Campus Children[;]South Health Campus,133,
2026-09-01 19:30:00.000000,Stollery Children's Hospital,231,0
2026-09-01 19:30:00.000000,Strathcona Community Hospital,518,0
2026-09-01 19:30:00.000000,Sturgeon Community Hospital,272,0
2026-09-01 19:30:00.000000,University of Alberta Hospital,272,0
2026-09-01 19:30:00.000000,WestView Health Centre,514,0
2026-09-01 19:40:00.000000,Airdrie Community Health Centre,116,0
2026-09-01 19:40:00.000000,Alberta Children's Hospital,174,0
2026-09-01 19:40:00.000000,Chinook Regional Hospital,91,0
2026-09-01 19:40:00.000000,Cochrane Community Health Centre,152,0
2026-09-01 19:40:00.000000,Devon General Hospital,291,0
2026-09-01 19:40:00.000000,Foothills Medical Centre,291,0
2026-09-01 19:40:00.000000,Fort Sask Community Hospital,389,0
2026-09-01 19:40:00.000000,Grande Prairie Regional Hospital,312,0
2026-09-01 19:40:00.000000,Grey Nuns Community Hospital,300,0
2026-09-01 19:40:00.000000,Innisfail Health Centre,,1
2026-09-01 19:40:00.000000,Lacombe Hospital and Care Centre,,1
2026-09-01 19:40:00.000000,Leduc Community Hospital,265,0
2026-09-01 19:40:00.000000,Medicine Hat Regional Hospital,180,0
2026-09-01 19:40:00.000000,Misericordia Community Hospital,417,0
2026-09-01 19:40:00.000000,Northeast Community Health Centre,321,0
2026-09-01 19:40:00.000000,Northern Lights Regional Health Centre,184,0
2026-09-01 19:40:00.000000,Okotoks Health and Wellness Centre,70,0
2026-09-01 19:40:00.000000,Peter Lougheed Centre,285,0
2026-09-01 19:40:00.000000,Red Deer Regional Hospital,256,0
2026-09-01 19:40:00.000000,Rockyview General Hospital,211,0
2026-09-01 19:40:00.000000,Royal Alexandra Hospital,350,0
2026-09-01 19:40:00.000000,Sheldon M. Chumir Centre,103,0
2026-09-01 19:40:00.000000,South Calgary Health Centre,,0
2026-09-01 19:40:00.000000,South Health Campus Children[;]South Health Campus,160,
2026-09-01 19:40:00.000000,Stollery Children's Hospital,238,0
2026-09-01 19:40:00.000000,Strathcona Community Hospital,492,0
2026-09-01 19:40:00.000000,Sturgeon Community Hospital,289,0
2026-09-01 19:40:00.000000,University of Alberta Hospital,257,0
2026-09-01 19:40:00.000000,WestView Health Centre,527,0
2026-09-01 19:50:00.000000,Airdrie Community Health Centre,129,0
2026-09-01 19:50:00.000000,Alberta Children's Hospital,177,0
2026-09-01 19:50:00.000000,Chinook Regional Hospital,91,0
2026-09-01 19:50:00.000000,Cochrane Community Health Centre,156,0
2026-09-01 19:50:00.000000,Devon General Hospital,291,0
2026-09-01 19:50:00.000000,Foothills Medical Centre,286,0
2026-09-01 19:50:00.000000,Fort Sask Community Hospital,389,0
2026-09-01 19:50:00.000000,Grande Prairie Regional Hospital,373,0
2026-09-01 19:50:00.000000,Grey Nuns Community Hospital,307,0
2026-09-01 19:50:00.000000,Innisfail Health Centre,,1
2026-09-01 19:50:00.000000,Lacombe Hospital and Care Centre,,1
2026-09-01 19:50:00.000000,Leduc Community Hospital,265,0
2026-09-01 19:50:00.000000,Medicine Hat Regional Hospital,177,0
2026-09-01 19:50:00.000000,Misericordia Community Hospital,408,0
2026-09-01 19:50:00.000000,Northeast Community Health Centre,347,0
2026-09-01 19:50:00.000000,Northern Lights Regional Health Centre,189,0
2026-09-01 19:50:00.000000,Okotoks Health and Wellness Centre,81,0
2026-09-01 19:50:00.000000,Peter Lougheed Centre,306,0
2026-09-01 19:50:00.000000,Red Deer Regional Hospital,256,0
2026-09-01 19:50:00.000000,Rockyview General Hospital,241,0
2026-09-01 19:50:00.000000,Royal Alexandra Hospital,359,0
2026-09-01 19:50:00.000000,Sheldon M. Chumir Centre,76,0
2026-09-01 19:50:00.000000,South Calgary Health Centre,,0
2026-09-01 19:50:00.000000,South Health Campus Children[;]South Health Campus,160,
2026-09-01 19:50:00.000000,Stollery Children's Hospital,231,0
2026-09-01 19:50:00.000000,Strathcona Community Hospital,484,0
2026-09-01 19:50:00.000000,Sturgeon Community Hospital,305,0
2026-09-01 19:50:00.000000,University of Alberta Hospital,260,0
2026-09-01 19:50:00.000000,WestView Health Centre,582,0
2026-09-01 20:00:00.000000,Airdrie Community Health Centre,103,0
2026-09-01 20:00:00.000000,Alberta Children's Hospital,180,0
2026-09-01 20:00:00.000000,Chinook Regional Hospital,98,0
2026-09-01 20:00:00.000000,Cochrane Community Health Centre,177,0
2026-09-01 20:00:00.000000,Devon General Hospital,324,0
2026-09-01 20:00:00.000000,Foothills Medical Centre,289,0
2026-09-01 20:00:00.000000,Fort Sask Community Hospital,417,0
2026-09-01 20:00:00.000000,Grande Prairie Regional Hospital,350,0
2026-09-01 20:00:00.000000,Grey Nuns Community Hospital,300,0
2026-09-01 20:00:00.000000,Innisfail Health Centre,,1
2026-09-01 20:00:00.000000,Lacombe Hospital and Care Centre,,1
2026-09-01 20:00:00.000000,Leduc Community Hospital,265,0
2026-09-01 20:00:00.000000,Medicine Hat Regional Hospital,173,0
2026-09-01 20:00:00.000000,Misericordia Community Hospital,434,0
2026-09-01 20:00:00.000000,Northeast Community Health Centre,361,0
2026-09-01 20:00:00.000000,Northern Lights Regional Health Centre,195,0
2026-09-01 20:00:00.000000,Okotoks Health and Wellness Centre,81,0
2026-09-01 20:00:00.000000,Peter Lougheed Centre,313,0
2026-09-01 20:00:00.000000,Red Deer Regional Hospital,287,0
2026-09-01 20:00:00.000000,Rockyview General Hospital,237,0
2026-09-01 20:00:00.000000,Royal Alexandra Hospital,333,0
2026-09-01 20:00:00.000000,Sheldon M. Chumir Centre,80,0
2026-09-01 20:00:00.000000,South Calgary Health Centre,,0
2026-09-01 20:00:00.000000,South Health Campus Children[;]South Health Campus,186,
2026-09-01 20:00:00.000000,Stollery Children's Hospital,263,0
2026-09-01 20:00:00.000000,Strathcona Community Hospital,491,0
2026-09-01 20:00:00.000000,Sturgeon Community Hospital,310,0
2026-09-01 20:00:00.000000,University of Alberta Hospital,264,0
2026-09-01 20:00:00.000000,WestView Health Centre,529,0
2026-09-01 20:10:00.000000,Airdrie Community Health Centre,130,0
2026-09-01 20:10:00.000000,Alberta Children's Hospital,182,0
2026-09-01 20:10:00.000000,Chinook Regional Hospital,112,0
2026-09-01 20:10:00.000000,Cochrane Community Health Centre,,0
2026-09-01 20:10:00.000000,Devon General Hospital,356,0
2026-09-01 20:10:00.000000,Foothills Medical Centre,284,0
2026-09-01 20:10:00.000000,Fort Sask Community Hospital,306,0
2026-09-01 20:10:00.000000,Grande Prairie Regional Hospital,354,0
2026-09-01 20:10:00.000000,Grey Nuns Community Hospital,285,0
2026-09-01 20:10:00.000000,Innisfail Health Centre,,1
2026-09-01 20:10:00.000000,Lacombe Hospital and Care Centre,,1
2026-09-01 20:10:00.000000,Leduc Community Hospital,285,0
2026-09-01 20:10:00.000000,Medicine Hat Regional Hospital,182,0
2026-09-01 20:10:00.000000,Misericordia Community Hospital,421,0
2026-09-01 20:10:00.000000,Northeast Community Health Centre,373,0
2026-09-01 20:10:00.000000,Northern Lights Regional Health Centre,200,0
2026-09-01 20:10:00.000000,Okotoks Health and Wellness Centre,,0
2026-09-01 20:10:00.000000,Peter Lougheed Centre,318,0
2026-09-01 20:10:00.000000,Red Deer Regional Hospital,276,0
2026-09-01 20:10:00.000000,Rockyview General Hospital,226,0
2026-09-01 20:10:00.000000,Royal Alexandra Hospital,334,0
2026-09-01 20:10:00.000000,Sheldon M. Chumir Centre,71,0
2026-09-01 20:10:00.000000,South Calgary Health Centre,,0
2026-09-01 20:10:00.000000,South Health Campus Children[;]South Health Campus,186,
2026-09-01 20:10:00.000000,Stollery Children's Hospital,253,0
2026-09-01 20:10:00.000000,Strathcona Community Hospital,451,0
2026-09-01 20:10:00.000000,Sturgeon Community Hospital,324,0
2026-09-01 20:10:00.000000,University of Alberta Hospital,258,0
2026-09-01 20:10:00.000000,WestView Health Centre,536,0
2026-09-01 20:20:00.000000,Airdrie Community Health Centre,134,0
2026-09-01 20:20:00.000000,Alberta Children's Hospital,182,0
2026-09-01 20:20:00.000000,Chinook Regional Hospital,89,0
2026-09-01 20:20:00.000000,Cochrane Community Health Centre,,0
2026-09-01 20:20:00.000000,Devon General Hospital,318,0
2026-09-01 20:20:00.000000,Foothills Medical Centre,279,0
2026-09-01 20:20:00.000000,Fort Sask Community Hospital,308,0
2026-09-01 20:20:00.000000,Grande Prairie Regional Hospital,359,0
2026-09-01 20:20:00.000000,Grey Nuns Community Hospital,285,0
2026-09-01 20:20:00.000000,Innisfail Health Centre,,1
2026-09-01 20:20:00.000000,Lacombe Hospital and Care Centre,,1
2026-09-01 20:20:00.000000,Leduc Community Hospital,326,0
2026-09-01 20:20:00.000000,Medicine Hat Regional Hospital,180,0
2026-09-01 20:20:00.000000,Misericordia Community Hospital,442,0
2026-09-01 20:20:00.000000,Northeast Community Health Centre,351,0
2026-09-01 20:20:00.000000,Northern Lights Regional Health Centre,222,0
2026-09-01 20:20:00.000000,Okotoks Health and Wellness Centre,,0
2026-09-01 20:20:00.000000,Peter Lougheed Centre,347,0
2026-09-01 20:20:00.000000,Red Deer Regional Hospital,278,0
2026-09-01 20:20:00.000000,Rockyview General Hospital,230,0
2026-09-01 20:20:00.000000,Royal Alexandra Hospital,345,0
2026-09-01 20:20:00.000000,Sheldon M. Chumir Centre,79,0
2026-09-01 20:20:00.000000,South Calgary Health Centre,,0
2026-09-01 20:20:00.000000,South Health Campus Children[;]South Health Campus,160,
2026-09-01 20:20:00.000000,Stollery Children's Hospital,250,0
2026-09-01 20:20:00.000000,Strathcona Community Hospital,447,0
2026-09-01 20:20:00.000000,Sturgeon Community Hospital,322,0
2026-09-01 20:20:00.000000,University of Alberta Hospital,269,0
2026-09-01 20:20:00.000000,WestView Health Centre,498,0
2026-09-01 20:30:00.000000,Airdrie Community Health Centre,126,0
2026-09-01 20:30:00.000000,Alberta Children's Hospital,160,0
2026-09-01 20:30:00.000000,Chinook Regional Hospital,89,0
2026-09-01 20:30:00.000000,Cochrane Community Health Centre,,0
2026-09-01 20:30:00.000000,Devon General Hospital,349,0
2026-09-01 20:30:00.000000,Foothills Medical Centre,259,0
2026-09-01 20:30:00.000000,Fort Sask Community Hospital,336,0
2026-09-01 20:30:00.000000,Grande Prairie Regional Hospital,322,0
2026-09-01 20:30:00.000000,Grey Nuns Community Hospital,292,0
2026-09-01 20:30:00.000000,Innisfail Health Centre,,1
2026-09-01 20:30:00.000000,Lacombe Hospital and Care Centre,,1
2026-09-01 20:30:00.000000,Leduc Community Hospital,346,0
2026-09-01 20:30:00.000000,Medicine Hat Regional Hospital,165,0
2026-09-01 20:30:00.000000,Misericordia Community Hospital,457,0
2026-09-01 20:30:00.000000,Northeast Community Health Centre,351,0
2026-09-01 20:30:00.000000,Northern Lights Regional Health Centre,228,0
2026-09-01 20:30:00.000000,Okotoks Health and Wellness Centre,,0
2026-09-01 20:30:00.000000,Peter Lougheed Centre,353,0
2026-09-01 20:30:00.000000,Red Deer Regional Hospital,268,0
2026-09-01 20:30:00.000000,Rockyview General Hospital,256,0
2026-09-01 20:30:00.000000,Royal Alexandra Hospital,322,0
2026-09-01 20:30:00.000000,Sheldon M. Chumir Centre,87,0
2026-09-01 20:30:00.000000,South Calgary Health Centre,,0
2026-09-01 20:30:00.000000,South Health Campus Children[;]South Health Campus,160,
2026-09-01 20:30:00.000000,Stollery Children's Hospital,286,0
2026-09-01 20:30:00.000000,Strathcona Community Hospital,454,0
2026-09-01 20:30:00.000000,Sturgeon Community Hospital,335,0
2026-09-01 20:30:00.000000,University of Alberta Hospital,267,0
2026-09-01 20:30:00.000000,WestView Health Centre,536,0
2026-09-01 20:40:00.000000,Airdrie Community Health Centre,156,0
2026-09-01 20:40:00.000000,Alberta Children's Hospital,167,0
2026-09-01 20:40:00.000000,Chinook Regional Hospital,75,0
2026-09-01 20:40:00.000000,Cochrane Community Health Centre,,0
2026-09-01 20:40:00.000000,Devon General Hospital,381,0
2026-09-01 20:40:00.000000,Foothills Medical Centre,276,0
2026-09-01 20:40:00.000000,Fort Sask Community Hospital,336,0
2026-09-01 20:40:00.000000,Grande Prairie Regional Hospital,340,0
2026-09-01 20:40:00.000000,Grey Nuns Community Hospital,285,0
2026-09-01 20:40:00.000000,Innisfail Health Centre,,1
2026-09-01 20:40:00.000000,Lacombe Hospital and Care Centre,,1
2026-09-01 20:40:00.000000,Leduc Community Hospital,346,0
2026-09-01 20:40:00.000000,Medicine Hat Regional Hospital,195,0
2026-09-01 20:40:00.000000,Misericordia Community Hospital,441,0
2026-09-01 20:40:00.000000,Northeast Community Health Centre,363,0
2026-09-01 20:40:00.000000,Northern Lights Regional Health Centre,250,0
2026-09-01 20:40:00.000000,Okotoks Health and Wellness Centre,,0
2026-09-01 20:40:00.000000,Peter Lougheed Centre,342,0
2026-09-01 20:40:00.000000,Red Deer Regional Hospital,257,0
2026-09-01 20:40:00.000000,Rockyview General Hospital,254,0
2026-09-01 20:40:00.000000,Royal Alexandra Hospital,315,0
2026-09-01 20:40:00.000000,Sheldon M. Chumir Centre,87,0
2026-09-01 20:40:00.000000,South Calgary Health Centre,,0
2026-09-01 20:40:00.000000,South Health Campus Children[;]South Health Campus,160,
2026-09-01 20:40:00.000000,Stollery Children's Hospital,298,0
2026-09-01 20:40:00.000000,Strathcona Community Hospital,430,0
2026-09-01 20:40:00.000000,Sturgeon Community Hospital,323,0
2026-09-01 20:40:00.000000,University of Alberta Hospital,277,0
2026-09-01 20:40:00.000000,WestView Health Centre,536,0
2026-09-01 20:50:00.000000,Airdrie Community Health Centre,173,0
2026-09-01 20:50:00.000000,Alberta Children's Hospital,182,0
2026-09-01 20:50:00.000000,Chinook Regional Hospital,69,0
2026-09-01 20:50:00.000000,Cochrane Community Health Centre,,0
2026-09-01 20:50:00.000000,Devon General Hospital,381,0
2026-09-01 20:50:00.000000,Foothills Medical Centre,264,0
2026-09-01 20:50:00.000000,Fort Sask Community Hospital,365,0
2026-09-01 20:50:00.000000,Grande Prairie Regional Hospital,344,0
2026-09-01 20:50:00.000000,Grey Nuns Community Hospital,300,0
2026-09-01 20:50:00.000000,Innisfail Health Centre,,1
2026-09-01 20:50:00.000000,Lacombe Hospital and Care Centre,,1
2026-09-01 20:50:00.000000,Leduc Community Hospital,367,0
2026-09-01 20:50:00.000000,Medicine Hat Regional Hospital,225,0
2026-09-01 20:50:00.000000,Misericordia Community Hospital,448,0
2026-09-01 20:50:00.000000,Northeast Community Health Centre,387,0
2026-09-01 20:50:00.000000,Northern Lights Regional Health Centre,271,0
2026-09-01 20:50:00.000000,Okotoks Health and Wellness Centre,,0
2026-09-01 20:50:00.000000,Peter Lougheed Centre,331,0
2026-09-01 20:50:00.000000,Red Deer Regional Hospital,201,0
2026-09-01 20:50:00.000000,Rockyview General Hospital,258,0
2026-09-01 20:50:00.000000,Royal Alexandra Hospital,307,0
2026-09-01 20:50:00.000000,Sheldon M. Chumir Centre,79,0
2026-09-01 20:50:00.000000,South Calgary Health Centre,,0
2026-09-01 20:50:00.000000,South Health Campus Children[;]South Health Campus,133,
2026-09-01 20:50:00.000000,Stollery Children's Hospital,298,0
2026-09-01 20:50:00.000000,Strathcona Community Hospital,406,0
2026-09-01 20:50:00.000000,Sturgeon Community Hospital,320,0
2026-09-01 20:50:00.000000,University of Alberta Hospital,277,0
2026-09-01 20:50:00.000000,WestView Health Centre,574,0
2026-09-01 21:00:00.000000,Airdrie Community Health Centre,178,0
2026-09-01 21:00:00.000000,Alberta Children's Hospital,189,0
2026-09-01 21:00:00.000000,Chinook Regional Hospital,75,0
2026-09-01 21:00:00.000000,Cochrane Community Health Centre,,0
2026-09-01 21:00:00.000000,Devon General Hospital,381,0
2026-09-01 21:00:00.000000,Foothills Medical Centre,267,0
2026-09-01 21:00:00.000000,Fort Sask Community Hospital,421,0
2026-09-01 21:00:00.000000,Grande Prairie Regional Hospital,364,0
2026-09-01 21:00:00.000000,Grey Nuns Community Hospital,300,0
2026-09-01 21:00:00.000000,Innisfail Health Centre,,1
2026-09-01 21:00:00.000000,Lacombe Hospital and Care Centre,,1
2026-09-01 21:00:00.000000,Leduc Community Hospital,367,0
2026-09-01 21:00:00.000000,Medicine Hat Regional Hospital,240,0
2026-09-01 21:00:00.000000,Misericordia Community Hospital,441,0
2026-09-01 21:00:00.000000,Northeast Community Health Centre,387,0
2026-09-01 21:00:00.000000,Northern Lights Regional Health Centre,294,0
2026-09-01 21:00:00.000000,Okotoks Health and Wellness Centre,,0
2026-09-01 21:00:00.000000,Peter Lougheed Centre,352,0
2026-09-01 21:00:00.000000,Red Deer Regional Hospital,205,0
2026-09-01 21:00:00.000000,Rockyview General Hospital,282,0
2026-09-01 21:00:00.000000,Royal Alexandra Hospital,318,0
2026-09-01 21:00:00.000000,Sheldon M. Chumir Centre,71,0
2026-09-01 21:00:00.000000,South Calgary Health Centre,,0
2026-09-01 21:00:00.000000,South Health Campus Children[;]South Health Campus,133,
2026-09-01 21:00:00.000000,Stollery Children's Hospital,286,0
2026-09-01 21:00:00.000000,Strathcona Community Hospital,397,0
2026-09-01 21:00:00.000000,Sturgeon Community Hospital,325,0
2026-09-01 21:00:00.000000,University of Alberta Hospital,277,0
2026-09-01 21:00:00.000000,WestView Health Centre,613,0
2026-09-01 21:10:00.000000,Airdrie Community Health Centre,167,0
2026-09-01 21:10:00.000000,Alberta Children's Hospital,196,0
2026-09-01 21:10:00.000000,Chinook Regional Hospital,86,0
2026-09-01 21:10:00.000000,Cochrane Community Health Centre,,0
2026-09-01 21:10:00.000000,Devon General Hospital,349,0
2026-09-01 21:10:00.000000,Foothills Medical Centre,275,0
2026-09-01 21:10:00.000000,Fort Sask Community Hospital,421,0
2026-09-01 21:10:00.000000,Grande Prairie Regional Hospital,373,0
2026-09-01 21:10:00.000000,Grey Nuns Community Hospital,292,0
2026-09-01 21:10:00.000000,Innisfail Health Centre,,1
2026-09-01 21:10:00.000000,Lacombe Hospital and Care Centre,,1
2026-09-01 21:10:00.000000,Leduc Community Hospital,306,0
2026-09-01 21:10:00.000000,Medicine Hat Regional Hospital,225,0
2026-09-01 21:10:00.000000,Misericordia Community Hospital,425,0
2026-09-01 21:10:00.000000,Northeast Community Health Centre,363,0
2026-09-01 21:10:00.000000,Northern Lights Regional Health Centre,332,0
2026-09-01 21:10:00.000000,Okotoks Health and Wellness Centre,,0
2026-09-01 21:10:00.000000,Peter Lougheed Centre,372,0
2026-09-01 21:10:00.000000,Red Deer Regional Hospital,178,0
2026-09-01 21:10:00.000000,Rockyview General Hospital,288,0
2026-09-01 21:10:00.000000,Royal Alexandra Hospital,321,0
2026-09-01 21:10:00.000000,Sheldon M. Chumir Centre,71,0
2026-09-01 21:10:00.000000,South Calgary Health Centre,,0
2026-09-01 21:10:00.000000,South Health Campus Children[;]South Health Campus,133,
2026-09-01 21:10:00.000000,Stollery Children's Hospital,298,0
2026-09-01 21:10:00.000000,Strathcona Community Hospital,393,0
2026-09-01 21:10:00.000000,Sturgeon Community Hospital,323,0
2026-09-01 21:10:00.000000,University of Alberta Hospital,290,0
2026-09-01 21:10:00.000000,WestView Health Centre,574,0
2026-09-01 21:20:00.000000,Airdrie Community Health Centre,167,0
2026-09-01 21:20:00.000000,Alberta Children's Hospital,182,0
2026-09-01 21:20:00.000000,Chinook Regional Hospital,91,0
2026-09-01 21:20:00.000000,Cochrane Community Health Centre,,0
2026-09-01 21:20:00.000000,Devon General Hospital,349,0
2026-09-01 21:20:00.000000,Foothills Medical Centre,299,0
2026-09-01 21:20:00.000000,Fort Sask Community Hospital,421,0
2026-09-01 21:20:00.000000,Grande Prairie Regional Hospital,373,0
2026-09-01 21:20:00.000000,Grey Nuns Community Hospital,262,0
2026-09-01 21:20:00.000000,Innisfail Health Centre,,1
2026-09-01 21:20:00.000000,Lacombe Hospital and Care Centre,,1
2026-09-01 21:20:00.000000,Leduc Community Hospital,326,0
2026-09-01 21:20:00.000000,Medicine Hat Regional Hospital,180,0
2026-09-01 21:20:00.000000,Misericordia Community Hospital,409,0
2026-09-01 21:20:00.000000,Northeast Community Health Centre,363,0
2026-09-01 21:20:00.000000,Northern Lights Regional Health Centre,304,0
2026-09-01 21:20:00.000000,Okotoks Health and Wellness Centre,,0
2026-09-01 21:20:00.000000,Peter Lougheed Centre,403,0
2026-09-01 21:20:00.000000,Red Deer Regional Hospital,175,0
2026-09-01 21:20:00.000000,Rockyview General Hospital,309,0
2026-09-01 21:20:00.000000,Royal Alexandra Hospital,344,0
2026-09-01 21:20:00.000000,Sheldon M. Chumir Centre,95,0
2026-09-01 21:20:00.000000,South Calgary Health Centre,,0
2026-09-01 21:20:00.000000,South Health Campus Children[;]South Health Campus,106,
2026-09-01 21:20:00.000000,Stollery Children's Hospital,322,0
2026-09-01 21:20:00.000000,Strathcona Community Hospital,410,0
2026-09-01 21:20:00.000000,Sturgeon Community Hospital,336,0
2026-09-01 21:20:00.000000,University of Alberta Hospital,299,0
2026-09-01 21:20:00.000000,WestView Health Centre,536,0
2026-09-01 21:30:00.000000,Airdrie Community Health Centre,141,0
2026-09-01 21:30:00.000000,Alberta Children's Hospital,182,0
2026-09-01 21:30:00.000000,Chinook Regional Hospital,100,0
2026-09-01 21:30:00.000000,Cochrane Community Health Centre,,0
2026-09-01 21:30:00.000000,Devon General Hospital,349,0
2026-09-01 21:30:00.000000,Foothills Medical Centre,320,0
2026-09-01 21:30:00.000000,Fort Sask Community Hospital,421,0
2026-09-01 21:30:00.000000,Grande Prairie Regional Hospital,373,0
2026-09-01 21:30:00.000000,Grey Nuns Community Hospital,270,0
2026-09-01 21:30:00.000000,Innisfail Health Centre,,1
2026-09-01 21:30:00.000000,Lacombe Hospital and Care Centre,,1
2026-09-01 21:30:00.000000,Leduc Community Hospital,326,0
2026-09-01 21:30:00.000000,Medicine Hat Regional Hospital,180,0
2026-09-01 21:30:00.000000,Misericordia Community Hospital,425,0
2026-09-01 21:30:00.000000,Northeast Community Health Centre,363,0
2026-09-01 21:30:00.000000,Northern Lights Regional Health Centre,277,0
2026-09-01 21:30:00.000000,Okotoks Health and Wellness Centre,,0
2026-09-01 21:30:00.000000,Peter Lougheed Centre,397,0
2026-09-01 21:30:00.000000,Red Deer Regional Hospital,175,0
2026-09-01 21:30:00.000000,Rockyview General Hospital,310,0
2026-09-01 21:30:00.000000,Royal Alexandra Hospital,328,0
2026-09-01 21:30:00.000000,Sheldon M. Chumir Centre,121,0
2026-09-01 21:30:00.000000,South Calgary Health Centre,,0
2026-09-01 21:30:00.000000,South Health Campus Children[;]South Health Campus,133,
2026-09-01 21:30:00.000000,Stollery Children's Hospital,381,0
2026-09-01 21:30:00.000000,Strathcona Community Hospital,377,0
2026-09-01 21:30:00.000000,Sturgeon Community Hospital,341,0
2026-09-01 21:30:00.000000,University of Alberta Hospital,286,0
2026-09-01 21:30:00.000000,WestView Health Centre,536,0
2026-09-01 21:40:00.000000,Airdrie Community Health Centre,154,0
2026-09-01 21:40:00.000000,Alberta Children's Hospital,189,0
2026-09-01 21:40:00.000000,Chinook Regional Hospital,103,0
2026-09-01 21:40:00.000000,Cochrane Community Health Centre,,0
2026-09-01 21:40:00.000000,Devon General Hospital,318,0
2026-09-01 21:40:00.000000,Foothills Medical Centre,323,0
2026-09-01 21:40:00.000000,Fort Sask Community Hospital,393,0
2026-09-01 21:40:00.000000,Grande Prairie Regional Hospital,394,0
2026-09-01 21:40:00.000000,Grey Nuns Community Hospital,247,0
2026-09-01 21:40:00.000000,Innisfail Health Centre,,1
2026-09-01 21:40:00.000000,Lacombe Hospital and Care Centre,,1
2026-09-01 21:40:00.000000,Leduc Community Hospital,326,0
2026-09-01 21:40:00.000000,Medicine Hat Regional Hospital,195,0
2026-09-01 21:40:00.000000,Misericordia Community Hospital,431,0
2026-09-01 21:40:00.000000,Northeast Community Health Centre,378,0
2026-09-01 21:40:00.000000,Northern Lights Regional Health Centre,282,0
2026-09-01 21:40:00.000000,Okotoks Health and Wellness Centre,,0
2026-09-01 21:40:00.000000,Peter Lougheed Centre,400,0
2026-09-01 21:40:00.000000,Red Deer Regional Hospital,125,0
2026-09-01 21:40:00.000000,Rockyview General Hospital,320,0
2026-09-01 21:40:00.000000,Royal Alexandra Hospital,351,0
2026-09-01 21:40:00.000000,Sheldon M. Chumir Centre,136,0
2026-09-01 21:40:00.000000,South Calgary Health Centre,,0
2026-09-01 21:40:00.000000,South Health Campus,364,0
2026-09-01 21:40:00.000000,Stollery Children's Hospital,381,0
2026-09-01 21:40:00.000000,Strathcona Community Hospital,344,0
2026-09-01 21:40:00.000000,Sturgeon Community Hospital,311,0
2026-09-01 21:40:00.000000,University of Alberta Hospital,288,0
2026-09-01 21:40:00.000000,WestView Health Centre,536,0
2026-09-01 21:50:00.000000,Airdrie Community Health Centre,180,0
2026-09-01 21:50:00.000000,Alberta Children's Hospital,211,0
2026-09-01 21:50:00.000000,Chinook Regional Hospital,110,0
2026-09-01 21:50:00.000000,Cochrane Community Health Centre,,0
2026-09-01 21:50:00.000000,Devon General Hospital,349,0
2026-09-01 21:50:00.000000,Foothills Medical Centre,317,0
2026-09-01 21:50:00.000000,Fort Sask Community Hospital,393,0
2026-09-01 21:50:00.000000,Grande Prairie Regional Hospital,394,0
2026-09-01 21:50:00.000000,Grey Nuns Community Hospital,232,0
2026-09-01 21:50:00.000000,Innisfail Health Centre,,1
2026-09-01 21:50:00.000000,Lacombe Hospital and Care Centre,,1
2026-09-01 21:50:00.000000,Leduc Community Hospital,326,0
2026-09-01 21:50:00.000000,Medicine Hat Regional Hospital,230,0
2026-09-01 21:50:00.000000,Misericordia Community Hospital,402,0
2026-09-01 21:50:00.000000,Northeast Community Health Centre,371,0
2026-09-01 21:50:00.000000,Northern Lights Regional Health Centre,305,0
2026-09-01 21:50:00.000000,Okotoks Health and Wellness Centre,,0
2026-09-01 21:50:00.000000,Peter Lougheed Centre,410,0
2026-09-01 21:50:00.000000,Red Deer Regional Hospital,110,0
2026-09-01 21:50:00.000000,Rockyview General Hospital,354,0
2026-09-01 21:50:00.000000,Royal Alexandra Hospital,385,0
2026-09-01 21:50:00.000000,Sheldon M. Chumir Centre,141,0
2026-09-01 21:50:00.000000,South Calgary Health Centre,,0
2026-09-01 21:50:00.000000,South Health Campus,376,0
2026-09-01 21:50:00.000000,Stollery Children's Hospital,417,0
2026-09-01 21:50:00.000000,Strathcona Community Hospital,344,0
2026-09-01 21:50:00.000000,Sturgeon Community Hospital,317,0
2026-09-01 21:50:00.000000,University of Alberta Hospital,300,0
2026-09-01 21:50:00.000000,WestView Health Centre,536,0
2026-09-01 22:00:00.000000,Airdrie Community Health Centre,154,0
2026-09-01 22:00:00.000000,Alberta Children's Hospital,226,0
2026-09-01 22:00:00.000000,Chinook Regional Hospital,116,0
2026-09-01 22:00:00.000000,Cochrane Community Health Centre,,0
2026-09-01 22:00:00.000000,Devon General Hospital,349,0
2026-09-01 22:00:00.000000,Foothills Medical Centre,340,0
2026-09-01 22:00:00.000000,Fort Sask Community Hospital,393,0
2026-09-01 22:00:00.000000,Grande Prairie Regional Hospital,401,0
2026-09-01 22:00:00.000000,Grey Nuns Community Hospital,210,0
2026-09-01 22:00:00.000000,Innisfail Health Centre,,1
2026-09-01 22:00:00.000000,Lacombe Hospital and Care Centre,,1
2026-09-01 22:00:00.000000,Leduc Community Hospital,306,0
2026-09-01 22:00:00.000000,Medicine Hat Regional Hospital,239,0
2026-09-01 22:00:00.000000,Misericordia Community Hospital,430,0
2026-09-01 22:00:00.000000,Northeast Community Health Centre,343,0
2026-09-01 22:00:00.000000,Northern Lights Regional Health Centre,310,0
2026-09-01 22:00:00.000000,Okotoks Health and Wellness Centre,,0
2026-09-01 22:00:00.000000,Peter Lougheed Centre,413,0
2026-09-01 22:00:00.000000,Red Deer Regional Hospital,128,0
2026-09-01 22:00:00.000000,Rockyview General Hospital,355,0
2026-09-01 22:00:00.000000,Royal Alexandra Hospital,378,0
2026-09-01 22:00:00.000000,Sheldon M. Chumir Centre,135,0
2026-09-01 22:00:00.000000,South Calgary Health Centre,,0
2026-09-01 22:00:00.000000,South Health Campus,370,0
2026-09-01 22:00:00.000000,Stollery Children's Hospital,443,0
2026-09-01 22:00:00.000000,Strathcona Community Hospital,295,0
2026-09-01 22:00:00.000000,Sturgeon Community Hospital,321,0
2026-09-01 22:00:00.000000,University of Alberta Hospital,311,0
2026-09-01 22:00:00.000000,WestView Health Centre,574,0
2026-09-01 22:10:00.000000,Airdrie Community Health Centre,141,0
2026-09-01 22:10:00.000000,Alberta Children's Hospital,196,0
2026-09-01 22:10:00.000000,Chinook Regional Hospital,123,0
2026-09-01 22:10:00.000000,Cochrane Community Health Centre,,0
2026-09-01 22:10:00.000000,Devon General Hospital,318,0
2026-09-01 22:10:00.000000,Foothills Medical Centre,337,0
2026-09-01 22:10:00.000000,Fort Sask Community Hospital,393,0
2026-09-01 22:10:00.000000,Grande Prairie Regional Hospital,407,0
2026-09-01 22:10:00.000000,Grey Nuns Community Hospital,225,0
2026-09-01 22:10:00.000000,Innisfail Health Centre,,1
2026-09-01 22:10:00.000000,Lacombe Hospital and Care Centre,,1
2026-09-01 22:10:00.000000,Leduc Community Hospital,306,0
2026-09-01 22:10:00.000000,Medicine Hat Regional Hospital,222,0
2026-09-01 22:10:00.000000,Misericordia Community Hospital,405,0
2026-09-01 22:10:00.000000,Northeast Community Health Centre,347,0
2026-09-01 22:10:00.000000,Northern Lights Regional Health Centre,316,0
2026-09-01 22:10:00.000000,Okotoks Health and Wellness Centre,,0
2026-09-01 22:10:00.000000,Peter Lougheed Centre,413,0
2026-09-01 22:10:00.000000,Red Deer Regional Hospital,145,0
2026-09-01 22:10:00.000000,Rockyview General Hospital,343,0
2026-09-01 22:10:00.000000,Royal Alexandra Hospital,371,0
2026-09-01 22:10:00.000000,Sheldon M. Chumir Centre,137,0
2026-09-01 22:10:00.000000,South Calgary Health Centre,,0
2026-09-01 22:10:00.000000,South Health Campus,393,0
2026-09-01 22:10:00.000000,Stollery Children's Hospital,393,0
2026-09-01 22:10:00.000000,Strathcona Community Hospital,262,0
2026-09-01 22:10:00.000000,Sturgeon Community Hospital,301,0
2026-09-01 22:10:00.000000,University of Alberta Hospital,321,0
2026-09-01 22:10:00.000000,WestView Health Centre,580,0
2026-09-01 22:20:00.000000,Airdrie Community Health Centre,129,0
2026-09-01 22:20:00.000000,Alberta Children's Hospital,196,0
2026-09-01 22:20:00.000000,Chinook Regional Hospital,137,0
2026-09-01 22:20:00.000000,Cochrane Community Health Centre,,0
2026-09-01 22:20:00.000000,Devon General Hospital,254,0
2026-09-01 22:20:00.000000,Foothills Medical Centre,333,0
2026-09-01 22:20:00.000000,Fort Sask Community Hospital,393,0
2026-09-01 22:20:00.000000,Grande Prairie Regional Hospital,398,0
2026-09-01 22:20:00.000000,Grey Nuns Community Hospital,225,0
2026-09-01 22:20:00.000000,Innisfail Health Centre,,1
2026-09-01 22:20:00.000000,Lacombe Hospital and Care Centre,,1
2026-09-01 22:20:00.000000,Leduc Community Hospital,306,0
2026-09-01 22:20:00.000000,Medicine Hat Regional Hospital,210,0
2026-09-01 22:20:00.000000,Misericordia Community Hospital,416,0
2026-09-01 22:20:00.000000,Northeast Community Health Centre,347,0
2026-09-01 22:20:00.000000,Northern Lights Regional Health Centre,354,0
2026-09-01 22:20:00.000000,Okotoks Health and Wellness Centre,,0
2026-09-01 22:20:00.000000,Peter Lougheed Centre,411,0
2026-09-01 22:20:00.000000,Red Deer Regional Hospital,134,0
2026-09-01 22:20:00.000000,Rockyview General Hospital,369,0
2026-09-01 22:20:00.000000,Royal Alexandra Hospital,384,0
2026-09-01 22:20:00.000000,Sheldon M. Chumir Centre,166,0
2026-09-01 22:20:00.000000,South Calgary Health Centre,,0
2026-09-01 22:20:00.000000,South Health Campus,387,0
2026-09-01 22:20:00.000000,Stollery Children's Hospital,407,0
2026-09-01 22:20:00.000000,Strathcona Community Hospital,262,0
2026-09-01 22:20:00.000000,Sturgeon Community Hospital,312,0
2026-09-01 22:20:00.000000,University of Alberta Hospital,321,0
2026-09-01 22:20:00.000000,WestView Health Centre,637,0
2026-09-01 22:30:00.000000,Airdrie Community Health Centre,103,0
2026-09-01 22:30:00.000000,Alberta Children's Hospital,204,0
2026-09-01 22:30:00.000000,Chinook Regional Hospital,144,0
2026-09-01 22:30:00.000000,Cochrane Community Health Centre,,0
2026-09-01 22:30:00.000000,Devon General Hospital,286,0
2026-09-01 22:30:00.000000,Foothills Medical Centre,351,0
2026-09-01 22:30:00.000000,Fort Sask Community Hospital,336,0
2026-09-01 22:30:00.000000,Grande Prairie Regional Hospital,388,0
2026-09-01 22:30:00.000000,Grey Nuns Community Hospital,240,0
2026-09-01 22:30:00.000000,Innisfail Health Centre,,1
2026-09-01 22:30:00.000000,Lacombe Hospital and Care Centre,,1
2026-09-01 22:30:00.000000,Leduc Community Hospital,306,0
2026-09-01 22:30:00.000000,Medicine Hat Regional Hospital,234,0
2026-09-01 22:30:00.000000,Misericordia Community Hospital,383,0
2026-09-01 22:30:00.000000,Northeast Community Health Centre,347,0
2026-09-01 22:30:00.000000,Northern Lights Regional Health Centre,344,0
2026-09-01 22:30:00.000000,Okotoks Health and Wellness Centre,,0
2026-09-01 22:30:00.000000,Peter Lougheed Centre,447,0
2026-09-01 22:30:00.000000,Red Deer Regional Hospital,172,0
2026-09-01 22:30:00.000000,Rockyview General Hospital,410,0
2026-09-01 22:30:00.000000,Royal Alexandra Hospital,378,0
2026-09-01 22:30:00.000000,Sheldon M. Chumir Centre,206,0
2026-09-01 22:30:00.000000,South Calgary Health Centre,,0
2026-09-01 22:30:00.000000,South Health Campus,370,0
2026-09-01 22:30:00.000000,Stollery Children's Hospital,400,0
2026-09-01 22:30:00.000000,Strathcona Community Hospital,229,0
2026-09-01 22:30:00.000000,Sturgeon Community Hospital,324,0
2026-09-01 22:30:00.000000,University of Alberta Hospital,321,0
2026-09-01 22:30:00.000000,WestView Health Centre,622,0
2026-09-01 22:40:00.000000,Airdrie Community Health Centre,129,0
2026-09-01 22:40:00.000000,Alberta Children's Hospital,236,0
2026-09-01 22:40:00.000000,Chinook Regional Hospital,149,0
2026-09-01 22:40:00.000000,Cochrane Community Health Centre,,0
2026-09-01 22:40:00.000000,Devon General Hospital,318,0
2026-09-01 22:40:00.000000,Foothills Medical Centre,358,0
2026-09-01 22:40:00.000000,Fort Sask Community Hospital,308,0
2026-09-01 22:40:00.000000,Grande Prairie Regional Hospital,372,0
2026-09-01 22:40:00.000000,Grey Nuns Community Hospital,247,0
2026-09-01 22:40:00.000000,Innisfail Health Centre,,1
2026-09-01 22:40:00.000000,Lacombe Hospital and Care Centre,,1
2026-09-01 22:40:00.000000,Leduc Community Hospital,285,0
2026-09-01 22:40:00.000000,Medicine Hat Regional Hospital,222,0
2026-09-01 22:40:00.000000,Misericordia Community Hospital,405,0
2026-09-01 22:40:00.000000,Northeast Community Health Centre,311,0
2026-09-01 22:40:00.000000,Northern Lights Regional Health Centre,365,0
2026-09-01 22:40:00.000000,Okotoks Health and Wellness Centre,,0
2026-09-01 22:40:00.000000,Peter Lougheed Centre,413,0
2026-09-01 22:40:00.000000,Red Deer Regional Hospital,193,0
2026-09-01 22:40:00.000000,Rockyview General Hospital,435,0
2026-09-01 22:40:00.000000,Royal Alexandra Hospital,401,0
2026-09-01 22:40:00.000000,Sheldon M. Chumir Centre,196,0
2026-09-01 22:40:00.000000,South Calgary Health Centre,,0
2026-09-01 22:40:00.000000,South Health Campus,401,0
2026-09-01 22:40:00.000000,Stollery Children's Hospital,443,0
2026-09-01 22:40:00.000000,Strathcona Community Hospital,213,0
2026-09-01 22:40:00.000000,Sturgeon Community Hospital,335,0
2026-09-01 22:40:00.000000,University of Alberta Hospital,327,0
2026-09-01 22:40:00.000000,WestView Health Centre,561,0
2026-09-01 22:50:00.000000,Airdrie Community Health Centre,129,0
2026-09-01 22:50:00.000000,Alberta Children's Hospital,231,0
2026-09-01 22:50:00.000000,Chinook Regional Hospital,116,0
2026-09-01 22:50:00.000000,Cochrane Community Health Centre,,0
2026-09-01 22:50:00.000000,Devon General Hospital,318,0
2026-09-01 22:50:00.000000,Foothills Medical Centre,396,0
2026-09-01 22:50:00.000000,Fort Sask Community Hospital,308,0
2026-09-01 22:50:00.000000,Grande Prairie Regional Hospital,370,0
2026-09-01 22:50:00.000000,Grey Nuns Community Hospital,255,0
2026-09-01 22:50:00.000000,Innisfail Health Centre,,1
2026-09-01 22:50:00.000000,Lacombe Hospital and Care Centre,,1
2026-09-01 22:50:00.000000,Leduc Community Hospital,306,0
2026-09-01 22:50:00.000000,Medicine Hat Regional Hospital,238,0
2026-09-01 22:50:00.000000,Misericordia Community Hospital,372,0
2026-09-01 22:50:00.000000,Northeast Community Health Centre,311,0
2026-09-01 22:50:00.000000,Northern Lights Regional Health Centre,353,0
2026-09-01 22:50:00.000000,Okotoks Health and Wellness Centre,,0
2026-09-01 22:50:00.000000,Peter Lougheed Centre,427,0
2026-09-01 22:50:00.000000,Red Deer Regional Hospital,166,0
2026-09-01 22:50:00.000000,Rockyview General Hospital,460,0
2026-09-01 22:50:00.000000,Royal Alexandra Hospital,404,0
2026-09-01 22:50:00.000000,Sheldon M. Chumir Centre,218,0
2026-09-01 22:50:00.000000,South Calgary Health Centre,,0
2026-09-01 22:50:00.000000,South Health Campus,398,0
2026-09-01 22:50:00.000000,Stollery Children's Hospital,468,0
2026-09-01 22:50:00.000000,Strathcona Community Hospital,229,0
2026-09-01 22:50:00.000000,Sturgeon Community Hospital,346,0
2026-09-01 22:50:00.000000,University of Alberta Hospital,337,0
2026-09-01 22:50:00.000000,WestView Health Centre,540,0
2026-09-01 23:00:00.000000,Airdrie Community Health Centre,141,0
2026-09-01 23:00:00.000000,Alberta Children's Hospital,226,0
2026-09-01 23:00:00.000000,Chinook Regional Hospital,116,0
2026-09-01 23:00:00.000000,Cochrane Community Health Centre,,0
2026-09-01 23:00:00.000000,Devon General Hospital,349,0
2026-09-01 23:00:00.000000,Foothills Medical Centre,444,0
2026-09-01 23:00:00.000000,Fort Sask Community Hospital,280,0
2026-09-01 23:00:00.000000,Grande Prairie Regional Hospital,360,0
2026-09-01 23:00:00.000000,Grey Nuns Community Hospital,255,0
2026-09-01 23:00:00.000000,Innisfail Health Centre,,1
2026-09-01 23:00:00.000000,Lacombe Hospital and Care Centre,,1
2026-09-01 23:00:00.000000,Leduc Community Hospital,285,0
2026-09-01 23:00:00.000000,Medicine Hat Regional Hospital,292,0
2026-09-01 23:00:00.000000,Misericordia Community Hospital,361,0
2026-09-01 23:00:00.000000,Northeast Community Health Centre,256,0
2026-09-01 23:00:00.000000,Northern Lights Regional Health Centre,360,0
2026-09-01 23:00:00.000000,Okotoks Health and Wellness Centre,,0
2026-09-01 23:00:00.000000,Peter Lougheed Centre,463,0
2026-09-01 23:00:00.000000,Red Deer Regional Hospital,172,0
2026-09-01 23:00:00.000000,Rockyview General Hospital,452,0
2026-09-01 23:00:00.000000,Royal Alexandra Hospital,388,0
2026-09-01 23:00:00.000000,Sheldon M. Chumir Centre,210,0
2026-09-01 23:00:00.000000,South Calgary Health Centre,,0
2026-09-01 23:00:00.000000,South Health Campus,468,0
2026-09-01 23:00:00.000000,Stollery Children's Hospital,497,0
2026-09-01 23:00:00.000000,Strathcona Community Hospital,246,0
2026-09-01 23:00:00.000000,Sturgeon Community Hospital,347,0
2026-09-01 23:00:00.000000,University of Alberta Hospital,347,0
2026-09-01 23:00:00.000000,WestView Health Centre,525,0
2026-09-01 23:10:00.000000,Airdrie Community Health Centre,115,0
2026-09-01 23:10:00.000000,Alberta Children's Hospital,199,0
2026-09-01 23:10:00.000000,Chinook Regional Hospital,110,0
2026-09-01 23:10:00.000000,Cochrane Community Health Centre,,0
2026-09-01 23:10:00.000000,Devon General Hospital,432,0
2026-09-01 23:10:00.000000,Foothills Medical Centre,298,0
2026-09-01 23:10:00.000000,Fort Sask Community Hospital,356,0
2026-09-01 23:10:00.000000,Grande Prairie Regional Hospital,481,0
2026-09-01 23:10:00.000000,Grey Nuns Community Hospital,388,0
2026-09-01 23:10:00.000000,Innisfail Health Centre,,1
2026-09-01 23:10:00.000000,Lacombe Hospital and Care Centre,,1
2026-09-01 23:10:00.000000,Leduc Community Hospital,316,0
2026-09-01 23:10:00.000000,Medicine Hat Regional Hospital,198,0
2026-09-01 23:10:00.000000,Misericordia Community Hospital,399,0
2026-09-01 23:10:00.000000,Northeast Community Health Centre,155,0
2026-09-01 23:10:00.000000,Northern Lights Regional Health Centre,303,0
2026-09-01 23:10:00.000000,Okotoks Health and Wellness Centre,,0
2026-09-01 23:10:00.000000,Peter Lougheed Centre,358,0
2026-09-01 23:10:00.000000,Red Deer Regional Hospital,105,0
2026-09-01 23:10:00.000000,Rockyview General Hospital,264,0
2026-09-01 23:10:00.000000,Royal Alexandra Hospital,249,0
2026-09-01 23:10:00.000000,Sheldon M. Chumir Centre,109,0
2026-09-01 23:10:00.000000,South Calgary Health Centre,,0
2026-09-01 23:10:00.000000,South Health Campus,323,0
2026-09-01 23:10:00.000000,Stollery Children's Hospital,459,0
2026-09-01 23:10:00.000000,Strathcona Community Hospital,237,0
2026-09-01 23:10:00.000000,Sturgeon Community Hospital,452,0
2026-09-01 23:10:00.000000,University of Alberta Hospital,322,0
2026-09-01 23:10:00.000000,WestView Health Centre,479,0
2026-09-01 23:20:00.000000,Airdrie Community Health Centre,105,0
2026-09-01 23:20:00.000000,Alberta Children's Hospital,178,0
2026-09-01 23:20:00.000000,Chinook Regional Hospital,100,0
2026-09-01 23:20:00.000000,Cochrane Community Health Centre,,0
2026-09-01 23:20:00.000000,Devon General Hospital,432,0
2026-09-01 23:20:00.000000,Foothills Medical Centre,324,0
2026-09-01 23:20:00.000000,Fort Sask Community Hospital,356,0
2026-09-01 23:20:00.000000,Grande Prairie Regional Hospital,488,0
2026-09-01 23:20:00.000000,Grey Nuns Community Hospital,399,0
2026-09-01 23:20:00.000000,Innisfail Health Centre,,1
2026-09-01 23:20:00.000000,Lacombe Hospital and Care Centre,,1
2026-09-01 23:20:00.000000,Leduc Community Hospital,271,0
2026-09-01 23:20:00.000000,Medicine Hat Regional Hospital,226,0
2026-09-01 23:20:00.000000,Misericordia Community Hospital,413,0
2026-09-01 23:20:00.000000,Northeast Community Health Centre,160,0
2026-09-01 23:20:00.000000,Northern Lights Regional Health Centre,303,0
2026-09-01 23:20:00.000000,Okotoks Health and Wellness Centre,,0
2026-09-01 23:20:00.000000,Peter Lougheed Centre,357,0
2026-09-01 23:20:00.000000,Red Deer Regional Hospital,123,0
2026-09-01 23:20:00.000000,Rockyview General Hospital,279,0
2026-09-01 23:20:00.000000,Royal Alexandra Hospital,244,0
2026-09-01 23:20:00.000000,Sheldon M. Chumir Centre,112,0
2026-09-01 23:20:00.000000,South Calgary Health Centre,,0
2026-09-01 23:20:00.000000,South Health Campus,331,0
2026-09-01 23:20:00.000000,Stollery Children's Hospital,482,0
2026-09-01 23:20:00.000000,Strathcona Community Hospital,268,0
2026-09-01 23:20:00.000000,Sturgeon Community Hospital,460,0
2026-09-01 23:20:00.000000,University of Alberta Hospital,322,0
2026-09-01 23:20:00.000000,WestView Health Centre,496,0
2026-09-01 23:30:00.000000,Airdrie Community Health Centre,84,0
2026-09-01 23:30:00.000000,Alberta Children's Hospital,181,0
2026-09-01 23:30:00.000000,Chinook Regional Hospital,96,0
2026-09-01 23:30:00.000000,Cochrane Community Health Centre,,0
2026-09-01 23:30:00.000000,Devon General Hospital,432,0
2026-09-01 23:30:00.000000,Foothills Medical Centre,349,0
2026-09-01 23:30:00.000000,Fort Sask Community Hospital,356,0
2026-09-01 23:30:00.000000,Grande Prairie Regional Hospital,438,0
2026-09-01 23:30:00.000000,Grey Nuns Community Hospital,399,0
2026-09-01 23:30:00.000000,Innisfail Health Centre,,1
2026-09-01 23:30:00.000000,Lacombe Hospital and Care Centre,,1
2026-09-01 23:30:00.000000,Leduc Community Hospital,248,0
2026-09-01 23:30:00.000000,Medicine Hat Regional Hospital,233,0
2026-09-01 23:30:00.000000,Misericordia Community Hospital,421,0
2026-09-01 23:30:00.000000,Northeast Community Health Centre,186,0
2026-09-01 23:30:00.000000,Northern Lights Regional Health Centre,325,0
2026-09-01 23:30:00.000000,Okotoks Health and Wellness Centre,,0
2026-09-01 23:30:00.000000,Peter Lougheed Centre,369,0
2026-09-01 23:30:00.000000,Red Deer Regional Hospital,115,0
2026-09-01 23:30:00.000000,Rockyview General Hospital,269,0
2026-09-01 23:30:00.000000,Royal Alexandra Hospital,233,0
2026-09-01 23:30:00.000000,Sheldon M. Chumir Centre,128,0
2026-09-01 23:30:00.000000,South Calgary Health Centre,,0
2026-09-01 23:30:00.000000,South Health Campus,325,0
2026-09-01 23:30:00.000000,Stollery Children's Hospital,474,0
2026-09-01 23:30:00.000000,Strathcona Community Hospital,252,0
2026-09-01 23:30:00.000000,Sturgeon Community Hospital,489,0
2026-09-01 23:30:00.000000,University of Alberta Hospital,335,0
2026-09-01 23:30:00.000000,WestView Health Centre,478,0
2026-09-01 23:40:00.000000,Airdrie Community Health Centre,101,0
2026-09-01 23:40:00.000000,Alberta Children's Hospital,177,0
2026-09-01 23:40:00.000000,Chinook Regional Hospital,78,0
2026-09-01 23:40:00.000000,Cochrane Community Health Centre,,0
2026-09-01 23:40:00.000000,Devon General Hospital,510,0
2026-09-01 23:40:00.000000,Foothills Medical Centre,321,0
2026-09-01 23:40:00.000000,Fort Sask Community Hospital,356,0
2026-09-01 23:40:00.000000,Grande Prairie Regional Hospital,407,0
2026-09-01 23:40:00.000000,Grey Nuns Community Hospital,399,0
2026-09-01 23:40:00.000000,Innisfail Health Centre,,1
2026-09-01 23:40:00.000000,Lacombe Hospital and Care Centre,,1
2026-09-01 23:40:00.000000,Leduc Community Hospital,248,0
2026-09-01 23:40:00.000000,Medicine Hat Regional Hospital,198,0
2026-09-01 23:40:00.000000,Misericordia Community Hospital,410,0
2026-09-01 23:40:00.000000,Northeast Community Health Centre,194,0
2026-09-01 23:40:00.000000,Northern Lights Regional Health Centre,336,0
2026-09-01 23:40:00.000000,Okotoks Health and Wellness Centre,,0
2026-09-01 23:40:00.000000,Peter Lougheed Centre,384,0
2026-09-01 23:40:00.000000,Red Deer Regional Hospital,131,0
2026-09-01 23:40:00.000000,Rockyview General Hospital,264,0
2026-09-01 23:40:00.000000,Royal Alexandra Hospital,242,0
2026-09-01 23:40:00.000000,Sheldon M. Chumir Centre,186,0
2026-09-01 23:40:00.000000,South Calgary Health Centre,,0
2026-09-01 23:40:00.000000,South Health Campus,323,0
2026-09-01 23:40:00.000000,Stollery Children's Hospital,467,0
2026-09-01 23:40:00.000000,Strathcona Community Hospital,268,0
2026-09-01 23:40:00.000000,Sturgeon Community Hospital,479,0
2026-09-01 23:40:00.000000,University of Alberta Hospital,334,0
2026-09-01 23:40:00.000000,WestView Health Centre,498,0
2026-09-01 23:50:00.000000,Airdrie Community Health Centre,119,0
2026-09-01 23:50:00.000000,Alberta Children's Hospital,182,0
2026-09-01 23:50:00.000000,Chinook Regional Hospital,68,0
2026-09-01 23:50:00.000000,Cochrane Community Health Centre,,0
2026-09-01 23:50:00.000000,Devon General Hospital,432,0
2026-09-01 23:50:00.000000,Foothills Medical Centre,337,0
2026-09-01 23:50:00.000000,Fort Sask Community Hospital,356,0
2026-09-01 23:50:00.000000,Grande Prairie Regional Hospital,385,0
2026-09-01 23:50:00.000000,Grey Nuns Community Hospital,399,0
2026-09-01 23:50:00.000000,Innisfail Health Centre,,1
2026-09-01 23:50:00.000000,Lacombe Hospital and Care Centre,,1
2026-09-01 23:50:00.000000,Leduc Community Hospital,271,0
2026-09-01 23:50:00.000000,Medicine Hat Regional Hospital,205,0
2026-09-01 23:50:00.000000,Misericordia Community Hospital,374,0
2026-09-01 23:50:00.000000,Northeast Community Health Centre,209,0
2026-09-01 23:50:00.000000,Northern Lights Regional Health Centre,327,0
2026-09-01 23:50:00.000000,Okotoks Health and Wellness Centre,,0
2026-09-01 23:50:00.000000,Peter Lougheed Centre,384,0
2026-09-01 23:50:00.000000,Red Deer Regional Hospital,124,0
2026-09-01 23:50:00.000000,Rockyview General Hospital,255,0
2026-09-01 23:50:00.000000,Royal Alexandra Hospital,237,0
2026-09-01 23:50:00.000000,Sheldon M. Chumir Centre,237,0
2026-09-01 23:50:00.000000,South Calgary Health Centre,,0
2026-09-01 23:50:00.000000,South Health Campus,331,0
2026-09-01 23:50:00.000000,Stollery Children's Hospital,474,0
2026-09-01 23:50:00.000000,Strathcona Community Hospital,252,0
2026-09-01 23:50:00.000000,Sturgeon Community Hospital,486,0
2026-09-01 23:50:00.000000,University of Alberta Hospital,322,0
2026-09-01 23:50:00.000000,WestView Health Centre,547,0
2026-09-02 00:00:00.000000,Airdrie Community Health Centre,109,0
2026-09-02 00:00:00.000000,Alberta Children's Hospital,179,0
2026-09-02 00:00:00.000000,Chinook Regional Hospital,65,0
2026-09-02 00:00:00.000000,Cochrane Community Health Centre,,0
2026-09-02 00:00:00.000000,Devon General Hospital,393,0
2026-09-02 00:00:00.000000,Foothills Medical Centre,385,0
2026-09-02 00:00:00.000000,Fort Sask Community Hospital,356,0
2026-09-02 00:00:00.000000,Grande Prairie Regional Hospital,392,0
2026-09-02 00:00:00.000000,Grey Nuns Community Hospital,410,0
2026-09-02 00:00:00.000000,Innisfail Health Centre,,1
2026-09-02 00:00:00.000000,Lacombe Hospital and Care Centre,,1
2026-09-02 00:00:00.000000,Leduc Community Hospital,293,0
2026-09-02 00:00:00.000000,Medicine Hat Regional Hospital,212,0
2026-09-02 00:00:00.000000,Misericordia Community Hospital,374,0
2026-09-02 00:00:00.000000,Northeast Community Health Centre,182,0
2026-09-02 00:00:00.000000,Northern Lights Regional Health Centre,311,0
2026-09-02 00:00:00.000000,Okotoks Health and Wellness Centre,,0
2026-09-02 00:00:00.000000,Peter Lougheed Centre,409,0
2026-09-02 00:00:00.000000,Red Deer Regional Hospital,80,0
2026-09-02 00:00:00.000000,Rockyview General Hospital,271,0
2026-09-02 00:00:00.000000,Royal Alexandra Hospital,219,0
2026-09-02 00:00:00.000000,Sheldon M. Chumir Centre,251,0
2026-09-02 00:00:00.000000,South Calgary Health Centre,,0
2026-09-02 00:00:00.000000,South Health Campus,339,0
2026-09-02 00:00:00.000000,Stollery Children's Hospital,482,0
2026-09-02 00:00:00.000000,Strathcona Community Hospital,221,0
2026-09-02 00:00:00.000000,Sturgeon Community Hospital,532,0
2026-09-02 00:00:00.000000,University of Alberta Hospital,311,0
2026-09-02 00:00:00.000000,WestView Health Centre,530,0
2026-09-02 00:10:00.000000,Airdrie Community Health Centre,101,0
2026-09-02 00:10:00.000000,Alberta Children's Hospital,168,0
2026-09-02 00:10:00.000000,Chinook Regional Hospital,63,0
2026-09-02 00:10:00.000000,Cochrane Community Health Centre,,0
2026-09-02 00:10:00.000000,Devon General Hospital,353,0
2026-09-02 00:10:00.000000,Foothills Medical Centre,378,0
2026-09-02 00:10:00.000000,Fort Sask Community Hospital,356,0
2026-09-02 00:10:00.000000,Grande Prairie Regional Hospital,388,0
2026-09-02 00:10:00.000000,Grey Nuns Community Hospital,421,0
2026-09-02 00:10:00.000000,Innisfail Health Centre,,1
2026-09-02 00:10:00.000000,Lacombe Hospital and Care Centre,,1
2026-09-02 00:10:00.000000,Leduc Community Hospital,293,0
2026-09-02 00:10:00.000000,Medicine Hat Regional Hospital,241,0
2026-09-02 00:10:00.000000,Misericordia Community Hospital,392,0
2026-09-02 00:10:00.000000,Northeast Community Health Centre,177,0
2026-09-02 00:10:00.000000,Northern Lights Regional Health Centre,276,0
2026-09-02 00:10:00.000000,Okotoks Health and Wellness Centre,,0
2026-09-02 00:10:00.000000,Peter Lougheed Centre,418,0
2026-09-02 00:10:00.000000,Red Deer Regional Hospital,107,0
2026-09-02 00:10:00.000000,Rockyview General Hospital,300,0
2026-09-02 00:10:00.000000,Royal Alexandra Hospital,229,0
2026-09-02 00:10:00.000000,Sheldon M. Chumir Centre,265,0
2026-09-02 00:10:00.000000,South Calgary Health Centre,,0
2026-09-02 00:10:00.000000,South Health Campus,374,0
2026-09-02 00:10:00.000000,Stollery Children's Hospital,475,0
2026-09-02 00:10:00.000000,Strathcona Community Hospital,252,0
2026-09-02 00:10:00.000000,Sturgeon Community Hospital,535,0
2026-09-02 00:10:00.000000,University of Alberta Hospital,311,0
2026-09-02 00:10:00.000000,WestView Health Centre,540,0
2026-09-02 00:20:00.000000,Airdrie Community Health Centre,91,0
2026-09-02 00:20:00.000000,Alberta Children's Hospital,165,0
2026-09-02 00:20:00.000000,Chinook Regional Hospital,63,0
2026-09-02 00:20:00.000000,Cochrane Community Health Centre,,0
2026-09-02 00:20:00.000000,Devon General Hospital,353,0
2026-09-02 00:20:00.000000,Foothills Medical Centre,400,0
2026-09-02 00:20:00.000000,Fort Sask Community Hospital,356,0
2026-09-02 00:20:00.000000,Grande Prairie Regional Hospital,385,0
2026-09-02 00:20:00.000000,Grey Nuns Community Hospital,421,0
2026-09-02 00:20:00.000000,Innisfail Health Centre,,1
2026-09-02 00:20:00.000000,Lacombe Hospital and Care Centre,,1
2026-09-02 00:20:00.000000,Leduc Community Hospital,271,0
2026-09-02 00:20:00.000000,Medicine Hat Regional Hospital,205,0
2026-09-02 00:20:00.000000,Misericordia Community Hospital,374,0
2026-09-02 00:20:00.000000,Northeast Community Health Centre,208,0
2026-09-02 00:20:00.000000,Northern Lights Regional Health Centre,248,0
2026-09-02 00:20:00.000000,Okotoks Health and Wellness Centre,,0
2026-09-02 00:20:00.000000,Peter Lougheed Centre,378,0
2026-09-02 00:20:00.000000,Red Deer Regional Hospital,113,0
2026-09-02 00:20:00.000000,Rockyview General Hospital,299,0
2026-09-02 00:20:00.000000,Royal Alexandra Hospital,217,0
2026-09-02 00:20:00.000000,Sheldon M. Chumir Centre,273,0
2026-09-02 00:20:00.000000,South Calgary Health Centre,,0
2026-09-02 00:20:00.000000,South Health Campus,356,0
2026-09-02 00:20:00.000000,Stollery Children's Hospital,451,0
2026-09-02 00:20:00.000000,Strathcona Community Hospital,237,0
2026-09-02 00:20:00.000000,Sturgeon Community Hospital,527,0
2026-09-02 00:20:00.000000,University of Alberta Hospital,322,0
2026-09-02 00:20:00.000000,WestView Health Centre,540,0
2026-09-02 00:30:00.000000,Airdrie Community Health Centre,130,0
2026-09-02 00:30:00.000000,Alberta Children's Hospital,195,0
2026-09-02 00:30:00.000000,Chinook Regional Hospital,63,0
2026-09-02 00:30:00.000000,Cochrane Community Health Centre,,0
2026-09-02 00:30:00.000000,Devon General Hospital,314,0
2026-09-02 00:30:00.000000,Foothills Medical Centre,388,0
2026-09-02 00:30:00.000000,Fort Sask Community Hospital,356,0
2026-09-02 00:30:00.000000,Grande Prairie Regional Hospital,392,0
2026-09-02 00:30:00.000000,Grey Nuns Community Hospital,410,0
2026-09-02 00:30:00.000000,Innisfail Health Centre,,1
2026-09-02 00:30:00.000000,Lacombe Hospital and Care Centre,,1
2026-09-02 00:30:00.000000,Leduc Community Hospital,271,0
2026-09-02 00:30:00.000000,Medicine Hat Regional Hospital,212,0
2026-09-02 00:30:00.000000,Misericordia Community Hospital,392,0
2026-09-02 00:30:00.000000,Northeast Community Health Centre,184,0
2026-09-02 00:30:00.000000,Northern Lights Regional Health Centre,234,0
2026-09-02 00:30:00.000000,Okotoks Health and Wellness Centre,,0
2026-09-02 00:30:00.000000,Peter Lougheed Centre,386,0
2026-09-02 00:30:00.000000,Red Deer Regional Hospital,51,0
2026-09-02 00:30:00.000000,Rockyview General Hospital,312,0
2026-09-02 00:30:00.000000,Royal Alexandra Hospital,230,0
2026-09-02 00:30:00.000000,Sheldon M. Chumir Centre,280,0
2026-09-02 00:30:00.000000,South Calgary Health Centre,,0
2026-09-02 00:30:00.000000,South Health Campus,352,0
2026-09-02 00:30:00.000000,Stollery Children's Hospital,458,0
2026-09-02 00:30:00.000000,Strathcona Community Hospital,241,0
2026-09-02 00:30:00.000000,Sturgeon Community Hospital,546,0
2026-09-02 00:30:00.000000,University of Alberta Hospital,314,0
2026-09-02 00:30:00.000000,WestView Health Centre,540,0
2026-09-02 00:40:00.000000,Airdrie Community Health Centre,175,0
2026-09-02 00:40:00.000000,Alberta Children's Hospital,172,0
2026-09-02 00:40:00.000000,Chinook Regional Hospital,65,0
2026-09-02 00:40:00.000000,Cochrane Community Health Centre,,0
2026-09-02 00:40:00.000000,Devon General Hospital,314,0
2026-09-02 00:40:00.000000,Foothills Medical Centre,410,0
2026-09-02 00:40:00.000000,Fort Sask Community Hospital,324,0
2026-09-02 00:40:00.000000,Grande Prairie Regional Hospital,398,0
2026-09-02 00:40:00.000000,Grey Nuns Community Hospital,432,0
2026-09-02 00:40:00.000000,Innisfail Health Centre,,1
2026-09-02 00:40:00.000000,Lacombe Hospital and Care Centre,,1
2026-09-02 00:40:00.000000,Leduc Community Hospital,293,0
2026-09-02 00:40:00.000000,Medicine Hat Regional Hospital,197,0
2026-09-02 00:40:00.000000,Misericordia Community Hospital,394,0
2026-09-02 00:40:00.000000,Northeast Community Health Centre,184,0
2026-09-02 00:40:00.000000,Northern Lights Regional Health Centre,248,0
2026-09-02 00:40:00.000000,Okotoks Health and Wellness Centre,,0
2026-09-02 00:40:00.000000,Peter Lougheed Centre,418,0
2026-09-02 00:40:00.000000,Red Deer Regional Hospital,51,0
2026-09-02 00:40:00.000000,Rockyview General Hospital,323,0
2026-09-02 00:40:00.000000,Royal Alexandra Hospital,236,0
2026-09-02 00:40:00.000000,Sheldon M. Chumir Centre,287,0
2026-09-02 00:40:00.000000,South Calgary Health Centre,,0
2026-09-02 00:40:00.000000,South Health Campus,347,0
2026-09-02 00:40:00.000000,Stollery Children's Hospital,450,0
2026-09-02 00:40:00.000000,Strathcona Community Hospital,253,0
2026-09-02 00:40:00.000000,Sturgeon Community Hospital,551,0
2026-09-02 00:40:00.000000,University of Alberta Hospital,317,0
2026-09-02 00:40:00.000000,WestView Health Centre,574,0
2026-09-02 00:50:00.000000,Airdrie Community Health Centre,228,0
2026-09-02 00:50:00.000000,Alberta Children's Hospital,203,0
2026-09-02 00:50:00.000000,Chinook Regional Hospital,74,0
2026-09-02 00:50:00.000000,Cochrane Community Health Centre,,0
2026-09-02 00:50:00.000000,Devon General Hospital,314,0
2026-09-02 00:50:00.000000,Foothills Medical Centre,437,0
2026-09-02 00:50:00.000000,Fort Sask Community Hospital,324,0
2026-09-02 00:50:00.000000,Grande Prairie Regional Hospital,367,0
2026-09-02 00:50:00.000000,Grey Nuns Community Hospital,421,0
2026-09-02 00:50:00.000000,Innisfail Health Centre,,1
2026-09-02 00:50:00.000000,Lacombe Hospital and Care Centre,,1
2026-09-02 00:50:00.000000,Leduc Community Hospital,293,0
2026-09-02 00:50:00.000000,Medicine Hat Regional Hospital,162,0
2026-09-02 00:50:00.000000,Misericordia Community Hospital,424,0
2026-09-02 00:50:00.000000,Northeast Community Health Centre,144,0
2026-09-02 00:50:00.000000,Northern Lights Regional Health Centre,262,0
2026-09-02 00:50:00.000000,Okotoks Health and Wellness Centre,,0
2026-09-02 00:50:00.000000,Peter Lougheed Centre,378,0
2026-09-02 00:50:00.000000,Red Deer Regional Hospital,52,0
2026-09-02 00:50:00.000000,Rockyview General Hospital,300,0
2026-09-02 00:50:00.000000,Royal Alexandra Hospital,236,0
2026-09-02 00:50:00.000000,Sheldon M. Chumir Centre,260,0
2026-09-02 00:50:00.000000,South Calgary Health Centre,,0
2026-09-02 00:50:00.000000,South Health Campus,345,0
2026-09-02 00:50:00.000000,Stollery Children's Hospital,412,0
2026-09-02 00:50:00.000000,Strathcona Community Hospital,291,0
2026-09-02 00:50:00.000000,Sturgeon Community Hospital,503,0
2026-09-02 00:50:00.000000,University of Alberta Hospital,316,0
2026-09-02 00:50:00.000000,WestView Health Centre,506,0
2026-09-02 01:00:00.000000,Airdrie Community Health Centre,160,0
2026-09-02 01:00:00.000000,Alberta Children's Hospital,253,0
2026-09-02 01:00:00.000000,Chinook Regional Hospital,95,0
2026-09-02 01:00:00.000000,Cochrane Community Health Centre,,0
2026-09-02 01:00:00.000000,Devon General Hospital,275,0
2026-09-02 01:00:00.000000,Foothills Medical Centre,447,0
2026-09-02 01:00:00.000000,Fort Sask Community Hospital,291,0
2026-09-02 01:00:00.000000,Grande Prairie Regional Hospital,363,0
2026-09-02 01:00:00.000000,Grey Nuns Community Hospital,410,0
2026-09-02 01:00:00.000000,Innisfail Health Centre,,1
2026-09-02 01:00:00.000000,Lacombe Hospital and Care Centre,,1
2026-09-02 01:00:00.000000,Leduc Community Hospital,293,0
2026-09-02 01:00:00.000000,Medicine Hat Regional Hospital,169,0
2026-09-02 01:00:00.000000,Misericordia Community Hospital,377,0
2026-09-02 01:00:00.000000,Northeast Community Health Centre,164,0
2026-09-02 01:00:00.000000,Northern Lights Regional Health Centre,248,0
2026-09-02 01:00:00.000000,Okotoks Health and Wellness Centre,,0
2026-09-02 01:00:00.000000,Peter Lougheed Centre,381,0
2026-09-02 01:00:00.000000,Red Deer Regional Hospital,41,0
2026-09-02 01:00:00.000000,Rockyview General Hospital,262,0
2026-09-02 01:00:00.000000,Royal Alexandra Hospital,230,0
2026-09-02 01:00:00.000000,Sheldon M. Chumir Centre,267,0
2026-09-02 01:00:00.000000,South Calgary Health Centre,,0
2026-09-02 01:00:00.000000,South Health Campus,340,0
2026-09-02 01:00:00.000000,Stollery Children's Hospital,419,0
2026-09-02 01:00:00.000000,Strathcona Community Hospital,302,0
2026-09-02 01:00:00.000000,Sturgeon Community Hospital,508,0
2026-09-02 01:00:00.000000,University of Alberta Hospital,320,0
2026-09-02 01:00:00.000000,WestView Health Centre,540,0
2026-09-02 01:10:00.000000,Airdrie Community Health Centre,201,0
2026-09-02 01:10:00.000000,Alberta Children's Hospital,267,0
2026-09-02 01:10:00.000000,Chinook Regional Hospital,101,0
2026-09-02 01:10:00.000000,Cochrane Community Health Centre,,0
2026-09-02 01:10:00.000000,Devon General Hospital,275,0
2026-09-02 01:10:00.000000,Foothills Medical Centre,455,0
2026-09-02 01:10:00.000000,Fort Sask Community Hospital,291,0
2026-09-02 01:10:00.000000,Grande Prairie Regional Hospital,361,0
2026-09-02 01:10:00.000000,Grey Nuns Community Hospital,410,0
2026-09-02 01:10:00.000000,Innisfail Health Centre,,1
2026-09-02 01:10:00.000000,Lacombe Hospital and Care Centre,,1
2026-09-02 01:10:00.000000,Leduc Community Hospital,293,0
2026-09-02 01:10:00.000000,Medicine Hat Regional Hospital,151,0
2026-09-02 01:10:00.000000,Misericordia Community Hospital,385,0
2026-09-02 01:10:00.000000,Northeast Community Health Centre,156,0
2026-09-02 01:10:00.000000,Northern Lights Regional Health Centre,248,0
2026-09-02 01:10:00.000000,Okotoks Health and Wellness Centre,,0
2026-09-02 01:10:00.000000,Peter Lougheed Centre,383,0
2026-09-02 01:10:00.000000,Red Deer Regional Hospital,31,0
2026-09-02 01:10:00.000000,Rockyview General Hospital,284,0
2026-09-02 01:10:00.000000,Royal Alexandra Hospital,241,0
2026-09-02 01:10:00.000000,Sheldon M. Chumir Centre,274,0
2026-09-02 01:10:00.000000,South Calgary Health Centre,,0
2026-09-02 01:10:00.000000,South Health Campus,333,0
2026-09-02 01:10:00.000000,Stollery Children's Hospital,396,0
2026-09-02 01:10:00.000000,Strathcona Community Hospital,314,0
2026-09-02 01:10:00.000000,Sturgeon Community Hospital,483,0
2026-09-02 01:10:00.000000,University of Alberta Hospital,329,0
2026-09-02 01:10:00.000000,WestView Health Centre,540,0
2026-09-02 01:20:00.000000,Airdrie Community Health Centre,210,0
2026-09-02 01:20:00.000000,Alberta Children's Hospital,296,0
2026-09-02 01:20:00.000000,Chinook Regional Hospital,108,0
2026-09-02 01:20:00.000000,Cochrane Community Health Centre,,0
2026-09-02 01:20:00.000000,Devon General Hospital,275,0
2026-09-02 01:20:00.000000,Foothills Medical Centre,417,0
2026-09-02 01:20:00.000000,Fort Sask Community Hospital,291,0
2026-09-02 01:20:00.000000,Grande Prairie Regional Hospital,339,0
2026-09-02 01:20:00.000000,Grey Nuns Community Hospital,410,0
2026-09-02 01:20:00.000000,Innisfail Health Centre,,1
2026-09-02 01:20:00.000000,Lacombe Hospital and Care Centre,,1
2026-09-02 01:20:00.000000,Leduc Community Hospital,293,0
2026-09-02 01:20:00.000000,Medicine Hat Regional Hospital,129,0
2026-09-02 01:20:00.000000,Misericordia Community Hospital,376,0
2026-09-02 01:20:00.000000,Northeast Community Health Centre,211,0
2026-09-02 01:20:00.000000,Northern Lights Regional Health Centre,262,0
2026-09-02 01:20:00.000000,Okotoks Health and Wellness Centre,,0
2026-09-02 01:20:00.000000,Peter Lougheed Centre,360,0
2026-09-02 01:20:00.000000,Red Deer Regional Hospital,31,0
2026-09-02 01:20:00.000000,Rockyview General Hospital,304,0
2026-09-02 01:20:00.000000,Royal Alexandra Hospital,236,0
2026-09-02 01:20:00.000000,Sheldon M. Chumir Centre,282,0
2026-09-02 01:20:00.000000,South Calgary Health Centre,,0
2026-09-02 01:20:00.000000,South Health Campus,337,0
2026-09-02 01:20:00.000000,Stollery Children's Hospital,419,0
2026-09-02 01:20:00.000000,Strathcona Community Hospital,324,0
2026-09-02 01:20:00.000000,Sturgeon Community Hospital,483,0
2026-09-02 01:20:00.000000,University of Alberta Hospital,349,0
2026-09-02 01:20:00.000000,WestView Health Centre,506,0
2026-09-02 01:30:00.000000,Airdrie Community Health Centre,248,0
2026-09-02 01:30:00.000000,Alberta Children's Hospital,246,0
2026-09-02 01:30:00.000000,Chinook Regional Hospital,115,0
2026-09-02 01:30:00.000000,Cochrane Community Health Centre,,0
2026-09-02 01:30:00.000000,Devon General Hospital,235,0
2026-09-02 01:30:00.000000,Foothills Medical Centre,424,0
2026-09-02 01:30:00.000000,Fort Sask Community Hospital,291,0
2026-09-02 01:30:00.000000,Grande Prairie Regional Hospital,336,0
2026-09-02 01:30:00.000000,Grey Nuns Community Hospital,399,0
2026-09-02 01:30:00.000000,Innisfail Health Centre,,1
2026-09-02 01:30:00.000000,Lacombe Hospital and Care Centre,,1
2026-09-02 01:30:00.000000,Leduc Community Hospital,248,0
2026-09-02 01:30:00.000000,Medicine Hat Regional Hospital,108,0
2026-09-02 01:30:00.000000,Misericordia Community Hospital,404,0
2026-09-02 01:30:00.000000,Northeast Community Health Centre,265,0
2026-09-02 01:30:00.000000,Northern Lights Regional Health Centre,248,0
2026-09-02 01:30:00.000000,Okotoks Health and Wellness Centre,,0
2026-09-02 01:30:00.000000,Peter Lougheed Centre,354,0
2026-09-02 01:30:00.000000,Red Deer Regional Hospital,37,0
2026-09-02 01:30:00.000000,Rockyview General Hospital,314,0
2026-09-02 01:30:00.000000,Royal Alexandra Hospital,241,0
2026-09-02 01:30:00.000000,Sheldon M. Chumir Centre,308,0
2026-09-02 01:30:00.000000,South Calgary Health Centre,,0
2026-09-02 01:30:00.000000,South Health Campus,328,0
2026-09-02 01:30:00.000000,Stollery Children's Hospital,439,0
2026-09-02 01:30:00.000000,Strathcona Community Hospital,312,0
2026-09-02 01:30:00.000000,Sturgeon Community Hospital,456,0
2026-09-02 01:30:00.000000,University of Alberta Hospital,354,0
2026-09-02 01:30:00.000000,WestView Health Centre,506,0
2026-09-02 01:40:00.000000,Airdrie Community Health Centre,257,0
2026-09-02 01:40:00.000000,Alberta Children's Hospital,259,0
2026-09-02 01:40:00.000000,Chinook Regional Hospital,122,0
2026-09-02 01:40:00.000000,Cochrane Community Health Centre,,0
2026-09-02 01:40:00.000000,Devon General Hospital,235,0
2026-09-02 01:40:00.000000,Foothills Medical Centre,444,0
2026-09-02 01:40:00.000000,Fort Sask Community Hospital,291,0
2026-09-02 01:40:00.000000,Grande Prairie Regional Hospital,333,0
2026-09-02 01:40:00.000000,Grey Nuns Community Hospital,378,0
2026-09-02 01:40:00.000000,Innisfail Health Centre,,1
2026-09-02 01:40:00.000000,Lacombe Hospital and Care Centre,,1
2026-09-02 01:40:00.000000,Leduc Community Hospital,203,0
2026-09-02 01:40:00.000000,Medicine Hat Regional Hospital,108,0
2026-09-02 01:40:00.000000,Misericordia Community Hospital,413,0
2026-09-02 01:40:00.000000,Northeast Community Health Centre,304,0
2026-09-02 01:40:00.000000,Northern Lights Regional Health Centre,261,0
2026-09-02 01:40:00.000000,Okotoks Health and Wellness Centre,,0
2026-09-02 01:40:00.000000,Peter Lougheed Centre,366,0
2026-09-02 01:40:00.000000,Red Deer Regional Hospital,44,0
2026-09-02 01:40:00.000000,Rockyview General Hospital,335,0
2026-09-02 01:40:00.000000,Royal Alexandra Hospital,246,0
2026-09-02 01:40:00.000000,Sheldon M. Chumir Centre,297,0
2026-09-02 01:40:00.000000,South Calgary Health Centre,,0
2026-09-02 01:40:00.000000,South Health Campus,320,0
2026-09-02 01:40:00.000000,Stollery Children's Hospital,387,0
2026-09-02 01:40:00.000000,Strathcona Community Hospital,372,0
2026-09-02 01:40:00.000000,Sturgeon Community Hospital,414,0
2026-09-02 01:40:00.000000,University of Alberta Hospital,351,0
2026-09-02 01:40:00.000000,WestView Health Centre,506,0
2026-09-02 01:50:00.000000,Airdrie Community Health Centre,209,0
2026-09-02 01:50:00.000000,Alberta Children's Hospital,255,0
2026-09-02 01:50:00.000000,Chinook Regional Hospital,128,0
2026-09-02 01:50:00.000000,Cochrane Community Health Centre,,0
2026-09-02 01:50:00.000000,Devon General Hospital,275,0
2026-09-02 01:50:00.000000,Foothills Medical Centre,451,0
2026-09-02 01:50:00.000000,Fort Sask Community Hospital,259,0
2026-09-02 01:50:00.000000,Grande Prairie Regional Hospital,330,0
2026-09-02 01:50:00.000000,Grey Nuns Community Hospital,378,0
2026-09-02 01:50:00.000000,Innisfail Health Centre,,1
2026-09-02 01:50:00.000000,Lacombe Hospital and Care Centre,,1
2026-09-02 01:50:00.000000,Leduc Community Hospital,180,0
2026-09-02 01:50:00.000000,Medicine Hat Regional Hospital,108,0
2026-09-02 01:50:00.000000,Misericordia Community Hospital,421,0
2026-09-02 01:50:00.000000,Northeast Community Health Centre,282,0
2026-09-02 01:50:00.000000,Northern Lights Regional Health Centre,248,0
2026-09-02 01:50:00.000000,Okotoks Health and Wellness Centre,,0
2026-09-02 01:50:00.000000,Peter Lougheed Centre,360,0
2026-09-02 01:50:00.000000,Red Deer Regional Hospital,51,0
2026-09-02 01:50:00.000000,Rockyview General Hospital,330,0
2026-09-02 01:50:00.000000,Royal Alexandra Hospital,246,0
2026-09-02 01:50:00.000000,Sheldon M. Chumir Centre,299,0
2026-09-02 01:50:00.000000,South Calgary Health Centre,,0
2026-09-02 01:50:00.000000,South Health Campus,286,0
2026-09-02 01:50:00.000000,Stollery Children's Hospital,395,0
2026-09-02 01:50:00.000000,Strathcona Community Hospital,383,0
2026-09-02 01:50:00.000000,Sturgeon Community Hospital,386,0
2026-09-02 01:50:00.000000,University of Alberta Hospital,349,0
2026-09-02 01:50:00.000000,WestView Health Centre,506,0
2026-09-02 02:00:00.000000,Airdrie Community Health Centre,220,0
2026-09-02 02:00:00.000000,Alberta Children's Hospital,255,0
2026-09-02 02:00:00.000000,Chinook Regional Hospital,109,0
2026-09-02 02:00:00.000000,Cochrane Community Health Centre,,0
2026-09-02 02:00:00.000000,Devon General Hospital,275,0
2026-09-02 02:00:00.000000,Foothills Medical Centre,425,0
2026-09-02 02:00:00.000000,Fort Sask Community Hospital,259,0
2026-09-02 02:00:00.000000,Grande Prairie Regional Hospital,317,0
2026-09-02 02:00:00.000000,Grey Nuns Community Hospital,356,0
2026-09-02 02:00:00.000000,Innisfail Health Centre,,1
2026-09-02 02:00:00.000000,Lacombe Hospital and Care Centre,,1
2026-09-02 02:00:00.000000,Leduc Community Hospital,180,0
2026-09-02 02:00:00.000000,Medicine Hat Regional Hospital,86,0
2026-09-02 02:00:00.000000,Misericordia Community Hospital,450,0
2026-09-02 02:00:00.000000,Northeast Community Health Centre,271,0
2026-09-02 02:00:00.000000,Northern Lights Regional Health Centre,220,0
2026-09-02 02:00:00.000000,Okotoks Health and Wellness Centre,,0
2026-09-02 02:00:00.000000,Peter Lougheed Centre,371,0
2026-09-02 02:00:00.000000,Red Deer Regional Hospital,59,0
2026-09-02 02:00:00.000000,Rockyview General Hospital,327,0
2026-09-02 02:00:00.000000,Royal Alexandra Hospital,236,0
2026-09-02 02:00:00.000000,Sheldon M. Chumir Centre,299,0
2026-09-02 02:00:00.000000,South Calgary Health Centre,,0
2026-09-02 02:00:00.000000,South Health Campus,265,0
2026-09-02 02:00:00.000000,Stollery Children's Hospital,386,0
2026-09-02 02:00:00.000000,Strathcona Community Hospital,325,0
2026-09-02 02:00:00.000000,Sturgeon Community Hospital,373,0
2026-09-02 02:00:00.000000,University of Alberta Hospital,363,0
2026-09-02 02:00:00.000000,WestView Health Centre,473,0
2026-09-02 02:10:00.000000,Airdrie Community Health Centre,251,0
2026-09-02 02:10:00.000000,Alberta Children's Hospital,248,0
2026-09-02 02:10:00.000000,Chinook Regional Hospital,112,0
2026-09-02 02:10:00.000000,Cochrane Community Health Centre,,0
2026-09-02 02:10:00.000000,Devon General Hospital,275,0
2026-09-02 02:10:00.000000,Foothills Medical Centre,442,0
2026-09-02 02:10:00.000000,Fort Sask Community Hospital,259,0
2026-09-02 02:10:00.000000,Grande Prairie Regional Hospital,314,0
2026-09-02 02:10:00.000000,Grey Nuns Community Hospital,345,0
2026-09-02 02:10:00.000000,Innisfail Health Centre,,1
2026-09-02 02:10:00.000000,Lacombe Hospital and Care Centre,,1
2026-09-02 02:10:00.000000,Leduc Community Hospital,180,0
2026-09-02 02:10:00.000000,Medicine Hat Regional Hospital,86,0
2026-09-02 02:10:00.000000,Misericordia Community Hospital,458,0
2026-09-02 02:10:00.000000,Northeast Community Health Centre,293,0
2026-09-02 02:10:00.000000,Northern Lights Regional Health Centre,220,0
2026-09-02 02:10:00.000000,Okotoks Health and Wellness Centre,,0
2026-09-02 02:10:00.000000,Peter Lougheed Centre,347,0
2026-09-02 02:10:00.000000,Red Deer Regional Hospital,62,0
2026-09-02 02:10:00.000000,Rockyview General Hospital,320,0
2026-09-02 02:10:00.000000,Royal Alexandra Hospital,235,0
2026-09-02 02:10:00.000000,Sheldon M. Chumir Centre,279,0
2026-09-02 02:10:00.000000,South Calgary Health Centre,,0
2026-09-02 02:10:00.000000,South Health Campus,269,0
2026-09-02 02:10:00.000000,Stollery Children's Hospital,345,0
2026-09-02 02:10:00.000000,Strathcona Community Hospital,355,0
2026-09-02 02:10:00.000000,Sturgeon Community Hospital,373,0
2026-09-02 02:10:00.000000,University of Alberta Hospital,366,0
2026-09-02 02:10:00.000000,WestView Health Centre,439,0
2026-09-02 02:20:00.000000,Airdrie Community Health Centre,261,0
2026-09-02 02:20:00.000000,Alberta Children's Hospital,238,0
2026-09-02 02:20:00.000000,Chinook Regional Hospital,126,0
2026-09-02 02:20:00.000000,Cochrane Community Health Centre,,0
2026-09-02 02:20:00.000000,Devon General Hospital,275,0
2026-09-02 02:20:00.000000,Foothills Medical Centre,411,0
2026-09-02 02:20:00.000000,Fort Sask Community Hospital,259,0
2026-09-02 02:20:00.000000,Grande Prairie Regional Hospital,311,0
2026-09-02 02:20:00.000000,Grey Nuns Community Hospital,356,0
2026-09-02 02:20:00.000000,Innisfail Health Centre,,1
2026-09-02 02:20:00.000000,Lacombe Hospital and Care Centre,,1
2026-09-02 02:20:00.000000,Leduc Community Hospital,180,0
2026-09-02 02:20:00.000000,Medicine Hat Regional Hospital,86,0
2026-09-02 02:20:00.000000,Misericordia Community Hospital,449,0
2026-09-02 02:20:00.000000,Northeast Community Health Centre,282,0
2026-09-02 02:20:00.000000,Northern Lights Regional Health Centre,179,0
2026-09-02 02:20:00.000000,Okotoks Health and Wellness Centre,,0
2026-09-02 02:20:00.000000,Peter Lougheed Centre,355,0
2026-09-02 02:20:00.000000,Red Deer Regional Hospital,41,0
2026-09-02 02:20:00.000000,Rockyview General Hospital,324,0
2026-09-02 02:20:00.000000,Royal Alexandra Hospital,228,0
2026-09-02 02:20:00.000000,Sheldon M. Chumir Centre,275,0
2026-09-02 02:20:00.000000,South Calgary Health Centre,,0
2026-09-02 02:20:00.000000,South Health Campus,273,0
2026-09-02 02:20:00.000000,Stollery Children's Hospital,345,0
2026-09-02 02:20:00.000000,Strathcona Community Hospital,355,0
2026-09-02 02:20:00.000000,Sturgeon Community Hospital,359,0
2026-09-02 02:20:00.000000,University of Alberta Hospital,353,0
2026-09-02 02:20:00.000000,WestView Health Centre,439,0
2026-09-02 02:30:00.000000,Airdrie Community Health Centre,256,0
2026-09-02 02:30:00.000000,Alberta Children's Hospital,246,0
2026-09-02 02:30:00.000000,Chinook Regional Hospital,126,0
2026-09-02 02:30:00.000000,Cochrane Community Health Centre,,0
2026-09-02 02:30:00.000000,Devon General Hospital,275,0
2026-09-02 02:30:00.000000,Foothills Medical Centre,415,0
2026-09-02 02:30:00.000000,Fort Sask Community Hospital,291,0
2026-09-02 02:30:00.000000,Grande Prairie Regional Hospital,317,0
2026-09-02 02:30:00.000000,Grey Nuns Community Hospital,345,0
2026-09-02 02:30:00.000000,Innisfail Health Centre,,1
2026-09-02 02:30:00.000000,Lacombe Hospital and Care Centre,,1
2026-09-02 02:30:00.000000,Leduc Community Hospital,180,0
2026-09-02 02:30:00.000000,Medicine Hat Regional Hospital,86,0
2026-09-02 02:30:00.000000,Misericordia Community Hospital,478,0
2026-09-02 02:30:00.000000,Northeast Community Health Centre,293,0
2026-09-02 02:30:00.000000,Northern Lights Regional Health Centre,165,0
2026-09-02 02:30:00.000000,Okotoks Health and Wellness Centre,,0
2026-09-02 02:30:00.000000,Peter Lougheed Centre,359,0
2026-09-02 02:30:00.000000,Red Deer Regional Hospital,41,0
2026-09-02 02:30:00.000000,Rockyview General Hospital,316,0
2026-09-02 02:30:00.000000,Royal Alexandra Hospital,216,0
2026-09-02 02:30:00.000000,Sheldon M. Chumir Centre,261,0
2026-09-02 02:30:00.000000,South Calgary Health Centre,,0
2026-09-02 02:30:00.000000,South Health Campus,316,0
2026-09-02 02:30:00.000000,Stollery Children's Hospital,352,0
2026-09-02 02:30:00.000000,Strathcona Community Hospital,308,0
2026-09-02 02:30:00.000000,Sturgeon Community Hospital,331,0
2026-09-02 02:30:00.000000,University of Alberta Hospital,340,0
2026-09-02 02:30:00.000000,WestView Health Centre,439,0
2026-09-02 02:40:00.000000,Airdrie Community Health Centre,251,0
2026-09-02 02:40:00.000000,Alberta Children's Hospital,221,0
2026-09-02 02:40:00.000000,Chinook Regional Hospital,84,0
2026-09-02 02:40:00.000000,Cochrane Community Health Centre,,0
2026-09-02 02:40:00.000000,Devon General Hospital,235,0
2026-09-02 02:40:00.000000,Foothills Medical Centre,419,0
2026-09-02 02:40:00.000000,Fort Sask Community Hospital,291,0
2026-09-02 02:40:00.000000,Grande Prairie Regional Hospital,296,0
2026-09-02 02:40:00.000000,Grey Nuns Community Hospital,324,0
2026-09-02 02:40:00.000000,Innisfail Health Centre,,1
2026-09-02 02:40:00.000000,Lacombe Hospital and Care Centre,,1
2026-09-02 02:40:00.000000,Leduc Community Hospital,180,0
2026-09-02 02:40:00.000000,Medicine Hat Regional Hospital,86,0
2026-09-02 02:40:00.000000,Misericordia Community Hospital,523,0
2026-09-02 02:40:00.000000,Northeast Community Health Centre,300,0
2026-09-02 02:40:00.000000,Northern Lights Regional Health Centre,151,0
2026-09-02 02:40:00.000000,Okotoks Health and Wellness Centre,,0
2026-09-02 02:40:00.000000,Peter Lougheed Centre,350,0
2026-09-02 02:40:00.000000,Red Deer Regional Hospital,41,0
2026-09-02 02:40:00.000000,Rockyview General Hospital,294,0
2026-09-02 02:40:00.000000,Royal Alexandra Hospital,221,0
2026-09-02 02:40:00.000000,Sheldon M. Chumir Centre,257,0
2026-09-02 02:40:00.000000,South Calgary Health Centre,,0
2026-09-02 02:40:00.000000,South Health Campus,307,0
2026-09-02 02:40:00.000000,Stollery Children's Hospital,348,0
2026-09-02 02:40:00.000000,Strathcona Community Hospital,308,0
2026-09-02 02:40:00.000000,Sturgeon Community Hospital,331,0
2026-09-02 02:40:00.000000,University of Alberta Hospital,350,0
2026-09-02 02:40:00.000000,WestView Health Centre,439,0
2026-09-02 02:50:00.000000,Airdrie Community Health Centre,247,0
2026-09-02 02:50:00.000000,Alberta Children's Hospital,211,0
2026-09-02 02:50:00.000000,Chinook Regional Hospital,70,0
2026-09-02 02:50:00.000000,Cochrane Community Health Centre,,0
2026-09-02 02:50:00.000000,Devon General Hospital,235,0
2026-09-02 02:50:00.000000,Foothills Medical Centre,365,0
2026-09-02 02:50:00.000000,Fort Sask Community Hospital,291,0
2026-09-02 02:50:00.000000,Grande Prairie Regional Hospital,293,0
2026-09-02 02:50:00.000000,Grey Nuns Community Hospital,324,0
2026-09-02 02:50:00.000000,Innisfail Health Centre,,1
2026-09-02 02:50:00.000000,Lacombe Hospital and Care Centre,,1
2026-09-02 02:50:00.000000,Leduc Community Hospital,135,0
2026-09-02 02:50:00.000000,Medicine Hat Regional Hospital,129,0
2026-09-02 02:50:00.000000,Misericordia Community Hospital,513,0
2026-09-02 02:50:00.000000,Northeast Community Health Centre,288,0
2026-09-02 02:50:00.000000,Northern Lights Regional Health Centre,151,0
2026-09-02 02:50:00.000000,Okotoks Health and Wellness Centre,,0
2026-09-02 02:50:00.000000,Peter Lougheed Centre,342,0
2026-09-02 02:50:00.000000,Red Deer Regional Hospital,41,0
2026-09-02 02:50:00.000000,Rockyview General Hospital,299,0
2026-09-02 02:50:00.000000,Royal Alexandra Hospital,234,0
2026-09-02 02:50:00.000000,Sheldon M. Chumir Centre,273,0
2026-09-02 02:50:00.000000,South Calgary Health Centre,,0
2026-09-02 02:50:00.000000,South Health Campus,299,0
2026-09-02 02:50:00.000000,Stollery Children's Hospital,343,0
2026-09-02 02:50:00.000000,Strathcona Community Hospital,331,0
2026-09-02 02:50:00.000000,Sturgeon Community Hospital,317,0
2026-09-02 02:50:00.000000,University of Alberta Hospital,353,0
2026-09-02 02:50:00.000000,WestView Health Centre,405,0
2026-09-02 03:00:00.000000,Airdrie Community Health Centre,242,0
2026-09-02 03:00:00.000000,Alberta Children's Hospital,169,0
2026-09-02 03:00:00.000000,Chinook Regional Hospital,84,0
2026-09-02 03:00:00.000000,Cochrane Community Health Centre,,0
2026-09-02 03:00:00.000000,Devon General Hospital,235,0
2026-09-02 03:00:00.000000,Foothills Medical Centre,356,0
2026-09-02 03:00:00.000000,Fort Sask Community Hospital,291,0
2026-09-02 03:00:00.000000,Grande Prairie Regional Hospital,290,0
2026-09-02 03:00:00.000000,Grey Nuns Community Hospital,270,0
2026-09-02 03:00:00.000000,Innisfail Health Centre,,1
2026-09-02 03:00:00.000000,Lacombe Hospital and Care Centre,,1
2026-09-02 03:00:00.000000,Leduc Community Hospital,135,0
2026-09-02 03:00:00.000000,Medicine Hat Regional Hospital,108,0
2026-09-02 03:00:00.000000,Misericordia Community Hospital,503,0
2026-09-02 03:00:00.000000,Northeast Community Health Centre,298,0
2026-09-02 03:00:00.000000,Northern Lights Regional Health Centre,151,0
2026-09-02 03:00:00.000000,Okotoks Health and Wellness Centre,,0
2026-09-02 03:00:00.000000,Peter Lougheed Centre,346,0
2026-09-02 03:00:00.000000,Red Deer Regional Hospital,41,0
2026-09-02 03:00:00.000000,Rockyview General Hospital,290,0
2026-09-02 03:00:00.000000,Royal Alexandra Hospital,268,0
2026-09-02 03:00:00.000000,Sheldon M. Chumir Centre,278,0
2026-09-02 03:00:00.000000,South Calgary Health Centre,,0
2026-09-02 03:00:00.000000,South Health Campus,303,0
2026-09-02 03:00:00.000000,Stollery Children's Hospital,338,0
2026-09-02 03:00:00.000000,Strathcona Community Hospital,331,0
2026-09-02 03:00:00.000000,Sturgeon Community Hospital,248,0
2026-09-02 03:00:00.000000,University of Alberta Hospital,331,0
2026-09-02 03:00:00.000000,WestView Health Centre,439,0
2026-09-02 03:10:00.000000,Airdrie Community Health Centre,237,0
2026-09-02 03:10:00.000000,Alberta Children's Hospital,190,0
2026-09-02 03:10:00.000000,Chinook Regional Hospital,98,0
2026-09-02 03:10:00.000000,Cochrane Community Health Centre,,0
2026-09-02 03:10:00.000000,Devon General Hospital,235,0
2026-09-02 03:10:00.000000,Foothills Medical Centre,382,0
2026-09-02 03:10:00.000000,Fort Sask Community Hospital,291,0
2026-09-02 03:10:00.000000,Grande Prairie Regional Hospital,286,0
2026-09-02 03:10:00.000000,Grey Nuns Community Hospital,270,0
2026-09-02 03:10:00.000000,Innisfail Health Centre,,1
2026-09-02 03:10:00.000000,Lacombe Hospital and Care Centre,,1
2026-09-02 03:10:00.000000,Leduc Community Hospital,135,0
2026-09-02 03:10:00.000000,Medicine Hat Regional Hospital,129,0
2026-09-02 03:10:00.000000,Misericordia Community Hospital,491,0
2026-09-02 03:10:00.000000,Northeast Community Health Centre,262,0
2026-09-02 03:10:00.000000,Northern Lights Regional Health Centre,151,0
2026-09-02 03:10:00.000000,Okotoks Health and Wellness Centre,,0
2026-09-02 03:10:00.000000,Peter Lougheed Centre,349,0
2026-09-02 03:10:00.000000,Red Deer Regional Hospital,41,0
2026-09-02 03:10:00.000000,Rockyview General Hospital,280,0
2026-09-02 03:10:00.000000,Royal Alexandra Hospital,261,0
2026-09-02 03:10:00.000000,Sheldon M. Chumir Centre,264,0
2026-09-02 03:10:00.000000,South Calgary Health Centre,,0
2026-09-02 03:10:00.000000,South Health Campus,304,0
2026-09-02 03:10:00.000000,Stollery Children's Hospital,321,0
2026-09-02 03:10:00.000000,Strathcona Community Hospital,331,0
2026-09-02 03:10:00.000000,Sturgeon Community Hospital,260,0
2026-09-02 03:10:00.000000,University of Alberta Hospital,292,0
2026-09-02 03:10:00.000000,WestView Health Centre,371,0
2026-09-02 03:20:00.000000,Airdrie Community Health Centre,189,0
2026-09-02 03:20:00.000000,Alberta Children's Hospital,174,0
2026-09-02 03:20:00.000000,Chinook Regional Hospital,112,0
2026-09-02 03:20:00.000000,Cochrane Community Health Centre,,0
2026-09-02 03:20:00.000000,Devon General Hospital,235,0
2026-09-02 03:20:00.000000,Foothills Medical Centre,394,0
2026-09-02 03:20:00.000000,Fort Sask Community Hospital,291,0
2026-09-02 03:20:00.000000,Grande Prairie Regional Hospital,283,0
2026-09-02 03:20:00.000000,Grey Nuns Community Hospital,280,0
2026-09-02 03:20:00.000000,Innisfail Health Centre,,1
2026-09-02 03:20:00.000000,Lacombe Hospital and Care Centre,,1
2026-09-02 03:20:00.000000,Leduc Community Hospital,135,0
2026-09-02 03:20:00.000000,Medicine Hat Regional Hospital,108,0
2026-09-02 03:20:00.000000,Misericordia Community Hospital,436,0
2026-09-02 03:20:00.000000,Northeast Community Health Centre,241,0
2026-09-02 03:20:00.000000,Northern Lights Regional Health Centre,138,0
2026-09-02 03:20:00.000000,Okotoks Health and Wellness Centre,,0
2026-09-02 03:20:00.000000,Peter Lougheed Centre,344,0
2026-09-02 03:20:00.000000,Red Deer Regional Hospital,41,0
2026-09-02 03:20:00.000000,Rockyview General Hospital,267,0
2026-09-02 03:20:00.000000,Royal Alexandra Hospital,254,0
2026-09-02 03:20:00.000000,Sheldon M. Chumir Centre,260,0
2026-09-02 03:20:00.000000,South Calgary Health Centre,,0
2026-09-02 03:20:00.000000,South Health Campus,301,0
2026-09-02 03:20:00.000000,Stollery Children's Hospital,305,0
2026-09-02 03:20:00.000000,Strathcona Community Hospital,308,0
2026-09-02 03:20:00.000000,Sturgeon Community Hospital,253,0
2026-09-02 03:20:00.000000,University of Alberta Hospital,292,0
2026-09-02 03:20:00.000000,WestView Health Centre,338,0
2026-09-02 03:30:00.000000,Airdrie Community Health Centre,186,0
2026-09-02 03:30:00.000000,Alberta Children's Hospital,158,0
2026-09-02 03:30:00.000000,Chinook Regional Hospital,84,0
2026-09-02 03:30:00.000000,Cochrane Community Health Centre,,0
2026-09-02 03:30:00.000000,Devon General Hospital,235,0
2026-09-02 03:30:00.000000,Foothills Medical Centre,394,0
2026-09-02 03:30:00.000000,Fort Sask Community Hospital,259,0
2026-09-02 03:30:00.000000,Grande Prairie Regional Hospital,281,0
2026-09-02 03:30:00.000000,Grey Nuns Community Hospital,280,0
2026-09-02 03:30:00.000000,Innisfail Health Centre,,1
2026-09-02 03:30:00.000000,Lacombe Hospital and Care Centre,,1
2026-09-02 03:30:00.000000,Leduc Community Hospital,135,0
2026-09-02 03:30:00.000000,Medicine Hat Regional Hospital,129,0
2026-09-02 03:30:00.000000,Misericordia Community Hospital,455,0
2026-09-02 03:30:00.000000,Northeast Community Health Centre,227,0
2026-09-02 03:30:00.000000,Northern Lights Regional Health Centre,138,0
2026-09-02 03:30:00.000000,Okotoks Health and Wellness Centre,,0
2026-09-02 03:30:00.000000,Peter Lougheed Centre,347,0
2026-09-02 03:30:00.000000,Red Deer Regional Hospital,41,0
2026-09-02 03:30:00.000000,Rockyview General Hospital,291,0
2026-09-02 03:30:00.000000,Royal Alexandra Hospital,254,0
2026-09-02 03:30:00.000000,Sheldon M. Chumir Centre,257,0
2026-09-02 03:30:00.000000,South Calgary Health Centre,,0
2026-09-02 03:30:00.000000,South Health Campus,299,0
2026-09-02 03:30:00.000000,Stollery Children's Hospital,301,0
2026-09-02 03:30:00.000000,Strathcona Community Hospital,308,0
2026-09-02 03:30:00.000000,Sturgeon Community Hospital,249,0
2026-09-02 03:30:00.000000,University of Alberta Hospital,292,0
2026-09-02 03:30:00.000000,WestView Health Centre,338,0
2026-09-02 03:40:00.000000,Airdrie Community Health Centre,181,0
2026-09-02 03:40:00.000000,Alberta Children's Hospital,158,0
2026-09-02 03:40:00.000000,Chinook Regional Hospital,84,0
2026-09-02 03:40:00.000000,Cochrane Community Health Centre,,0
2026-09-02 03:40:00.000000,Devon General Hospital,235,0
2026-09-02 03:40:00.000000,Foothills Medical Centre,382,0
2026-09-02 03:40:00.000000,Fort Sask Community Hospital,259,0
2026-09-02 03:40:00.000000,Grande Prairie Regional Hospital,277,0
2026-09-02 03:40:00.000000,Grey Nuns Community Hospital,280,0
2026-09-02 03:40:00.000000,Innisfail Health Centre,,1
2026-09-02 03:40:00.000000,Lacombe Hospital and Care Centre,,1
2026-09-02 03:40:00.000000,Leduc Community Hospital,113,0
2026-09-02 03:40:00.000000,Medicine Hat Regional Hospital,129,0
2026-09-02 03:40:00.000000,Misericordia Community Hospital,491,0
2026-09-02 03:40:00.000000,Northeast Community Health Centre,220,0
2026-09-02 03:40:00.000000,Northern Lights Regional Health Centre,138,0
2026-09-02 03:40:00.000000,Okotoks Health and Wellness Centre,,0
2026-09-02 03:40:00.000000,Peter Lougheed Centre,347,0
2026-09-02 03:40:00.000000,Red Deer Regional Hospital,62,0
2026-09-02 03:40:00.000000,Rockyview General Hospital,279,0
2026-09-02 03:40:00.000000,Royal Alexandra Hospital,260,0
2026-09-02 03:40:00.000000,Sheldon M. Chumir Centre,253,0
2026-09-02 03:40:00.000000,South Calgary Health Centre,,0
2026-09-02 03:40:00.000000,South Health Campus,304,0
2026-09-02 03:40:00.000000,Stollery Children's Hospital,295,0
2026-09-02 03:40:00.000000,Strathcona Community Hospital,308,0
2026-09-02 03:40:00.000000,Sturgeon Community Hospital,228,0
2026-09-02 03:40:00.000000,University of Alberta Hospital,308,0
2026-09-02 03:40:00.000000,WestView Health Centre,338,0
2026-09-02 03:50:00.000000,Airdrie Community Health Centre,177,0
2026-09-02 03:50:00.000000,Alberta Children's Hospital,158,0
2026-09-02 03:50:00.000000,Chinook Regional Hospital,70,0
2026-09-02 03:50:00.000000,Cochrane Community Health Centre,,0
2026-09-02 03:50:00.000000,Devon General Hospital,235,0
2026-09-02 03:50:00.000000,Foothills Medical Centre,371,0
2026-09-02 03:50:00.000000,Fort Sask Community Hospital,226,0
2026-09-02 03:50:00.000000,Grande Prairie Regional Hospital,274,0
2026-09-02 03:50:00.000000,Grey Nuns Community Hospital,270,0
2026-09-02 03:50:00.000000,Innisfail Health Centre,,1
2026-09-02 03:50:00.000000,Lacombe Hospital and Care Centre,,1
2026-09-02 03:50:00.000000,Leduc Community Hospital,113,0
2026-09-02 03:50:00.000000,Medicine Hat Regional Hospital,151,0
2026-09-02 03:50:00.000000,Misericordia Community Hospital,491,0
2026-09-02 03:50:00.000000,Northeast Community Health Centre,219,0
2026-09-02 03:50:00.000000,Northern Lights Regional Health Centre,124,0
2026-09-02 03:50:00.000000,Okotoks Health and Wellness Centre,,0
2026-09-02 03:50:00.000000,Peter Lougheed Centre,342,0
2026-09-02 03:50:00.000000,Red Deer Regional Hospital,62,0
2026-09-02 03:50:00.000000,Rockyview General Hospital,293,0
2026-09-02 03:50:00.000000,Royal Alexandra Hospital,253,0
2026-09-02 03:50:00.000000,Sheldon M. Chumir Centre,240,0
2026-09-02 03:50:00.000000,South Calgary Health Centre,,0
2026-09-02 03:50:00.000000,South Health Campus,285,0
2026-09-02 03:50:00.000000,Stollery Children's Hospital,280,0
2026-09-02 03:50:00.000000,Strathcona Community Hospital,308,0
2026-09-02 03:50:00.000000,Sturgeon Community Hospital,237,0
2026-09-02 03:50:00.000000,University of Alberta Hospital,316,0
2026-09-02 03:50:00.000000,WestView Health Centre,338,0
2026-09-02 04:00:00.000000,Airdrie Community Health Centre,157,0
2026-09-02 04:00:00.000000,Alberta Children's Hospital,142,0
2026-09-02 04:00:00.000000,Chinook Regional Hospital,70,0
2026-09-02 04:00:00.000000,Cochrane Community Health Centre,,0
2026-09-02 04:00:00.000000,Devon General Hospital,235,0
2026-09-02 04:00:00.000000,Foothills Medical Centre,348,0
2026-09-02 04:00:00.000000,Fort Sask Community Hospital,162,0
2026-09-02 04:00:00.000000,Grande Prairie Regional Hospital,233,0
2026-09-02 04:00:00.000000,Grey Nuns Community Hospital,270,0
2026-09-02 04:00:00.000000,Innisfail Health Centre,,1
2026-09-02 04:00:00.000000,Lacombe Hospital and Care Centre,,1
2026-09-02 04:00:00.000000,Leduc Community Hospital,90,0
2026-09-02 04:00:00.000000,Medicine Hat Regional Hospital,172,0
2026-09-02 04:00:00.000000,Misericordia Community Hospital,509,0
2026-09-02 04:00:00.000000,Northeast Community Health Centre,198,0
2026-09-02 04:00:00.000000,Northern Lights Regional Health Centre,138,0
2026-09-02 04:00:00.000000,Okotoks Health and Wellness Centre,,0
2026-09-02 04:00:00.000000,Peter Lougheed Centre,336,0
2026-09-02 04:00:00.000000,Red Deer Regional Hospital,82,0
2026-09-02 04:00:00.000000,Rockyview General Hospital,273,0
2026-09-02 04:00:00.000000,Royal Alexandra Hospital,241,0
2026-09-02 04:00:00.000000,Sheldon M. Chumir Centre,226,0
2026-09-02 04:00:00.000000,South Calgary Health Centre,,0
2026-09-02 04:00:00.000000,South Health Campus,264,0
2026-09-02 04:00:00.000000,Stollery Children's Hospital,253,0
2026-09-02 04:00:00.000000,Strathcona Community Hospital,331,0
2026-09-02 04:00:00.000000,Sturgeon Community Hospital,231,0
2026-09-02 04:00:00.000000,University of Alberta Hospital,292,0
2026-09-02 04:00:00.000000,WestView Health Centre,304,0
2026-09-02 04:10:00.000000,Airdrie Community Health Centre,112,0
2026-09-02 04:10:00.000000,Alberta Children's Hospital,126,0
2026-09-02 04:10:00.000000,Chinook Regional Hospital,70,0
2026-09-02 04:10:00.000000,Cochrane Community Health Centre,,0
2026-09-02 04:10:00.000000,Devon General Hospital,235,0
2026-09-02 04:10:00.000000,Foothills Medical Centre,359,0
2026-09-02 04:10:00.000000,Fort Sask Community Hospital,162,0
2026-09-02 04:10:00.000000,Grande Prairie Regional Hospital,230,0
2026-09-02 04:10:00.000000,Grey Nuns Community Hospital,280,0
2026-09-02 04:10:00.000000,Innisfail Health Centre,,1
2026-09-02 04:10:00.000000,Lacombe Hospital and Care Centre,,1
2026-09-02 04:10:00.000000,Leduc Community Hospital,90,0
2026-09-02 04:10:00.000000,Medicine Hat Regional Hospital,181,0
2026-09-02 04:10:00.000000,Misericordia Community Hospital,491,0
2026-09-02 04:10:00.000000,Northeast Community Health Centre,197,0
2026-09-02 04:10:00.000000,Northern Lights Regional Health Centre,138,0
2026-09-02 04:10:00.000000,Okotoks Health and Wellness Centre,,0
2026-09-02 04:10:00.000000,Peter Lougheed Centre,321,0
2026-09-02 04:10:00.000000,Red Deer Regional Hospital,41,0
2026-09-02 04:10:00.000000,Rockyview General Hospital,270,0
2026-09-02 04:10:00.000000,Royal Alexandra Hospital,245,0
2026-09-02 04:10:00.000000,Sheldon M. Chumir Centre,213,0
2026-09-02 04:10:00.000000,South Calgary Health Centre,,0
2026-09-02 04:10:00.000000,South Health Campus,262,0
2026-09-02 04:10:00.000000,Stollery Children's Hospital,238,0
2026-09-02 04:10:00.000000,Strathcona Community Hospital,308,0
2026-09-02 04:10:00.000000,Sturgeon Community Hospital,226,0
2026-09-02 04:10:00.000000,University of Alberta Hospital,276,0
2026-09-02 04:10:00.000000,WestView Health Centre,304,0
2026-09-02 04:20:00.000000,Airdrie Community Health Centre,112,0
2026-09-02 04:20:00.000000,Alberta Children's Hospital,110,0
2026-09-02 04:20:00.000000,Chinook Regional Hospital,56,0
2026-09-02 04:20:00.000000,Cochrane Community Health Centre,,0
2026-09-02 04:20:00.000000,Devon General Hospital,235,0
2026-09-02 04:20:00.000000,Foothills Medical Centre,359,0
2026-09-02 04:20:00.000000,Fort Sask Community Hospital,162,0
2026-09-02 04:20:00.000000,Grande Prairie Regional Hospital,186,0
2026-09-02 04:20:00.000000,Grey Nuns Community Hospital,291,0
2026-09-02 04:20:00.000000,Innisfail Health Centre,,1
2026-09-02 04:20:00.000000,Lacombe Hospital and Care Centre,,1
2026-09-02 04:20:00.000000,Leduc Community Hospital,90,0
2026-09-02 04:20:00.000000,Medicine Hat Regional Hospital,178,0
2026-09-02 04:20:00.000000,Misericordia Community Hospital,491,0
2026-09-02 04:20:00.000000,Northeast Community Health Centre,167,0
2026-09-02 04:20:00.000000,Northern Lights Regional Health Centre,124,0
2026-09-02 04:20:00.000000,Okotoks Health and Wellness Centre,,0
2026-09-02 04:20:00.000000,Peter Lougheed Centre,331,0
2026-09-02 04:20:00.000000,Red Deer Regional Hospital,62,0
2026-09-02 04:20:00.000000,Rockyview General Hospital,268,0
2026-09-02 04:20:00.000000,Royal Alexandra Hospital,238,0
2026-09-02 04:20:00.000000,Sheldon M. Chumir Centre,219,0
2026-09-02 04:20:00.000000,South Calgary Health Centre,,0
2026-09-02 04:20:00.000000,South Health Campus,259,0
2026-09-02 04:20:00.000000,Stollery Children's Hospital,233,0
2026-09-02 04:20:00.000000,Strathcona Community Hospital,308,0
2026-09-02 04:20:00.000000,Sturgeon Community Hospital,220,0
2026-09-02 04:20:00.000000,University of Alberta Hospital,276,0
2026-09-02 04:20:00.000000,WestView Health Centre,236,0
2026-09-02 04:30:00.000000,Airdrie Community Health Centre,112,0
2026-09-02 04:30:00.000000,Alberta Children's Hospital,95,0
2026-09-02 04:30:00.000000,Chinook Regional Hospital,42,0
2026-09-02 04:30:00.000000,Cochrane Community Health Centre,,0
2026-09-02 04:30:00.000000,Devon General Hospital,235,0
2026-09-02 04:30:00.000000,Foothills Medical Centre,359,0
2026-09-02 04:30:00.000000,Fort Sask Community Hospital,162,0
2026-09-02 04:30:00.000000,Grande Prairie Regional Hospital,186,0
2026-09-02 04:30:00.000000,Grey Nuns Community Hospital,270,0
2026-09-02 04:30:00.000000,Innisfail Health Centre,,1
2026-09-02 04:30:00.000000,Lacombe Hospital and Care Centre,,1
2026-09-02 04:30:00.000000,Leduc Community Hospital,90,0
2026-09-02 04:30:00.000000,Medicine Hat Regional Hospital,185,0
2026-09-02 04:30:00.000000,Misericordia Community Hospital,509,0
2026-09-02 04:30:00.000000,Northeast Community Health Centre,160,0
2026-09-02 04:30:00.000000,Northern Lights Regional Health Centre,124,0
2026-09-02 04:30:00.000000,Okotoks Health and Wellness Centre,,0
2026-09-02 04:30:00.000000,Peter Lougheed Centre,315,0
2026-09-02 04:30:00.000000,Red Deer Regional Hospital,62,0
2026-09-02 04:30:00.000000,Rockyview General Hospital,256,0
2026-09-02 04:30:00.000000,Royal Alexandra Hospital,236,0
2026-09-02 04:30:00.000000,Sheldon M. Chumir Centre,205,0
2026-09-02 04:30:00.000000,South Calgary Health Centre,,0
2026-09-02 04:30:00.000000,South Health Campus,248,0
2026-09-02 04:30:00.000000,Stollery Children's Hospital,227,0
2026-09-02 04:30:00.000000,Strathcona Community Hospital,331,0
2026-09-02 04:30:00.000000,Sturgeon Community Hospital,213,0
2026-09-02 04:30:00.000000,University of Alberta Hospital,276,0
2026-09-02 04:30:00.000000,WestView Health Centre,236,0
2026-09-02 04:40:00.000000,Airdrie Community Health Centre,111,0
2026-09-02 04:40:00.000000,Alberta Children's Hospital,95,0
2026-09-02 04:40:00.000000,Chinook Regional Hospital,30,0
2026-09-02 04:40:00.000000,Cochrane Community Health Centre,,0
2026-09-02 04:40:00.000000,Devon General Hospital,235,0
2026-09-02 04:40:00.000000,Foothills Medical Centre,359,0
2026-09-02 04:40:00.000000,Fort Sask Community Hospital,162,0
2026-09-02 04:40:00.000000,Grande Prairie Regional Hospital,186,0
2026-09-02 04:40:00.000000,Grey Nuns Community Hospital,270,0
2026-09-02 04:40:00.000000,Innisfail Health Centre,,1
2026-09-02 04:40:00.000000,Lacombe Hospital and Care Centre,,1
2026-09-02 04:40:00.000000,Leduc Community Hospital,90,0
2026-09-02 04:40:00.000000,Medicine Hat Regional Hospital,171,0
2026-09-02 04:40:00.000000,Misericordia Community Hospital,491,0
2026-09-02 04:40:00.000000,Northeast Community Health Centre,155,0
2026-09-02 04:40:00.000000,Northern Lights Regional Health Centre,110,0
2026-09-02 04:40:00.000000,Okotoks Health and Wellness Centre,,0
2026-09-02 04:40:00.000000,Peter Lougheed Centre,300,0
2026-09-02 04:40:00.000000,Red Deer Regional Hospital,62,0
2026-09-02 04:40:00.000000,Rockyview General Hospital,262,0
2026-09-02 04:40:00.000000,Royal Alexandra Hospital,230,0
2026-09-02 04:40:00.000000,Sheldon M. Chumir Centre,216,0
2026-09-02 04:40:00.000000,South Calgary Health Centre,,0
2026-09-02 04:40:00.000000,South Health Campus,254,0
2026-09-02 04:40:00.000000,Stollery Children's Hospital,233,0
2026-09-02 04:40:00.000000,Strathcona Community Hospital,331,0
2026-09-02 04:40:00.000000,Sturgeon Community Hospital,236,0
2026-09-02 04:40:00.000000,University of Alberta Hospital,260,0
2026-09-02 04:40:00.000000,WestView Health Centre,236,0
2026-09-02 04:50:00.000000,Airdrie Community Health Centre,105,0
2026-09-02 04:50:00.000000,Alberta Children's Hospital,47,0
2026-09-02 04:50:00.000000,Chinook Regional Hospital,30,0
2026-09-02 04:50:00.000000,Cochrane Community Health Centre,,0
2026-09-02 04:50:00.000000,Devon General Hospital,235,0
2026-09-02 04:50:00.000000,Foothills Medical Centre,369,0
2026-09-02 04:50:00.000000,Fort Sask Community Hospital,129,0
2026-09-02 04:50:00.000000,Grande Prairie Regional Hospital,186,0
2026-09-02 04:50:00.000000,Grey Nuns Community Hospital,259,0
2026-09-02 04:50:00.000000,Innisfail Health Centre,,1
2026-09-02 04:50:00.000000,Lacombe Hospital and Care Centre,,1
2026-09-02 04:50:00.000000,Leduc Community Hospital,67,0
2026-09-02 04:50:00.000000,Medicine Hat Regional Hospital,167,0
2026-09-02 04:50:00.000000,Misericordia Community Hospital,418,0
2026-09-02 04:50:00.000000,Northeast Community Health Centre,153,0
2026-09-02 04:50:00.000000,Northern Lights Regional Health Centre,110,0
2026-09-02 04:50:00.000000,Okotoks Health and Wellness Centre,,0
2026-09-02 04:50:00.000000,Peter Lougheed Centre,294,0
2026-09-02 04:50:00.000000,Red Deer Regional Hospital,30,0
2026-09-02 04:50:00.000000,Rockyview General Hospital,250,0
2026-09-02 04:50:00.000000,Royal Alexandra Hospital,243,0
2026-09-02 04:50:00.000000,Sheldon M. Chumir Centre,210,0
2026-09-02 04:50:00.000000,South Calgary Health Centre,,0
2026-09-02 04:50:00.000000,South Health Campus,233,0
2026-09-02 04:50:00.000000,Stollery Children's Hospital,216,0
2026-09-02 04:50:00.000000,Strathcona Community Hospital,331,0
2026-09-02 04:50:00.000000,Sturgeon Community Hospital,229,0
2026-09-02 04:50:00.000000,University of Alberta Hospital,268,0
2026-09-02 04:50:00.000000,WestView Health Centre,202,0
2026-09-02 05:00:00.000000,Airdrie Community Health Centre,101,0
2026-09-02 05:00:00.000000,Alberta Children's Hospital,63,0
2026-09-02 05:00:00.000000,Chinook Regional Hospital,30,0
2026-09-02 05:00:00.000000,Cochrane Community Health Centre,,0
2026-09-02 05:00:00.000000,Devon General Hospital,235,0
2026-09-02 05:00:00.000000,Foothills Medical Centre,358,0
2026-09-02 05:00:00.000000,Fort Sask Community Hospital,129,0
2026-09-02 05:00:00.000000,Grande Prairie Regional Hospital,186,0
2026-09-02 05:00:00.000000,Grey Nuns Community Hospital,270,0
2026-09-02 05:00:00.000000,Innisfail Health Centre,,1
2026-09-02 05:00:00.000000,Lacombe Hospital and Care Centre,,1
2026-09-02 05:00:00.000000,Leduc Community Hospital,67,0
2026-09-02 05:00:00.000000,Medicine Hat Regional Hospital,142,0
2026-09-02 05:00:00.000000,Misericordia Community Hospital,418,0
2026-09-02 05:00:00.000000,Northeast Community Health Centre,153,0
2026-09-02 05:00:00.000000,Northern Lights Regional Health Centre,96,0
2026-09-02 05:00:00.000000,Okotoks Health and Wellness Centre,,0
2026-09-02 05:00:00.000000,Peter Lougheed Centre,289,0
2026-09-02 05:00:00.000000,Red Deer Regional Hospital,30,0
2026-09-02 05:00:00.000000,Rockyview General Hospital,256,0
2026-09-02 05:00:00.000000,Royal Alexandra Hospital,226,0
2026-09-02 05:00:00.000000,Sheldon M. Chumir Centre,205,0
2026-09-02 05:00:00.000000,South Calgary Health Centre,,0
2026-09-02 05:00:00.000000,South Health Campus,231,0
2026-09-02 05:00:00.000000,Stollery Children's Hospital,212,0
2026-09-02 05:00:00.000000,Strathcona Community Hospital,331,0
2026-09-02 05:00:00.000000,Sturgeon Community Hospital,224,0
2026-09-02 05:00:00.000000,University of Alberta Hospital,276,0
2026-09-02 05:00:00.000000,WestView Health Centre,236,0
2026-09-02 05:10:00.000000,Airdrie Community Health Centre,30,0
2026-09-02 05:10:00.000000,Alberta Children's Hospital,31,0
2026-09-02 05:10:00.000000,Chinook Regional Hospital,30,0
2026-09-02 05:10:00.000000,Cochrane Community Health Centre,,0
2026-09-02 05:10:00.000000,Devon General Hospital,235,0
2026-09-02 05:10:00.000000,Foothills Medical Centre,354,0
2026-09-02 05:10:00.000000,Fort Sask Community Hospital,226,0
2026-09-02 05:10:00.000000,Grande Prairie Regional Hospital,184,0
2026-09-02 05:10:00.000000,Grey Nuns Community Hospital,237,0
2026-09-02 05:10:00.000000,Innisfail Health Centre,,1
2026-09-02 05:10:00.000000,Lacombe Hospital and Care Centre,,1
2026-09-02 05:10:00.000000,Leduc Community Hospital,90,0
2026-09-02 05:10:00.000000,Medicine Hat Regional Hospital,108,0
2026-09-02 05:10:00.000000,Misericordia Community Hospital,436,0
2026-09-02 05:10:00.000000,Northeast Community Health Centre,153,0
2026-09-02 05:10:00.000000,Northern Lights Regional Health Centre,69,0
2026-09-02 05:10:00.000000,Okotoks Health and Wellness Centre,,0
2026-09-02 05:10:00.000000,Peter Lougheed Centre,267,0
2026-09-02 05:10:00.000000,Red Deer Regional Hospital,41,0
2026-09-02 05:10:00.000000,Rockyview General Hospital,256,0
2026-09-02 05:10:00.000000,Royal Alexandra Hospital,229,0
2026-09-02 05:10:00.000000,Sheldon M. Chumir Centre,199,0
2026-09-02 05:10:00.000000,South Calgary Health Centre,,0
2026-09-02 05:10:00.000000,South Health Campus,227,0
2026-09-02 05:10:00.000000,Stollery Children's Hospital,174,0
2026-09-02 05:10:00.000000,Strathcona Community Hospital,308,0
2026-09-02 05:10:00.000000,Sturgeon Community Hospital,221,0
2026-09-02 05:10:00.000000,University of Alberta Hospital,261,0
2026-09-02 05:10:00.000000,WestView Health Centre,236,0
2026-09-02 05:20:00.000000,Airdrie Community Health Centre,30,0
2026-09-02 05:20:00.000000,Alberta Children's Hospital,47,0
2026-09-02 05:20:00.000000,Chinook Regional Hospital,30,0
2026-09-02 05:20:00.000000,Cochrane Community Health Centre,,0
2026-09-02 05:20:00.000000,Devon General Hospital,235,0
2026-09-02 05:20:00.000000,Foothills Medical Centre,335,0
2026-09-02 05:20:00.000000,Fort Sask Community Hospital,194,0
2026-09-02 05:20:00.000000,Grande Prairie Regional Hospital,111,0
2026-09-02 05:20:00.000000,Grey Nuns Community Hospital,237,0
2026-09-02 05:20:00.000000,Innisfail Health Centre,,1
2026-09-02 05:20:00.000000,Lacombe Hospital and Care Centre,,1
2026-09-02 05:20:00.000000,Leduc Community Hospital,113,0
2026-09-02 05:20:00.000000,Medicine Hat Regional Hospital,108,0
2026-09-02 05:20:00.000000,Misericordia Community Hospital,436,0
2026-09-02 05:20:00.000000,Northeast Community Health Centre,131,0
2026-09-02 05:20:00.000000,Northern Lights Regional Health Centre,55,0
2026-09-02 05:20:00.000000,Okotoks Health and Wellness Centre,,0
2026-09-02 05:20:00.000000,Peter Lougheed Centre,268,0
2026-09-02 05:20:00.000000,Red Deer Regional Hospital,30,0
2026-09-02 05:20:00.000000,Rockyview General Hospital,257,0
2026-09-02 05:20:00.000000,Royal Alexandra Hospital,223,0
2026-09-02 05:20:00.000000,Sheldon M. Chumir Centre,195,0
2026-09-02 05:20:00.000000,South Calgary Health Centre,,0
2026-09-02 05:20:00.000000,South Health Campus,208,0
2026-09-02 05:20:00.000000,Stollery Children's Hospital,170,0
2026-09-02 05:20:00.000000,Strathcona Community Hospital,308,0
2026-09-02 05:20:00.000000,Sturgeon Community Hospital,221,0
2026-09-02 05:20:00.000000,University of Alberta Hospital,264,0
2026-09-02 05:20:00.000000,WestView Health Centre,169,0
2026-09-02 05:30:00.000000,Airdrie Community Health Centre,30,0
2026-09-02 05:30:00.000000,Alberta Children's Hospital,31,0
2026-09-02 05:30:00.000000,Chinook Regional Hospital,30,0
2026-09-02 05:30:00.000000,Cochrane Community Health Centre,,0
2026-09-02 05:30:00.000000,Devon General Hospital,235,0
2026-09-02 05:30:00.000000,Foothills Medical Centre,340,0
2026-09-02 05:30:00.000000,Fort Sask Community Hospital,162,0
2026-09-02 05:30:00.000000,Grande Prairie Regional Hospital,130,0
2026-09-02 05:30:00.000000,Grey Nuns Community Hospital,248,0
2026-09-02 05:30:00.000000,Innisfail Health Centre,,1
2026-09-02 05:30:00.000000,Lacombe Hospital and Care Centre,,1
2026-09-02 05:30:00.000000,Leduc Community Hospital,113,0
2026-09-02 05:30:00.000000,Medicine Hat Regional Hospital,86,0
2026-09-02 05:30:00.000000,Misericordia Community Hospital,455,0
2026-09-02 05:30:00.000000,Northeast Community Health Centre,153,0
2026-09-02 05:30:00.000000,Northern Lights Regional Health Centre,69,0
2026-09-02 05:30:00.000000,Okotoks Health and Wellness Centre,,0
2026-09-02 05:30:00.000000,Peter Lougheed Centre,252,0
2026-09-02 05:30:00.000000,Red Deer Regional Hospital,30,0
2026-09-02 05:30:00.000000,Rockyview General Hospital,251,0
2026-09-02 05:30:00.000000,Royal Alexandra Hospital,236,0
2026-09-02 05:30:00.000000,Sheldon M. Chumir Centre,189,0
2026-09-02 05:30:00.000000,South Calgary Health Centre,,0
2026-09-02 05:30:00.000000,South Health Campus,213,0
2026-09-02 05:30:00.000000,Stollery Children's Hospital,101,0
2026-09-02 05:30:00.000000,Strathcona Community Hospital,308,0
2026-09-02 05:30:00.000000,Sturgeon Community Hospital,221,0
2026-09-02 05:30:00.000000,University of Alberta Hospital,250,0
2026-09-02 05:30:00.000000,WestView Health Centre,202,0
2026-09-02 05:40:00.000000,Airdrie Community Health Centre,30,0
2026-09-02 05:40:00.000000,Alberta Children's Hospital,31,0
2026-09-02 05:40:00.000000,Chinook Regional Hospital,30,0
2026-09-02 05:40:00.000000,Cochrane Community Health Centre,,0
2026-09-02 05:40:00.000000,Devon General Hospital,235,0
2026-09-02 05:40:00.000000,Foothills Medical Centre,346,0
2026-09-02 05:40:00.000000,Fort Sask Community Hospital,194,0
2026-09-02 05:40:00.000000,Grande Prairie Regional Hospital,148,0
2026-09-02 05:40:00.000000,Grey Nuns Community Hospital,237,0
2026-09-02 05:40:00.000000,Innisfail Health Centre,,1
2026-09-02 05:40:00.000000,Lacombe Hospital and Care Centre,,1
2026-09-02 05:40:00.000000,Leduc Community Hospital,113,0
2026-09-02 05:40:00.000000,Medicine Hat Regional Hospital,86,0
2026-09-02 05:40:00.000000,Misericordia Community Hospital,455,0
2026-09-02 05:40:00.000000,Northeast Community Health Centre,175,0
2026-09-02 05:40:00.000000,Northern Lights Regional Health Centre,55,0
2026-09-02 05:40:00.000000,Okotoks Health and Wellness Centre,,0
2026-09-02 05:40:00.000000,Peter Lougheed Centre,247,0
2026-09-02 05:40:00.000000,Red Deer Regional Hospital,30,0
2026-09-02 05:40:00.000000,Rockyview General Hospital,247,0
2026-09-02 05:40:00.000000,Royal Alexandra Hospital,230,0
2026-09-02 05:40:00.000000,Sheldon M. Chumir Centre,184,0
2026-09-02 05:40:00.000000,South Calgary Health Centre,,0
2026-09-02 05:40:00.000000,South Health Campus,211,0
2026-09-02 05:40:00.000000,Stollery Children's Hospital,96,0
2026-09-02 05:40:00.000000,Strathcona Community Hospital,308,0
2026-09-02 05:40:00.000000,Sturgeon Community Hospital,207,0
2026-09-02 05:40:00.000000,University of Alberta Hospital,253,0
2026-09-02 05:40:00.000000,WestView Health Centre,202,0
2026-09-02 05:50:00.000000,Airdrie Community Health Centre,30,0
2026-09-02 05:50:00.000000,Alberta Children's Hospital,31,0
2026-09-02 05:50:00.000000,Chinook Regional Hospital,30,0
2026-09-02 05:50:00.000000,Cochrane Community Health Centre,,0
2026-09-02 05:50:00.000000,Devon General Hospital,235,0
2026-09-02 05:50:00.000000,Foothills Medical Centre,344,0
2026-09-02 05:50:00.000000,Fort Sask Community Hospital,194,0
2026-09-02 05:50:00.000000,Grande Prairie Regional Hospital,148,0
2026-09-02 05:50:00.000000,Grey Nuns Community Hospital,226,0
2026-09-02 05:50:00.000000,Innisfail Health Centre,,1
2026-09-02 05:50:00.000000,Lacombe Hospital and Care Centre,,1
2026-09-02 05:50:00.000000,Leduc Community Hospital,113,0
2026-09-02 05:50:00.000000,Medicine Hat Regional Hospital,86,0
2026-09-02 05:50:00.000000,Misericordia Community Hospital,455,0
2026-09-02 05:50:00.000000,Northeast Community Health Centre,175,0
2026-09-02 05:50:00.000000,Northern Lights Regional Health Centre,41,0
2026-09-02 05:50:00.000000,Okotoks Health and Wellness Centre,,0
2026-09-02 05:50:00.000000,Peter Lougheed Centre,243,0
2026-09-02 05:50:00.000000,Red Deer Regional Hospital,30,0
2026-09-02 05:50:00.000000,Rockyview General Hospital,237,0
2026-09-02 05:50:00.000000,Royal Alexandra Hospital,228,0
2026-09-02 05:50:00.000000,Sheldon M. Chumir Centre,173,0
2026-09-02 05:50:00.000000,South Calgary Health Centre,,0
2026-09-02 05:50:00.000000,South Health Campus,208,0
2026-09-02 05:50:00.000000,Stollery Children's Hospital,92,0
2026-09-02 05:50:00.000000,Strathcona Community Hospital,308,0
2026-09-02 05:50:00.000000,Sturgeon Community Hospital,221,0
2026-09-02 05:50:00.000000,University of Alberta Hospital,231,0
2026-09-02 05:50:00.000000,WestView Health Centre,202,0
2026-09-02 06:00:00.000000,Airdrie Community Health Centre,30,0
2026-09-02 06:00:00.000000,Alberta Children's Hospital,31,0
2026-09-02 06:00:00.000000,Chinook Regional Hospital,30,0
2026-09-02 06:00:00.000000,Cochrane Community Health Centre,,0
2026-09-02 06:00:00.000000,Devon General Hospital,235,0
2026-09-02 06:00:00.000000,Foothills Medical Centre,349,0
2026-09-02 06:00:00.000000,Fort Sask Community Hospital,194,0
2026-09-02 06:00:00.000000,Grande Prairie Regional Hospital,148,0
2026-09-02 06:00:00.000000,Grey Nuns Community Hospital,216,0
2026-09-02 06:00:00.000000,Innisfail Health Centre,,1
2026-09-02 06:00:00.000000,Lacombe Hospital and Care Centre,,1
2026-09-02 06:00:00.000000,Leduc Community Hospital,113,0
2026-09-02 06:00:00.000000,Medicine Hat Regional Hospital,64,0
2026-09-02 06:00:00.000000,Misericordia Community Hospital,455,0
2026-09-02 06:00:00.000000,Northeast Community Health Centre,197,0
2026-09-02 06:00:00.000000,Northern Lights Regional Health Centre,41,0
2026-09-02 06:00:00.000000,Okotoks Health and Wellness Centre,,0
2026-09-02 06:00:00.000000,Peter Lougheed Centre,227,0
2026-09-02 06:00:00.000000,Red Deer Regional Hospital,30,0
2026-09-02 06:00:00.000000,Rockyview General Hospital,237,0
2026-09-02 06:00:00.000000,Royal Alexandra Hospital,216,0
2026-09-02 06:00:00.000000,Sheldon M. Chumir Centre,167,0
2026-09-02 06:00:00.000000,South Calgary Health Centre,,0
2026-09-02 06:00:00.000000,South Health Campus,188,0
2026-09-02 06:00:00.000000,Stollery Children's Hospital,65,0
2026-09-02 06:00:00.000000,Strathcona Community Hospital,308,0
2026-09-02 06:00:00.000000,Sturgeon Community Hospital,244,0
2026-09-02 06:00:00.000000,University of Alberta Hospital,218,0
2026-09-02 06:00:00.000000,WestView Health Centre,236,0
2026-09-02 06:10:00.000000,Airdrie Community Health Centre,30,0
2026-09-02 06:10:00.000000,Alberta Children's Hospital,30,0
2026-09-02 06:10:00.000000,Chinook Regional Hospital,30,0
2026-09-02 06:10:00.000000,Cochrane Community Health Centre,,0
2026-09-02 06:10:00.000000,Devon General Hospital,235,0
2026-09-02 06:10:00.000000,Foothills Medical Centre,337,0
2026-09-02 06:10:00.000000,Fort Sask Community Hospital,194,0
2026-09-02 06:10:00.000000,Grande Prairie Regional Hospital,146,0
2026-09-02 06:10:00.000000,Grey Nuns Community Hospital,183,0
2026-09-02 06:10:00.000000,Innisfail Health Centre,,1
2026-09-02 06:10:00.000000,Lacombe Hospital and Care Centre,,1
2026-09-02 06:10:00.000000,Leduc Community Hospital,113,0
2026-09-02 06:10:00.000000,Medicine Hat Regional Hospital,43,0
2026-09-02 06:10:00.000000,Misericordia Community Hospital,400,0
2026-09-02 06:10:00.000000,Northeast Community Health Centre,195,0
2026-09-02 06:10:00.000000,Northern Lights Regional Health Centre,30,0
2026-09-02 06:10:00.000000,Okotoks Health and Wellness Centre,,0
2026-09-02 06:10:00.000000,Peter Lougheed Centre,215,0
2026-09-02 06:10:00.000000,Red Deer Regional Hospital,30,0
2026-09-02 06:10:00.000000,Rockyview General Hospital,236,0
2026-09-02 06:10:00.000000,Royal Alexandra Hospital,195,0
2026-09-02 06:10:00.000000,Sheldon M. Chumir Centre,161,0
2026-09-02 06:10:00.000000,South Calgary Health Centre,,0
2026-09-02 06:10:00.000000,South Health Campus,168,0
2026-09-02 06:10:00.000000,Stollery Children's Hospital,62,0
2026-09-02 06:10:00.000000,Strathcona Community Hospital,284,0
2026-09-02 06:10:00.000000,Sturgeon Community Hospital,254,0
2026-09-02 06:10:00.000000,University of Alberta Hospital,214,0
2026-09-02 06:10:00.000000,WestView Health Centre,236,0
2026-09-02 06:20:00.000000,Airdrie Community Health Centre,30,0
2026-09-02 06:20:00.000000,Alberta Children's Hospital,30,0
2026-09-02 06:20:00.000000,Chinook Regional Hospital,30,0
2026-09-02 06:20:00.000000,Cochrane Community Health Centre,,0
2026-09-02 06:20:00.000000,Devon General Hospital,196,0
2026-09-02 06:20:00.000000,Foothills Medical Centre,345,0
2026-09-02 06:20:00.000000,Fort Sask Community Hospital,226,0
2026-09-02 06:20:00.000000,Grande Prairie Regional Hospital,153,0
2026-09-02 06:20:00.000000,Grey Nuns Community Hospital,194,0
2026-09-02 06:20:00.000000,Innisfail Health Centre,,1
2026-09-02 06:20:00.000000,Lacombe Hospital and Care Centre,,1
2026-09-02 06:20:00.000000,Leduc Community Hospital,135,0
2026-09-02 06:20:00.000000,Medicine Hat Regional Hospital,43,0
2026-09-02 06:20:00.000000,Misericordia Community Hospital,400,0
2026-09-02 06:20:00.000000,Northeast Community Health Centre,168,0
2026-09-02 06:20:00.000000,Northern Lights Regional Health Centre,30,0
2026-09-02 06:20:00.000000,Okotoks Health and Wellness Centre,,0
2026-09-02 06:20:00.000000,Peter Lougheed Centre,211,0
2026-09-02 06:20:00.000000,Red Deer Regional Hospital,30,0
2026-09-02 06:20:00.000000,Rockyview General Hospital,237,0
2026-09-02 06:20:00.000000,Royal Alexandra Hospital,190,0
2026-09-02 06:20:00.000000,Sheldon M. Chumir Centre,163,0
2026-09-02 06:20:00.000000,South Calgary Health Centre,,0
2026-09-02 06:20:00.000000,South Health Campus,174,0
2026-09-02 06:20:00.000000,Stollery Children's Hospital,73,0
2026-09-02 06:20:00.000000,Strathcona Community Hospital,260,0
2026-09-02 06:20:00.000000,Sturgeon Community Hospital,282,0
2026-09-02 06:20:00.000000,University of Alberta Hospital,210,0
2026-09-02 06:20:00.000000,WestView Health Centre,202,0
2026-09-02 06:30:00.000000,Airdrie Community Health Centre,31,0
2026-09-02 06:30:00.000000,Alberta Children's Hospital,30,0
2026-09-02 06:30:00.000000,Chinook Regional Hospital,30,0
2026-09-02 06:30:00.000000,Cochrane Community Health Centre,,0
2026-09-02 06:30:00.000000,Devon General Hospital,196,0
2026-09-02 06:30:00.000000,Foothills Medical Centre,322,0
2026-09-02 06:30:00.000000,Fort Sask Community Hospital,226,0
2026-09-02 06:30:00.000000,Grande Prairie Regional Hospital,150,0
2026-09-02 06:30:00.000000,Grey Nuns Community Hospital,194,0
2026-09-02 06:30:00.000000,Innisfail Health Centre,,1
2026-09-02 06:30:00.000000,Lacombe Hospital and Care Centre,,1
2026-09-02 06:30:00.000000,Leduc Community Hospital,158,0
2026-09-02 06:30:00.000000,Medicine Hat Regional Hospital,43,0
2026-09-02 06:30:00.000000,Misericordia Community Hospital,418,0
2026-09-02 06:30:00.000000,Northeast Community Health Centre,173,0
2026-09-02 06:30:00.000000,Northern Lights Regional Health Centre,41,0
2026-09-02 06:30:00.000000,Okotoks Health and Wellness Centre,,0
2026-09-02 06:30:00.000000,Peter Lougheed Centre,206,0
2026-09-02 06:30:00.000000,Red Deer Regional Hospital,30,0
2026-09-02 06:30:00.000000,Rockyview General Hospital,227,0
2026-09-02 06:30:00.000000,Royal Alexandra Hospital,190,0
2026-09-02 06:30:00.000000,Sheldon M. Chumir Centre,128,0
2026-09-02 06:30:00.000000,South Calgary Health Centre,,0
2026-09-02 06:30:00.000000,South Health Campus,180,0
2026-09-02 06:30:00.000000,Stollery Children's Hospital,62,0
2026-09-02 06:30:00.000000,Strathcona Community Hospital,260,0
2026-09-02 06:30:00.000000,Sturgeon Community Hospital,311,0
2026-09-02 06:30:00.000000,University of Alberta Hospital,207,0
2026-09-02 06:30:00.000000,WestView Health Centre,202,0
2026-09-02 06:40:00.000000,Airdrie Community Health Centre,42,0
2026-09-02 06:40:00.000000,Alberta Children's Hospital,30,0
2026-09-02 06:40:00.000000,Chinook Regional Hospital,30,0
2026-09-02 06:40:00.000000,Cochrane Community Health Centre,,0
2026-09-02 06:40:00.000000,Devon General Hospital,196,0
2026-09-02 06:40:00.000000,Foothills Medical Centre,321,0
2026-09-02 06:40:00.000000,Fort Sask Community Hospital,226,0
2026-09-02 06:40:00.000000,Grande Prairie Regional Hospital,156,0
2026-09-02 06:40:00.000000,Grey Nuns Community Hospital,205,0
2026-09-02 06:40:00.000000,Innisfail Health Centre,,1
2026-09-02 06:40:00.000000,Lacombe Hospital and Care Centre,,1
2026-09-02 06:40:00.000000,Leduc Community Hospital,113,0
2026-09-02 06:40:00.000000,Medicine Hat Regional Hospital,43,0
2026-09-02 06:40:00.000000,Misericordia Community Hospital,382,0
2026-09-02 06:40:00.000000,Northeast Community Health Centre,184,0
2026-09-02 06:40:00.000000,Northern Lights Regional Health Centre,30,0
2026-09-02 06:40:00.000000,Okotoks Health and Wellness Centre,,0
2026-09-02 06:40:00.000000,Peter Lougheed Centre,200,0
2026-09-02 06:40:00.000000,Red Deer Regional Hospital,30,0
2026-09-02 06:40:00.000000,Rockyview General Hospital,211,0
2026-09-02 06:40:00.000000,Royal Alexandra Hospital,170,0
2026-09-02 06:40:00.000000,Sheldon M. Chumir Centre,128,0
2026-09-02 06:40:00.000000,South Calgary Health Centre,,0
2026-09-02 06:40:00.000000,South Health Campus,176,0
2026-09-02 06:40:00.000000,Stollery Children's Hospital,52,0
2026-09-02 06:40:00.000000,Strathcona Community Hospital,260,0
2026-09-02 06:40:00.000000,Sturgeon Community Hospital,320,0
2026-09-02 06:40:00.000000,University of Alberta Hospital,219,0
2026-09-02 06:40:00.000000,WestView Health Centre,202,0
2026-09-02 06:50:00.000000,Airdrie Community Health Centre,30,0
2026-09-02 06:50:00.000000,Alberta Children's Hospital,30,0
2026-09-02 06:50:00.000000,Chinook Regional Hospital,30,0
2026-09-02 06:50:00.000000,Cochrane Community Health Centre,,0
2026-09-02 06:50:00.000000,Devon General Hospital,39,0
2026-09-02 06:50:00.000000,Foothills Medical Centre,311,0
2026-09-02 06:50:00.000000,Fort Sask Community Hospital,226,0
2026-09-02 06:50:00.000000,Grande Prairie Regional Hospital,153,0
2026-09-02 06:50:00.000000,Grey Nuns Community Hospital,205,0
2026-09-02 06:50:00.000000,Innisfail Health Centre,,1
2026-09-02 06:50:00.000000,Lacombe Hospital and Care Centre,,1
2026-09-02 06:50:00.000000,Leduc Community Hospital,135,0
2026-09-02 06:50:00.000000,Medicine Hat Regional Hospital,43,0
2026-09-02 06:50:00.000000,Misericordia Community Hospital,382,0
2026-09-02 06:50:00.000000,Northeast Community Health Centre,184,0
2026-09-02 06:50:00.000000,Northern Lights Regional Health Centre,41,0
2026-09-02 06:50:00.000000,Okotoks Health and Wellness Centre,,0
2026-09-02 06:50:00.000000,Peter Lougheed Centre,196,0
2026-09-02 06:50:00.000000,Red Deer Regional Hospital,30,0
2026-09-02 06:50:00.000000,Rockyview General Hospital,202,0
2026-09-02 06:50:00.000000,Royal Alexandra Hospital,170,0
2026-09-02 06:50:00.000000,Sheldon M. Chumir Centre,95,0
2026-09-02 06:50:00.000000,South Calgary Health Centre,,0
2026-09-02 06:50:00.000000,South Health Campus,166,0
2026-09-02 06:50:00.000000,Stollery Children's Hospital,52,0
2026-09-02 06:50:00.000000,Strathcona Community Hospital,237,0
2026-09-02 06:50:00.000000,Sturgeon Community Hospital,328,0
2026-09-02 06:50:00.000000,University of Alberta Hospital,221,0
2026-09-02 06:50:00.000000,WestView Health Centre,202,0
2026-09-02 07:00:00.000000,Airdrie Community Health Centre,30,0
2026-09-02 07:00:00.000000,Alberta Children's Hospital,31,0
2026-09-02 07:00:00.000000,Chinook Regional Hospital,30,0
2026-09-02 07:00:00.000000,Cochrane Community Health Centre,,0
2026-09-02 07:00:00.000000,Devon General Hospital,39,0
2026-09-02 07:00:00.000000,Foothills Medical Centre,309,0
2026-09-02 07:00:00.000000,Fort Sask Community Hospital,259,0
2026-09-02 07:00:00.000000,Grande Prairie Regional Hospital,159,0
2026-09-02 07:00:00.000000,Grey Nuns Community Hospital,205,0
2026-09-02 07:00:00.000000,Innisfail Health Centre,,1
2026-09-02 07:00:00.000000,Lacombe Hospital and Care Centre,,1
2026-09-02 07:00:00.000000,Leduc Community Hospital,135,0
2026-09-02 07:00:00.000000,Medicine Hat Regional Hospital,55,0
2026-09-02 07:00:00.000000,Misericordia Community Hospital,345,0
2026-09-02 07:00:00.000000,Northeast Community Health Centre,184,0
2026-09-02 07:00:00.000000,Northern Lights Regional Health Centre,41,0
2026-09-02 07:00:00.000000,Okotoks Health and Wellness Centre,,0
2026-09-02 07:00:00.000000,Peter Lougheed Centre,200,0
2026-09-02 07:00:00.000000,Red Deer Regional Hospital,41,0
2026-09-02 07:00:00.000000,Rockyview General Hospital,201,0
2026-09-02 07:00:00.000000,Royal Alexandra Hospital,160,0
2026-09-02 07:00:00.000000,Sheldon M. Chumir Centre,99,0
2026-09-02 07:00:00.000000,South Calgary Health Centre,,0
2026-09-02 07:00:00.000000,South Health Campus,154,0
2026-09-02 07:00:00.000000,Stollery Children's Hospital,52,0
2026-09-02 07:00:00.000000,Strathcona Community Hospital,237,0
2026-09-02 07:00:00.000000,Sturgeon Community Hospital,331,0
2026-09-02 07:00:00.000000,University of Alberta Hospital,223,0
2026-09-02 07:00:00.000000,WestView Health Centre,169,0
2026-09-02 07:10:00.000000,Airdrie Community Health Centre,38,0
2026-09-02 07:10:00.000000,Alberta Children's Hospital,30,0
2026-09-02 07:10:00.000000,Chinook Regional Hospital,30,0
2026-09-02 07:10:00.000000,Cochrane Community Health Centre,,0
2026-09-02 07:10:00.000000,Devon General Hospital,31,0
2026-09-02 07:10:00.000000,Foothills Medical Centre,457,0
2026-09-02 07:10:00.000000,Fort Sask Community Hospital,224,0
2026-09-02 07:10:00.000000,Grande Prairie Regional Hospital,97,0
2026-09-02 07:10:00.000000,Grey Nuns Community Hospital,142,0
2026-09-02 07:10:00.000000,Innisfail Health Centre,,1
2026-09-02 07:10:00.000000,Lacombe Hospital and Care Centre,,1
2026-09-02 07:10:00.000000,Leduc Community Hospital,142,0
2026-09-02 07:10:00.000000,Medicine Hat Regional Hospital,73,0
2026-09-02 07:10:00.000000,Misericordia Community Hospital,313,0
2026-09-02 07:10:00.000000,Northeast Community Health Centre,305,0
2026-09-02 07:10:00.000000,Northern Lights Regional Health Centre,49,0
2026-09-02 07:10:00.000000,Okotoks Health and Wellness Centre,,0
2026-09-02 07:10:00.000000,Peter Lougheed Centre,237,0
2026-09-02 07:10:00.000000,Red Deer Regional Hospital,61,0
2026-09-02 07:10:00.000000,Rockyview General Hospital,299,0
2026-09-02 07:10:00.000000,Royal Alexandra Hospital,239,0
2026-09-02 07:10:00.000000,Sheldon M. Chumir Centre,160,0
2026-09-02 07:10:00.000000,South Calgary Health Centre,,0
2026-09-02 07:10:00.000000,South Health Campus,243,0
2026-09-02 07:10:00.000000,Stollery Children's Hospital,71,0
2026-09-02 07:10:00.000000,Strathcona Community Hospital,270,0
2026-09-02 07:10:00.000000,Sturgeon Community Hospital,272,0
2026-09-02 07:10:00.000000,University of Alberta Hospital,239,0
2026-09-02 07:10:00.000000,WestView Health Centre,191,0
2026-09-02 07:20:00.000000,Airdrie Community Health Centre,58,0
2026-09-02 07:20:00.000000,Alberta Children's Hospital,30,0
2026-09-02 07:20:00.000000,Chinook Regional Hospital,30,0
2026-09-02 07:20:00.000000,Cochrane Community Health Centre,,0
2026-09-02 07:20:00.000000,Devon General Hospital,31,0
2026-09-02 07:20:00.000000,Foothills Medical Centre,430,0
2026-09-02 07:20:00.000000,Fort Sask Community Hospital,252,0
2026-09-02 07:20:00.000000,Grande Prairie Regional Hospital,109,0
2026-09-02 07:20:00.000000,Grey Nuns Community Hospital,135,0
2026-09-02 07:20:00.000000,Innisfail Health Centre,,1
2026-09-02 07:20:00.000000,Lacombe Hospital and Care Centre,,1
2026-09-02 07:20:00.000000,Leduc Community Hospital,142,0
2026-09-02 07:20:00.000000,Medicine Hat Regional Hospital,82,0
2026-09-02 07:20:00.000000,Misericordia Community Hospital,313,0
2026-09-02 07:20:00.000000,Northeast Community Health Centre,295,0
2026-09-02 07:20:00.000000,Northern Lights Regional Health Centre,30,0
2026-09-02 07:20:00.000000,Okotoks Health and Wellness Centre,,0
2026-09-02 07:20:00.000000,Peter Lougheed Centre,216,0
2026-09-02 07:20:00.000000,Red Deer Regional Hospital,55,0
2026-09-02 07:20:00.000000,Rockyview General Hospital,272,0
2026-09-02 07:20:00.000000,Royal Alexandra Hospital,254,0
2026-09-02 07:20:00.000000,Sheldon M. Chumir Centre,150,0
2026-09-02 07:20:00.000000,South Calgary Health Centre,,0
2026-09-02 07:20:00.000000,South Health Campus,258,0
2026-09-02 07:20:00.000000,Stollery Children's Hospital,47,0
2026-09-02 07:20:00.000000,Strathcona Community Hospital,266,0
2026-09-02 07:20:00.000000,Sturgeon Community Hospital,260,0
2026-09-02 07:20:00.000000,University of Alberta Hospital,238,0
2026-09-02 07:20:00.000000,WestView Health Centre,229,0
2026-09-02 07:30:00.000000,Airdrie Community Health Centre,30,0
2026-09-02 07:30:00.000000,Alberta Children's Hospital,30,0
2026-09-02 07:30:00.000000,Chinook Regional Hospital,55,0
2026-09-02 07:30:00.000000,Cochrane Community Health Centre,,0
2026-09-02 07:30:00.000000,Devon General Hospital,31,0
2026-09-02 07:30:00.000000,Foothills Medical Centre,422,0
2026-09-02 07:30:00.000000,Fort Sask Community Hospital,308,0
2026-09-02 07:30:00.000000,Grande Prairie Regional Hospital,114,0
2026-09-02 07:30:00.000000,Grey Nuns Community Hospital,142,0
2026-09-02 07:30:00.000000,Innisfail Health Centre,,1
2026-09-02 07:30:00.000000,Lacombe Hospital and Care Centre,,1
2026-09-02 07:30:00.000000,Leduc Community Hospital,163,0
2026-09-02 07:30:00.000000,Medicine Hat Regional Hospital,62,0
2026-09-02 07:30:00.000000,Misericordia Community Hospital,330,0
2026-09-02 07:30:00.000000,Northeast Community Health Centre,305,0
2026-09-02 07:30:00.000000,Northern Lights Regional Health Centre,30,0
2026-09-02 07:30:00.000000,Okotoks Health and Wellness Centre,,0
2026-09-02 07:30:00.000000,Peter Lougheed Centre,223,0
2026-09-02 07:30:00.000000,Red Deer Regional Hospital,66,0
2026-09-02 07:30:00.000000,Rockyview General Hospital,273,0
2026-09-02 07:30:00.000000,Royal Alexandra Hospital,269,0
2026-09-02 07:30:00.000000,Sheldon M. Chumir Centre,131,0
2026-09-02 07:30:00.000000,South Calgary Health Centre,,0
2026-09-02 07:30:00.000000,South Health Campus,252,0
2026-09-02 07:30:00.000000,Stollery Children's Hospital,59,0
2026-09-02 07:30:00.000000,Strathcona Community Hospital,242,0
2026-09-02 07:30:00.000000,Sturgeon Community Hospital,272,0
2026-09-02 07:30:00.000000,University of Alberta Hospital,247,0
2026-09-02 07:30:00.000000,WestView Health Centre,229,0
2026-09-02 07:40:00.000000,Airdrie Community Health Centre,38,0
2026-09-02 07:40:00.000000,Alberta Children's Hospital,30,0
2026-09-02 07:40:00.000000,Chinook Regional Hospital,55,0
2026-09-02 07:40:00.000000,Cochrane Community Health Centre,,0
2026-09-02 07:40:00.000000,Devon General Hospital,30,0
2026-09-02 07:40:00.000000,Foothills Medical Centre,405,0
2026-09-02 07:40:00.000000,Fort Sask Community Hospital,308,0
2026-09-02 07:40:00.000000,Grande Prairie Regional Hospital,119,0
2026-09-02 07:40:00.000000,Grey Nuns Community Hospital,150,0
2026-09-02 07:40:00.000000,Innisfail Health Centre,,1
2026-09-02 07:40:00.000000,Lacombe Hospital and Care Centre,,1
2026-09-02 07:40:00.000000,Leduc Community Hospital,183,0
2026-09-02 07:40:00.000000,Medicine Hat Regional Hospital,88,0
2026-09-02 07:40:00.000000,Misericordia Community Hospital,330,0
2026-09-02 07:40:00.000000,Northeast Community Health Centre,297,0
2026-09-02 07:40:00.000000,Northern Lights Regional Health Centre,33,0
2026-09-02 07:40:00.000000,Okotoks Health and Wellness Centre,,0
2026-09-02 07:40:00.000000,Peter Lougheed Centre,223,0
2026-09-02 07:40:00.000000,Red Deer Regional Hospital,62,0
2026-09-02 07:40:00.000000,Rockyview General Hospital,274,0
2026-09-02 07:40:00.000000,Royal Alexandra Hospital,268,0
2026-09-02 07:40:00.000000,Sheldon M. Chumir Centre,123,0
2026-09-02 07:40:00.000000,South Calgary Health Centre,,0
2026-09-02 07:40:00.000000,South Health Campus,256,0
2026-09-02 07:40:00.000000,Stollery Children's Hospital,47,0
2026-09-02 07:40:00.000000,Strathcona Community Hospital,235,0
2026-09-02 07:40:00.000000,Sturgeon Community Hospital,272,0
2026-09-02 07:40:00.000000,University of Alberta Hospital,245,0
2026-09-02 07:40:00.000000,WestView Health Centre,191,0
2026-09-02 07:50:00.000000,Airdrie Community Health Centre,38,0
2026-09-02 07:50:00.000000,Alberta Children's Hospital,30,0
2026-09-02 07:50:00.000000,Chinook Regional Hospital,53,0
2026-09-02 07:50:00.000000,Cochrane Community Health Centre,,0
2026-09-02 07:50:00.000000,Devon General Hospital,31,0
2026-09-02 07:50:00.000000,Foothills Medical Centre,404,0
2026-09-02 07:50:00.000000,Fort Sask Community Hospital,308,0
2026-09-02 07:50:00.000000,Grande Prairie Regional Hospital,116,0
2026-09-02 07:50:00.000000,Grey Nuns Community Hospital,150,0
2026-09-02 07:50:00.000000,Innisfail Health Centre,,1
2026-09-02 07:50:00.000000,Lacombe Hospital and Care Centre,,1
2026-09-02 07:50:00.000000,Leduc Community Hospital,204,0
2026-09-02 07:50:00.000000,Medicine Hat Regional Hospital,82,0
2026-09-02 07:50:00.000000,Misericordia Community Hospital,313,0
2026-09-02 07:50:00.000000,Northeast Community Health Centre,323,0
2026-09-02 07:50:00.000000,Northern Lights Regional Health Centre,33,0
2026-09-02 07:50:00.000000,Okotoks Health and Wellness Centre,,0
2026-09-02 07:50:00.000000,Peter Lougheed Centre,210,0
2026-09-02 07:50:00.000000,Red Deer Regional Hospital,30,0
2026-09-02 07:50:00.000000,Rockyview General Hospital,272,0
2026-09-02 07:50:00.000000,Royal Alexandra Hospital,266,0
2026-09-02 07:50:00.000000,Sheldon M. Chumir Centre,113,0
2026-09-02 07:50:00.000000,South Calgary Health Centre,,0
2026-09-02 07:50:00.000000,South Health Campus,270,0
2026-09-02 07:50:00.000000,Stollery Children's Hospital,76,0
2026-09-02 07:50:00.000000,Strathcona Community Hospital,192,0
2026-09-02 07:50:00.000000,Sturgeon Community Hospital,283,0
2026-09-02 07:50:00.000000,University of Alberta Hospital,243,0
2026-09-02 07:50:00.000000,WestView Health Centre,191,0
2026-09-02 08:00:00.000000,Airdrie Community Health Centre,38,0
2026-09-02 08:00:00.000000,Alberta Children's Hospital,30,0
2026-09-02 08:00:00.000000,Chinook Regional Hospital,50,0
2026-09-02 08:00:00.000000,Cochrane Community Health Centre,,0
2026-09-02 08:00:00.000000,Devon General Hospital,30,0
2026-09-02 08:00:00.000000,Foothills Medical Centre,405,0
2026-09-02 08:00:00.000000,Fort Sask Community Hospital,308,0
2026-09-02 08:00:00.000000,Grande Prairie Regional Hospital,93,0
2026-09-02 08:00:00.000000,Grey Nuns Community Hospital,127,0
2026-09-02 08:00:00.000000,Innisfail Health Centre,,1
2026-09-02 08:00:00.000000,Lacombe Hospital and Care Centre,,1
2026-09-02 08:00:00.000000,Leduc Community Hospital,163,0
2026-09-02 08:00:00.000000,Medicine Hat Regional Hospital,108,0
2026-09-02 08:00:00.000000,Misericordia Community Hospital,330,0
2026-09-02 08:00:00.000000,Northeast Community Health Centre,315,0
2026-09-02 08:00:00.000000,Northern Lights Regional Health Centre,49,0
2026-09-02 08:00:00.000000,Okotoks Health and Wellness Centre,,0
2026-09-02 08:00:00.000000,Peter Lougheed Centre,209,0
2026-09-02 08:00:00.000000,Red Deer Regional Hospital,30,0
2026-09-02 08:00:00.000000,Rockyview General Hospital,263,0
2026-09-02 08:00:00.000000,Royal Alexandra Hospital,270,0
2026-09-02 08:00:00.000000,Sheldon M. Chumir Centre,106,0
2026-09-02 08:00:00.000000,South Calgary Health Centre,,0
2026-09-02 08:00:00.000000,South Health Campus,253,0
2026-09-02 08:00:00.000000,Stollery Children's Hospital,84,0
2026-09-02 08:00:00.000000,Strathcona Community Hospital,168,0
2026-09-02 08:00:00.000000,Sturgeon Community Hospital,283,0
2026-09-02 08:00:00.000000,University of Alberta Hospital,237,0
2026-09-02 08:00:00.000000,WestView Health Centre,191,0
2026-09-02 08:10:00.000000,Airdrie Community Health Centre,58,0
2026-09-02 08:10:00.000000,Alberta Children's Hospital,30,0
2026-09-02 08:10:00.000000,Chinook Regional Hospital,53,0
2026-09-02 08:10:00.000000,Cochrane Community Health Centre,30,0
2026-09-02 08:10:00.000000,Devon General Hospital,31,0
2026-09-02 08:10:00.000000,Foothills Medical Centre,386,0
2026-09-02 08:10:00.000000,Fort Sask Community Hospital,308,0
2026-09-02 08:10:00.000000,Grande Prairie Regional Hospital,111,0
2026-09-02 08:10:00.000000,Grey Nuns Community Hospital,135,0
2026-09-02 08:10:00.000000,Innisfail Health Centre,,1
2026-09-02 08:10:00.000000,Lacombe Hospital and Care Centre,,1
2026-09-02 08:10:00.000000,Leduc Community Hospital,163,0
2026-09-02 08:10:00.000000,Medicine Hat Regional Hospital,105,0
2026-09-02 08:10:00.000000,Misericordia Community Hospital,346,0
2026-09-02 08:10:00.000000,Northeast Community Health Centre,286,0
2026-09-02 08:10:00.000000,Northern Lights Regional Health Centre,82,0
2026-09-02 08:10:00.000000,Okotoks Health and Wellness Centre,30,0
2026-09-02 08:10:00.000000,Peter Lougheed Centre,185,0
2026-09-02 08:10:00.000000,Red Deer Regional Hospital,30,0
2026-09-02 08:10:00.000000,Rockyview General Hospital,251,0
2026-09-02 08:10:00.000000,Royal Alexandra Hospital,273,0
2026-09-02 08:10:00.000000,Sheldon M. Chumir Centre,47,0
2026-09-02 08:10:00.000000,South Calgary Health Centre,30,0
2026-09-02 08:10:00.000000,South Health Campus,271,0
2026-09-02 08:10:00.000000,Stollery Children's Hospital,107,0
2026-09-02 08:10:00.000000,Strathcona Community Hospital,176,0
2026-09-02 08:10:00.000000,Sturgeon Community Hospital,304,0
2026-09-02 08:10:00.000000,University of Alberta Hospital,224,0
2026-09-02 08:10:00.000000,WestView Health Centre,191,0
2026-09-02 08:20:00.000000,Airdrie Community Health Centre,58,0
2026-09-02 08:20:00.000000,Alberta Children's Hospital,30,0
2026-09-02 08:20:00.000000,Chinook Regional Hospital,50,0
2026-09-02 08:20:00.000000,Cochrane Community Health Centre,83,0
2026-09-02 08:20:00.000000,Devon General Hospital,63,0
2026-09-02 08:20:00.000000,Foothills Medical Centre,352,0
2026-09-02 08:20:00.000000,Fort Sask Community Hospital,280,0
2026-09-02 08:20:00.000000,Grande Prairie Regional Hospital,109,0
2026-09-02 08:20:00.000000,Grey Nuns Community Hospital,127,0
2026-09-02 08:20:00.000000,Innisfail Health Centre,,1
2026-09-02 08:20:00.000000,Lacombe Hospital and Care Centre,,1
2026-09-02 08:20:00.000000,Leduc Community Hospital,163,0
2026-09-02 08:20:00.000000,Medicine Hat Regional Hospital,90,0
2026-09-02 08:20:00.000000,Misericordia Community Hospital,346,0
2026-09-02 08:20:00.000000,Northeast Community Health Centre,260,0
2026-09-02 08:20:00.000000,Northern Lights Regional Health Centre,103,0
2026-09-02 08:20:00.000000,Okotoks Health and Wellness Centre,30,0
2026-09-02 08:20:00.000000,Peter Lougheed Centre,162,0
2026-09-02 08:20:00.000000,Red Deer Regional Hospital,31,0
2026-09-02 08:20:00.000000,Rockyview General Hospital,248,0
2026-09-02 08:20:00.000000,Royal Alexandra Hospital,258,0
2026-09-02 08:20:00.000000,Sheldon M. Chumir Centre,30,0
2026-09-02 08:20:00.000000,South Calgary Health Centre,30,0
2026-09-02 08:20:00.000000,South Health Campus,263,0
2026-09-02 08:20:00.000000,Stollery Children's Hospital,107,0
2026-09-02 08:20:00.000000,Strathcona Community Hospital,185,0
2026-09-02 08:20:00.000000,Sturgeon Community Hospital,300,0
2026-09-02 08:20:00.000000,University of Alberta Hospital,216,0
2026-09-02 08:20:00.000000,WestView Health Centre,152,0
2026-09-02 08:30:00.000000,Airdrie Community Health Centre,53,0
2026-09-02 08:30:00.000000,Alberta Children's Hospital,30,0
2026-09-02 08:30:00.000000,Chinook Regional Hospital,53,0
2026-09-02 08:30:00.000000,Cochrane Community Health Centre,92,0
2026-09-02 08:30:00.000000,Devon General Hospital,31,0
2026-09-02 08:30:00.000000,Foothills Medical Centre,379,0
2026-09-02 08:30:00.000000,Fort Sask Community Hospital,308,0
2026-09-02 08:30:00.000000,Grande Prairie Regional Hospital,92,0
2026-09-02 08:30:00.000000,Grey Nuns Community Hospital,112,0
2026-09-02 08:30:00.000000,Innisfail Health Centre,,1
2026-09-02 08:30:00.000000,Lacombe Hospital and Care Centre,,1
2026-09-02 08:30:00.000000,Leduc Community Hospital,142,0
2026-09-02 08:30:00.000000,Medicine Hat Regional Hospital,90,0
2026-09-02 08:30:00.000000,Misericordia Community Hospital,346,0
2026-09-02 08:30:00.000000,Northeast Community Health Centre,267,0
2026-09-02 08:30:00.000000,Northern Lights Regional Health Centre,108,0
2026-09-02 08:30:00.000000,Okotoks Health and Wellness Centre,30,0
2026-09-02 08:30:00.000000,Peter Lougheed Centre,163,0
2026-09-02 08:30:00.000000,Red Deer Regional Hospital,79,0
2026-09-02 08:30:00.000000,Rockyview General Hospital,243,0
2026-09-02 08:30:00.000000,Royal Alexandra Hospital,253,0
2026-09-02 08:30:00.000000,Sheldon M. Chumir Centre,31,0
2026-09-02 08:30:00.000000,South Calgary Health Centre,30,0
2026-09-02 08:30:00.000000,South Health Campus,254,0
2026-09-02 08:30:00.000000,Stollery Children's Hospital,107,0
2026-09-02 08:30:00.000000,Strathcona Community Hospital,159,0
2026-09-02 08:30:00.000000,Sturgeon Community Hospital,283,0
2026-09-02 08:30:00.000000,University of Alberta Hospital,207,0
2026-09-02 08:30:00.000000,WestView Health Centre,114,0
2026-09-02 08:40:00.000000,Airdrie Community Health Centre,62,0
2026-09-02 08:40:00.000000,Alberta Children's Hospital,30,0
2026-09-02 08:40:00.000000,Chinook Regional Hospital,50,0
2026-09-02 08:40:00.000000,Cochrane Community Health Centre,97,0
2026-09-02 08:40:00.000000,Devon General Hospital,31,0
2026-09-02 08:40:00.000000,Foothills Medical Centre,362,0
2026-09-02 08:40:00.000000,Fort Sask Community Hospital,308,0
2026-09-02 08:40:00.000000,Grande Prairie Regional Hospital,97,0
2026-09-02 08:40:00.000000,Grey Nuns Community Hospital,112,0
2026-09-02 08:40:00.000000,Innisfail Health Centre,,1
2026-09-02 08:40:00.000000,Lacombe Hospital and Care Centre,,1
2026-09-02 08:40:00.000000,Leduc Community Hospital,163,0
2026-09-02 08:40:00.000000,Medicine Hat Regional Hospital,90,0
2026-09-02 08:40:00.000000,Misericordia Community Hospital,330,0
2026-09-02 08:40:00.000000,Northeast Community Health Centre,259,0
2026-09-02 08:40:00.000000,Northern Lights Regional Health Centre,89,0
2026-09-02 08:40:00.000000,Okotoks Health and Wellness Centre,46,0
2026-09-02 08:40:00.000000,Peter Lougheed Centre,159,0
2026-09-02 08:40:00.000000,Red Deer Regional Hospital,63,0
2026-09-02 08:40:00.000000,Rockyview General Hospital,228,0
2026-09-02 08:40:00.000000,Royal Alexandra Hospital,237,0
2026-09-02 08:40:00.000000,Sheldon M. Chumir Centre,31,0
2026-09-02 08:40:00.000000,South Calgary Health Centre,30,0
2026-09-02 08:40:00.000000,South Health Campus,237,0
2026-09-02 08:40:00.000000,Stollery Children's Hospital,125,0
2026-09-02 08:40:00.000000,Strathcona Community Hospital,168,0
2026-09-02 08:40:00.000000,Sturgeon Community Hospital,290,0
2026-09-02 08:40:00.000000,University of Alberta Hospital,209,0
2026-09-02 08:40:00.000000,WestView Health Centre,152,0
2026-09-02 08:50:00.000000,Airdrie Community Health Centre,58,0
2026-09-02 08:50:00.000000,Alberta Children's Hospital,30,0
2026-09-02 08:50:00.000000,Chinook Regional Hospital,40,0
2026-09-02 08:50:00.000000,Cochrane Community Health Centre,81,0
2026-09-02 08:50:00.000000,Devon General Hospital,31,0
2026-09-02 08:50:00.000000,Foothills Medical Centre,345,0
2026-09-02 08:50:00.000000,Fort Sask Community Hospital,308,0
2026-09-02 08:50:00.000000,Grande Prairie Regional Hospital,95,0
2026-09-02 08:50:00.000000,Grey Nuns Community Hospital,120,0
2026-09-02 08:50:00.000000,Innisfail Health Centre,,1
2026-09-02 08:50:00.000000,Lacombe Hospital and Care Centre,,1
2026-09-02 08:50:00.000000,Leduc Community Hospital,183,0
2026-09-02 08:50:00.000000,Medicine Hat Regional Hospital,90,0
2026-09-02 08:50:00.000000,Misericordia Community Hospital,339,0
2026-09-02 08:50:00.000000,Northeast Community Health Centre,250,0
2026-09-02 08:50:00.000000,Northern Lights Regional Health Centre,86,0
2026-09-02 08:50:00.000000,Okotoks Health and Wellness Centre,46,0
2026-09-02 08:50:00.000000,Peter Lougheed Centre,149,0
2026-09-02 08:50:00.000000,Red Deer Regional Hospital,47,0
2026-09-02 08:50:00.000000,Rockyview General Hospital,219,0
2026-09-02 08:50:00.000000,Royal Alexandra Hospital,246,0
2026-09-02 08:50:00.000000,Sheldon M. Chumir Centre,30,0
2026-09-02 08:50:00.000000,South Calgary Health Centre,30,0
2026-09-02 08:50:00.000000,South Health Campus,229,0
2026-09-02 08:50:00.000000,Stollery Children's Hospital,107,0
2026-09-02 08:50:00.000000,Strathcona Community Hospital,161,0
2026-09-02 08:50:00.000000,Sturgeon Community Hospital,292,0
2026-09-02 08:50:00.000000,University of Alberta Hospital,211,0
2026-09-02 08:50:00.000000,WestView Health Centre,152,0
2026-09-02 09:00:00.000000,Airdrie Community Health Centre,79,0
2026-09-02 09:00:00.000000,Alberta Children's Hospital,30,0
2026-09-02 09:00:00.000000,Chinook Regional Hospital,35,0
2026-09-02 09:00:00.000000,Cochrane Community Health Centre,93,0
2026-09-02 09:00:00.000000,Devon General Hospital,63,0
2026-09-02 09:00:00.000000,Foothills Medical Centre,368,0
2026-09-02 09:00:00.000000,Fort Sask Community Hospital,280,0
2026-09-02 09:00:00.000000,Grande Prairie Regional Hospital,106,0
2026-09-02 09:00:00.000000,Grey Nuns Community Hospital,97,0
2026-09-02 09:00:00.000000,Innisfail Health Centre,,1
2026-09-02 09:00:00.000000,Lacombe Hospital and Care Centre,,1
2026-09-02 09:00:00.000000,Leduc Community Hospital,142,0
2026-09-02 09:00:00.000000,Medicine Hat Regional Hospital,105,0
2026-09-02 09:00:00.000000,Misericordia Community Hospital,310,0
2026-09-02 09:00:00.000000,Northeast Community Health Centre,204,0
2026-09-02 09:00:00.000000,Northern Lights Regional Health Centre,91,0
2026-09-02 09:00:00.000000,Okotoks Health and Wellness Centre,60,0
2026-09-02 09:00:00.000000,Peter Lougheed Centre,137,0
2026-09-02 09:00:00.000000,Red Deer Regional Hospital,47,0
2026-09-02 09:00:00.000000,Rockyview General Hospital,195,0
2026-09-02 09:00:00.000000,Royal Alexandra Hospital,211,0
2026-09-02 09:00:00.000000,Sheldon M. Chumir Centre,30,0
2026-09-02 09:00:00.000000,South Calgary Health Centre,30,0
2026-09-02 09:00:00.000000,South Health Campus,202,0
2026-09-02 09:00:00.000000,Stollery Children's Hospital,107,0
2026-09-02 09:00:00.000000,Strathcona Community Hospital,134,0
2026-09-02 09:00:00.000000,Sturgeon Community Hospital,292,0
2026-09-02 09:00:00.000000,University of Alberta Hospital,208,0
2026-09-02 09:00:00.000000,WestView Health Centre,152,0
2026-09-02 09:10:00.000000,Airdrie Community Health Centre,90,0
2026-09-02 09:10:00.000000,Alberta Children's Hospital,30,0
2026-09-02 09:10:00.000000,Chinook Regional Hospital,34,0
2026-09-02 09:10:00.000000,Cochrane Community Health Centre,98,0
2026-09-02 09:10:00.000000,Devon General Hospital,63,0
2026-09-02 09:10:00.000000,Foothills Medical Centre,362,0
2026-09-02 09:10:00.000000,Fort Sask Community Hospital,308,0
2026-09-02 09:10:00.000000,Grande Prairie Regional Hospital,125,0
2026-09-02 09:10:00.000000,Grey Nuns Community Hospital,97,0
2026-09-02 09:10:00.000000,Innisfail Health Centre,,1
2026-09-02 09:10:00.000000,Lacombe Hospital and Care Centre,,1
2026-09-02 09:10:00.000000,Leduc Community Hospital,142,0
2026-09-02 09:10:00.000000,Medicine Hat Regional Hospital,90,0
2026-09-02 09:10:00.000000,Misericordia Community Hospital,305,0
2026-09-02 09:10:00.000000,Northeast Community Health Centre,215,0
2026-09-02 09:10:00.000000,Northern Lights Regional Health Centre,89,0
2026-09-02 09:10:00.000000,Okotoks Health and Wellness Centre,56,0
2026-09-02 09:10:00.000000,Peter Lougheed Centre,138,0
2026-09-02 09:10:00.000000,Red Deer Regional Hospital,47,0
2026-09-02 09:10:00.000000,Rockyview General Hospital,200,0
2026-09-02 09:10:00.000000,Royal Alexandra Hospital,202,0
2026-09-02 09:10:00.000000,Sheldon M. Chumir Centre,30,0
2026-09-02 09:10:00.000000,South Calgary Health Centre,30,0
2026-09-02 09:10:00.000000,South Health Campus,204,0
2026-09-02 09:10:00.000000,Stollery Children's Hospital,104,0
2026-09-02 09:10:00.000000,Strathcona Community Hospital,131,0
2026-09-02 09:10:00.000000,Sturgeon Community Hospital,285,0
2026-09-02 09:10:00.000000,University of Alberta Hospital,200,0
2026-09-02 09:10:00.000000,WestView Health Centre,191,0
2026-09-02 09:20:00.000000,Airdrie Community Health Centre,90,0
2026-09-02 09:20:00.000000,Alberta Children's Hospital,36,0
2026-09-02 09:20:00.000000,Chinook Regional Hospital,34,0
2026-09-02 09:20:00.000000,Cochrane Community Health Centre,104,0
2026-09-02 09:20:00.000000,Devon General Hospital,127,0
2026-09-02 09:20:00.000000,Foothills Medical Centre,343,0
2026-09-02 09:20:00.000000,Fort Sask Community Hospital,308,0
2026-09-02 09:20:00.000000,Grande Prairie Regional Hospital,137,0
2026-09-02 09:20:00.000000,Grey Nuns Community Hospital,105,0
2026-09-02 09:20:00.000000,Innisfail Health Centre,,1
2026-09-02 09:20:00.000000,Lacombe Hospital and Care Centre,,1
2026-09-02 09:20:00.000000,Leduc Community Hospital,122,0
2026-09-02 09:20:00.000000,Medicine Hat Regional Hospital,75,0
2026-09-02 09:20:00.000000,Misericordia Community Hospital,299,0
2026-09-02 09:20:00.000000,Northeast Community Health Centre,208,0
2026-09-02 09:20:00.000000,Northern Lights Regional Health Centre,49,0
2026-09-02 09:20:00.000000,Okotoks Health and Wellness Centre,63,0
2026-09-02 09:20:00.000000,Peter Lougheed Centre,129,0
2026-09-02 09:20:00.000000,Red Deer Regional Hospital,63,0
2026-09-02 09:20:00.000000,Rockyview General Hospital,196,0
2026-09-02 09:20:00.000000,Royal Alexandra Hospital,203,0
2026-09-02 09:20:00.000000,Sheldon M. Chumir Centre,30,0
2026-09-02 09:20:00.000000,South Calgary Health Centre,30,0
2026-09-02 09:20:00.000000,South Health Campus,189,0
2026-09-02 09:20:00.000000,Stollery Children's Hospital,97,0
2026-09-02 09:20:00.000000,Strathcona Community Hospital,164,0
2026-09-02 09:20:00.000000,Sturgeon Community Hospital,286,0
2026-09-02 09:20:00.000000,University of Alberta Hospital,198,0
2026-09-02 09:20:00.000000,WestView Health Centre,114,0
2026-09-02 09:30:00.000000,Airdrie Community Health Centre,51,0
2026-09-02 09:30:00.000000,Alberta Children's Hospital,60,0
2026-09-02 09:30:00.000000,Chinook Regional Hospital,34,0
2026-09-02 09:30:00.000000,Cochrane Community Health Centre,101,0
2026-09-02 09:30:00.000000,Devon General Hospital,127,0
2026-09-02 09:30:00.000000,Foothills Medical Centre,316,0
2026-09-02 09:30:00.000000,Fort Sask Community Hospital,308,0
2026-09-02 09:30:00.000000,Grande Prairie Regional Hospital,135,0
2026-09-02 09:30:00.000000,Grey Nuns Community Hospital,105,0
2026-09-02 09:30:00.000000,Innisfail Health Centre,,1
2026-09-02 09:30:00.000000,Lacombe Hospital and Care Centre,,1
2026-09-02 09:30:00.000000,Leduc Community Hospital,122,0
2026-09-02 09:30:00.000000,Medicine Hat Regional Hospital,90,0
2026-09-02 09:30:00.000000,Misericordia Community Hospital,305,0
2026-09-02 09:30:00.000000,Northeast Community Health Centre,227,0
2026-09-02 09:30:00.000000,Northern Lights Regional Health Centre,49,0
2026-09-02 09:30:00.000000,Okotoks Health and Wellness Centre,60,0
2026-09-02 09:30:00.000000,Peter Lougheed Centre,115,0
2026-09-02 09:30:00.000000,Red Deer Regional Hospital,79,0
2026-09-02 09:30:00.000000,Rockyview General Hospital,189,0
2026-09-02 09:30:00.000000,Royal Alexandra Hospital,199,0
2026-09-02 09:30:00.000000,Sheldon M. Chumir Centre,30,0
2026-09-02 09:30:00.000000,South Calgary Health Centre,30,0
2026-09-02 09:30:00.000000,South Health Campus,175,0
2026-09-02 09:30:00.000000,Stollery Children's Hospital,92,0
2026-09-02 09:30:00.000000,Strathcona Community Hospital,196,0
2026-09-02 09:30:00.000000,Sturgeon Community Hospital,297,0
2026-09-02 09:30:00.000000,University of Alberta Hospital,196,0
2026-09-02 09:30:00.000000,WestView Health Centre,152,0
2026-09-02 09:40:00.000000,Airdrie Community Health Centre,51,0
2026-09-02 09:40:00.000000,Alberta Children's Hospital,48,0
2026-09-02 09:40:00.000000,Chinook Regional Hospital,34,0
2026-09-02 09:40:00.000000,Cochrane Community Health Centre,88,0
2026-09-02 09:40:00.000000,Devon General Hospital,159,0
2026-09-02 09:40:00.000000,Foothills Medical Centre,331,0
2026-09-02 09:40:00.000000,Fort Sask Community Hospital,336,0
2026-09-02 09:40:00.000000,Grande Prairie Regional Hospital,125,0
2026-09-02 09:40:00.000000,Grey Nuns Community Hospital,112,0
2026-09-02 09:40:00.000000,Innisfail Health Centre,,1
2026-09-02 09:40:00.000000,Lacombe Hospital and Care Centre,,1
2026-09-02 09:40:00.000000,Leduc Community Hospital,122,0
2026-09-02 09:40:00.000000,Medicine Hat Regional Hospital,90,0
2026-09-02 09:40:00.000000,Misericordia Community Hospital,300,0
2026-09-02 09:40:00.000000,Northeast Community Health Centre,222,0
2026-09-02 09:40:00.000000,Northern Lights Regional Health Centre,48,0
2026-09-02 09:40:00.000000,Okotoks Health and Wellness Centre,68,0
2026-09-02 09:40:00.000000,Peter Lougheed Centre,101,0
2026-09-02 09:40:00.000000,Red Deer Regional Hospital,111,0
2026-09-02 09:40:00.000000,Rockyview General Hospital,177,0
2026-09-02 09:40:00.000000,Royal Alexandra Hospital,196,0
2026-09-02 09:40:00.000000,Sheldon M. Chumir Centre,30,0
2026-09-02 09:40:00.000000,South Calgary Health Centre,30,0
2026-09-02 09:40:00.000000,South Health Campus,170,0
2026-09-02 09:40:00.000000,Stollery Children's Hospital,99,0
2026-09-02 09:40:00.000000,Strathcona Community Hospital,180,0
2026-09-02 09:40:00.000000,Sturgeon Community Hospital,302,0
2026-09-02 09:40:00.000000,University of Alberta Hospital,200,0
2026-09-02 09:40:00.000000,WestView Health Centre,152,0
2026-09-02 09:50:00.000000,Airdrie Community Health Centre,90,0
2026-09-02 09:50:00.000000,Alberta Children's Hospital,36,0
2026-09-02 09:50:00.000000,Chinook Regional Hospital,41,0
2026-09-02 09:50:00.000000,Cochrane Community Health Centre,75,0
2026-09-02 09:50:00.000000,Devon General Hospital,222,0
2026-09-02 09:50:00.000000,Foothills Medical Centre,334,0
2026-09-02 09:50:00.000000,Fort Sask Community Hospital,308,0
2026-09-02 09:50:00.000000,Grande Prairie Regional Hospital,123,0
2026-09-02 09:50:00.000000,Grey Nuns Community Hospital,112,0
2026-09-02 09:50:00.000000,Innisfail Health Centre,,1
2026-09-02 09:50:00.000000,Lacombe Hospital and Care Centre,,1
2026-09-02 09:50:00.000000,Leduc Community Hospital,122,0
2026-09-02 09:50:00.000000,Medicine Hat Regional Hospital,105,0
2026-09-02 09:50:00.000000,Misericordia Community Hospital,304,0
2026-09-02 09:50:00.000000,Northeast Community Health Centre,214,0
2026-09-02 09:50:00.000000,Northern Lights Regional Health Centre,45,0
2026-09-02 09:50:00.000000,Okotoks Health and Wellness Centre,76,0
2026-09-02 09:50:00.000000,Peter Lougheed Centre,113,0
2026-09-02 09:50:00.000000,Red Deer Regional Hospital,111,0
2026-09-02 09:50:00.000000,Rockyview General Hospital,173,0
2026-09-02 09:50:00.000000,Royal Alexandra Hospital,203,0
2026-09-02 09:50:00.000000,Sheldon M. Chumir Centre,30,0
2026-09-02 09:50:00.000000,South Calgary Health Centre,30,0
2026-09-02 09:50:00.000000,South Health Campus,163,0
2026-09-02 09:50:00.000000,Stollery Children's Hospital,115,0
2026-09-02 09:50:00.000000,Strathcona Community Hospital,164,0
2026-09-02 09:50:00.000000,Sturgeon Community Hospital,296,0
2026-09-02 09:50:00.000000,University of Alberta Hospital,192,0
2026-09-02 09:50:00.000000,WestView Health Centre,191,0
2026-09-02 10:00:00.000000,Airdrie Community Health Centre,77,0
2026-09-02 10:00:00.000000,Alberta Children's Hospital,60,0
2026-09-02 10:00:00.000000,Chinook Regional Hospital,47,0
2026-09-02 10:00:00.000000,Cochrane Community Health Centre,72,0
2026-09-02 10:00:00.000000,Devon General Hospital,222,0
2026-09-02 10:00:00.000000,Foothills Medical Centre,338,0
2026-09-02 10:00:00.000000,Fort Sask Community Hospital,308,0
2026-09-02 10:00:00.000000,Grande Prairie Regional Hospital,128,0
2026-09-02 10:00:00.000000,Grey Nuns Community Hospital,127,0
2026-09-02 10:00:00.000000,Innisfail Health Centre,,1
2026-09-02 10:00:00.000000,Lacombe Hospital and Care Centre,,1
2026-09-02 10:00:00.000000,Leduc Community Hospital,122,0
2026-09-02 10:00:00.000000,Medicine Hat Regional Hospital,105,0
2026-09-02 10:00:00.000000,Misericordia Community Hospital,300,0
2026-09-02 10:00:00.000000,Northeast Community Health Centre,222,0
2026-09-02 10:00:00.000000,Northern Lights Regional Health Centre,50,0
2026-09-02 10:00:00.000000,Okotoks Health and Wellness Centre,95,0
2026-09-02 10:00:00.000000,Peter Lougheed Centre,115,0
2026-09-02 10:00:00.000000,Red Deer Regional Hospital,79,0
2026-09-02 10:00:00.000000,Rockyview General Hospital,179,0
2026-09-02 10:00:00.000000,Royal Alexandra Hospital,212,0
2026-09-02 10:00:00.000000,Sheldon M. Chumir Centre,30,0
2026-09-02 10:00:00.000000,South Calgary Health Centre,30,0
2026-09-02 10:00:00.000000,South Health Campus,150,0
2026-09-02 10:00:00.000000,Stollery Children's Hospital,134,0
2026-09-02 10:00:00.000000,Strathcona Community Hospital,163,0
2026-09-02 10:00:00.000000,Sturgeon Community Hospital,292,0
2026-09-02 10:00:00.000000,University of Alberta Hospital,184,0
2026-09-02 10:00:00.000000,WestView Health Centre,229,0
2026-09-02 10:10:00.000000,Airdrie Community Health Centre,86,0
2026-09-02 10:10:00.000000,Alberta Children's Hospital,97,0
2026-09-02 10:10:00.000000,Chinook Regional Hospital,45,0
2026-09-02 10:10:00.000000,Cochrane Community Health Centre,70,0
2026-09-02 10:10:00.000000,Devon General Hospital,222,0
2026-09-02 10:10:00.000000,Foothills Medical Centre,333,0
2026-09-02 10:10:00.000000,Fort Sask Community Hospital,308,0
2026-09-02 10:10:00.000000,Grande Prairie Regional Hospital,119,0
2026-09-02 10:10:00.000000,Grey Nuns Community Hospital,127,0
2026-09-02 10:10:00.000000,Innisfail Health Centre,,1
2026-09-02 10:10:00.000000,Lacombe Hospital and Care Centre,,1
2026-09-02 10:10:00.000000,Leduc Community Hospital,142,0
2026-09-02 10:10:00.000000,Medicine Hat Regional Hospital,120,0
2026-09-02 10:10:00.000000,Misericordia Community Hospital,306,0
2026-09-02 10:10:00.000000,Northeast Community Health Centre,216,0
2026-09-02 10:10:00.000000,Northern Lights Regional Health Centre,56,0
2026-09-02 10:10:00.000000,Okotoks Health and Wellness Centre,93,0
2026-09-02 10:10:00.000000,Peter Lougheed Centre,102,0
2026-09-02 10:10:00.000000,Red Deer Regional Hospital,79,0
2026-09-02 10:10:00.000000,Rockyview General Hospital,188,0
2026-09-02 10:10:00.000000,Royal Alexandra Hospital,221,0
2026-09-02 10:10:00.000000,Sheldon M. Chumir Centre,30,0
2026-09-02 10:10:00.000000,South Calgary Health Centre,30,0
2026-09-02 10:10:00.000000,South Health Campus,137,0
2026-09-02 10:10:00.000000,Stollery Children's Hospital,155,0
2026-09-02 10:10:00.000000,Strathcona Community Hospital,170,0
2026-09-02 10:10:00.000000,Sturgeon Community Hospital,290,0
2026-09-02 10:10:00.000000,University of Alberta Hospital,175,0
2026-09-02 10:10:00.000000,WestView Health Centre,226,0
2026-09-02 10:20:00.000000,Airdrie Community Health Centre,92,0
2026-09-02 10:20:00.000000,Alberta Children's Hospital,85,0
2026-09-02 10:20:00.000000,Chinook Regional Hospital,42,0
2026-09-02 10:20:00.000000,Cochrane Community Health Centre,70,0
2026-09-02 10:20:00.000000,Devon General Hospital,222,0
2026-09-02 10:20:00.000000,Foothills Medical Centre,360,0
2026-09-02 10:20:00.000000,Fort Sask Community Hospital,336,0
2026-09-02 10:20:00.000000,Grande Prairie Regional Hospital,126,0
2026-09-02 10:20:00.000000,Grey Nuns Community Hospital,142,0
2026-09-02 10:20:00.000000,Innisfail Health Centre,,1
2026-09-02 10:20:00.000000,Lacombe Hospital and Care Centre,,1
2026-09-02 10:20:00.000000,Leduc Community Hospital,142,0
2026-09-02 10:20:00.000000,Medicine Hat Regional Hospital,105,0
2026-09-02 10:20:00.000000,Misericordia Community Hospital,288,0
2026-09-02 10:20:00.000000,Northeast Community Health Centre,197,0
2026-09-02 10:20:00.000000,Northern Lights Regional Health Centre,70,0
2026-09-02 10:20:00.000000,Okotoks Health and Wellness Centre,81,0
2026-09-02 10:20:00.000000,Peter Lougheed Centre,105,0
2026-09-02 10:20:00.000000,Red Deer Regional Hospital,79,0
2026-09-02 10:20:00.000000,Rockyview General Hospital,178,0
2026-09-02 10:20:00.000000,Royal Alexandra Hospital,195,0
2026-09-02 10:20:00.000000,Sheldon M. Chumir Centre,30,0
2026-09-02 10:20:00.000000,South Calgary Health Centre,39,0
2026-09-02 10:20:00.000000,South Health Campus,158,0
2026-09-02 10:20:00.000000,Stollery Children's Hospital,131,0
2026-09-02 10:20:00.000000,Strathcona Community Hospital,175,0
2026-09-02 10:20:00.000000,Sturgeon Community Hospital,267,0
2026-09-02 10:20:00.000000,University of Alberta Hospital,179,0
2026-09-02 10:20:00.000000,WestView Health Centre,214,0
2026-09-02 10:30:00.000000,Airdrie Community Health Centre,88,0
2026-09-02 10:30:00.000000,Alberta Children's Hospital,60,0
2026-09-02 10:30:00.000000,Chinook Regional Hospital,35,0
2026-09-02 10:30:00.000000,Cochrane Community Health Centre,90,0
2026-09-02 10:30:00.000000,Devon General Hospital,254,0
2026-09-02 10:30:00.000000,Foothills Medical Centre,356,0
2026-09-02 10:30:00.000000,Fort Sask Community Hospital,308,0
2026-09-02 10:30:00.000000,Grande Prairie Regional Hospital,126,0
2026-09-02 10:30:00.000000,Grey Nuns Community Hospital,142,0
2026-09-02 10:30:00.000000,Innisfail Health Centre,,1
2026-09-02 10:30:00.000000,Lacombe Hospital and Care Centre,,1
2026-09-02 10:30:00.000000,Leduc Community Hospital,142,0
2026-09-02 10:30:00.000000,Medicine Hat Regional Hospital,105,0
2026-09-02 10:30:00.000000,Misericordia Community Hospital,282,0
2026-09-02 10:30:00.000000,Northeast Community Health Centre,214,0
2026-09-02 10:30:00.000000,Northern Lights Regional Health Centre,67,0
2026-09-02 10:30:00.000000,Okotoks Health and Wellness Centre,93,0
2026-09-02 10:30:00.000000,Peter Lougheed Centre,102,0
2026-09-02 10:30:00.000000,Red Deer Regional Hospital,79,0
2026-09-02 10:30:00.000000,Rockyview General Hospital,162,0
2026-09-02 10:30:00.000000,Royal Alexandra Hospital,180,0
2026-09-02 10:30:00.000000,Sheldon M. Chumir Centre,30,0
2026-09-02 10:30:00.000000,South Calgary Health Centre,31,0
2026-09-02 10:30:00.000000,South Health Campus,152,0
2026-09-02 10:30:00.000000,Stollery Children's Hospital,83,0
2026-09-02 10:30:00.000000,Strathcona Community Hospital,168,0
2026-09-02 10:30:00.000000,Sturgeon Community Hospital,278,0
2026-09-02 10:30:00.000000,University of Alberta Hospital,183,0
2026-09-02 10:30:00.000000,WestView Health Centre,223,0
2026-09-02 10:40:00.000000,Airdrie Community Health Centre,95,0
2026-09-02 10:40:00.000000,Alberta Children's Hospital,60,0
2026-09-02 10:40:00.000000,Chinook Regional Hospital,33,0
2026-09-02 10:40:00.000000,Cochrane Community Health Centre,90,0
2026-09-02 10:40:00.000000,Devon General Hospital,286,0
2026-09-02 10:40:00.000000,Foothills Medical Centre,395,0
2026-09-02 10:40:00.000000,Fort Sask Community Hospital,336,0
2026-09-02 10:40:00.000000,Grande Prairie Regional Hospital,112,0
2026-09-02 10:40:00.000000,Grey Nuns Community Hospital,135,0
2026-09-02 10:40:00.000000,Innisfail Health Centre,,1
2026-09-02 10:40:00.000000,Lacombe Hospital and Care Centre,,1
2026-09-02 10:40:00.000000,Leduc Community Hospital,163,0
2026-09-02 10:40:00.000000,Medicine Hat Regional Hospital,75,0
2026-09-02 10:40:00.000000,Misericordia Community Hospital,288,0
2026-09-02 10:40:00.000000,Northeast Community Health Centre,221,0
2026-09-02 10:40:00.000000,Northern Lights Regional Health Centre,81,0
2026-09-02 10:40:00.000000,Okotoks Health and Wellness Centre,70,0
2026-09-02 10:40:00.000000,Peter Lougheed Centre,100,0
2026-09-02 10:40:00.000000,Red Deer Regional Hospital,79,0
2026-09-02 10:40:00.000000,Rockyview General Hospital,160,0
2026-09-02 10:40:00.000000,Royal Alexandra Hospital,185,0
2026-09-02 10:40:00.000000,Sheldon M. Chumir Centre,30,0
2026-09-02 10:40:00.000000,South Calgary Health Centre,47,0
2026-09-02 10:40:00.000000,South Health Campus,170,0
2026-09-02 10:40:00.000000,Stollery Children's Hospital,71,0
2026-09-02 10:40:00.000000,Strathcona Community Hospital,187,0
2026-09-02 10:40:00.000000,Sturgeon Community Hospital,289,0
2026-09-02 10:40:00.000000,University of Alberta Hospital,194,0
2026-09-02 10:40:00.000000,WestView Health Centre,214,0
2026-09-02 10:50:00.000000,Airdrie Community Health Centre,111,0
2026-09-02 10:50:00.000000,Alberta Children's Hospital,36,0
2026-09-02 10:50:00.000000,Chinook Regional Hospital,40,0
2026-09-02 10:50:00.000000,Cochrane Community Health Centre,100,0
2026-09-02 10:50:00.000000,Devon General Hospital,286,0
2026-09-02 10:50:00.000000,Foothills Medical Centre,402,0
2026-09-02 10:50:00.000000,Fort Sask Community Hospital,308,0
2026-09-02 10:50:00.000000,Grande Prairie Regional Hospital,119,0
2026-09-02 10:50:00.000000,Grey Nuns Community Hospital,142,0
2026-09-02 10:50:00.000000,Innisfail Health Centre,,1
2026-09-02 10:50:00.000000,Lacombe Hospital and Care Centre,,1
2026-09-02 10:50:00.000000,Leduc Community Hospital,142,0
2026-09-02 10:50:00.000000,Medicine Hat Regional Hospital,90,0
2026-09-02 10:50:00.000000,Misericordia Community Hospital,305,0
2026-09-02 10:50:00.000000,Northeast Community Health Centre,215,0
2026-09-02 10:50:00.000000,Northern Lights Regional Health Centre,78,0
2026-09-02 10:50:00.000000,Okotoks Health and Wellness Centre,58,0
2026-09-02 10:50:00.000000,Peter Lougheed Centre,106,0
2026-09-02 10:50:00.000000,Red Deer Regional Hospital,63,0
2026-09-02 10:50:00.000000,Rockyview General Hospital,165,0
2026-09-02 10:50:00.000000,Royal Alexandra Hospital,171,0
2026-09-02 10:50:00.000000,Sheldon M. Chumir Centre,30,0
2026-09-02 10:50:00.000000,South Calgary Health Centre,47,0
2026-09-02 10:50:00.000000,South Health Campus,173,0
2026-09-02 10:50:00.000000,Stollery Children's Hospital,71,0
2026-09-02 10:50:00.000000,Strathcona Community Hospital,182,0
2026-09-02 10:50:00.000000,Sturgeon Community Hospital,277,0
2026-09-02 10:50:00.000000,University of Alberta Hospital,192,0
2026-09-02 10:50:00.000000,WestView Health Centre,225,0
2026-09-02 11:00:00.000000,Airdrie Community Health Centre,108,0
2026-09-02 11:00:00.000000,Alberta Children's Hospital,48,0
2026-09-02 11:00:00.000000,Chinook Regional Hospital,51,0
2026-09-02 11:00:00.000000,Cochrane Community Health Centre,100,0
2026-09-02 11:00:00.000000,Devon General Hospital,254,0
2026-09-02 11:00:00.000000,Foothills Medical Centre,346,0
2026-09-02 11:00:00.000000,Fort Sask Community Hospital,280,0
2026-09-02 11:00:00.000000,Grande Prairie Regional Hospital,112,0
2026-09-02 11:00:00.000000,Grey Nuns Community Hospital,127,0
2026-09-02 11:00:00.000000,Innisfail Health Centre,,1
2026-09-02 11:00:00.000000,Lacombe Hospital and Care Centre,,1
2026-09-02 11:00:00.000000,Leduc Community Hospital,163,0
2026-09-02 11:00:00.000000,Medicine Hat Regional Hospital,105,0
2026-09-02 11:00:00.000000,Misericordia Community Hospital,314,0
2026-09-02 11:00:00.000000,Northeast Community Health Centre,232,0
2026-09-02 11:00:00.000000,Northern Lights Regional Health Centre,83,0
2026-09-02 11:00:00.000000,Okotoks Health and Wellness Centre,46,0
2026-09-02 11:00:00.000000,Peter Lougheed Centre,89,0
2026-09-02 11:00:00.000000,Red Deer Regional Hospital,79,0
2026-09-02 11:00:00.000000,Rockyview General Hospital,181,0
2026-09-02 11:00:00.000000,Royal Alexandra Hospital,187,0
2026-09-02 11:00:00.000000,Sheldon M. Chumir Centre,31,0
2026-09-02 11:00:00.000000,South Calgary Health Centre,39,0
2026-09-02 11:00:00.000000,South Health Campus,182,0
2026-09-02 11:00:00.000000,Stollery Children's Hospital,71,0
2026-09-02 11:00:00.000000,Strathcona Community Hospital,186,0
2026-09-02 11:00:00.000000,Sturgeon Community Hospital,282,0
2026-09-02 11:00:00.000000,University of Alberta Hospital,196,0
2026-09-02 11:00:00.000000,WestView Health Centre,233,0
2026-09-02 11:10:00.000000,Airdrie Community Health Centre,106,0
2026-09-02 11:10:00.000000,Alberta Children's Hospital,60,0
2026-09-02 11:10:00.000000,Chinook Regional Hospital,50,0
2026-09-02 11:10:00.000000,Cochrane Community Health Centre,90,0
2026-09-02 11:10:00.000000,Devon General Hospital,254,0
2026-09-02 11:10:00.000000,Foothills Medical Centre,356,0
2026-09-02 11:10:00.000000,Fort Sask Community Hospital,280,0
2026-09-02 11:10:00.000000,Grande Prairie Regional Hospital,91,0
2026-09-02 11:10:00.000000,Grey Nuns Community Hospital,127,0
2026-09-02 11:10:00.000000,Innisfail Health Centre,,1
2026-09-02 11:10:00.000000,Lacombe Hospital and Care Centre,,1
2026-09-02 11:10:00.000000,Leduc Community Hospital,181,0
2026-09-02 11:10:00.000000,Medicine Hat Regional Hospital,165,0
2026-09-02 11:10:00.000000,Misericordia Community Hospital,347,0
2026-09-02 11:10:00.000000,Northeast Community Health Centre,218,0
2026-09-02 11:10:00.000000,Northern Lights Regional Health Centre,90,0
2026-09-02 11:10:00.000000,Okotoks Health and Wellness Centre,46,0
2026-09-02 11:10:00.000000,Peter Lougheed Centre,91,0
2026-09-02 11:10:00.000000,Red Deer Regional Hospital,111,0
2026-09-02 11:10:00.000000,Rockyview General Hospital,179,0
2026-09-02 11:10:00.000000,Royal Alexandra Hospital,187,0
2026-09-02 11:10:00.000000,Sheldon M. Chumir Centre,31,0
2026-09-02 11:10:00.000000,South Calgary Health Centre,30,0
2026-09-02 11:10:00.000000,South Health Campus Children[;]South Health Campus,80,
2026-09-02 11:10:00.000000,Stollery Children's Hospital,83,0
2026-09-02 11:10:00.000000,Strathcona Community Hospital,209,0
2026-09-02 11:10:00.000000,Sturgeon Community Hospital,279,0
2026-09-02 11:10:00.000000,University of Alberta Hospital,201,0
2026-09-02 11:10:00.000000,WestView Health Centre,205,0
2026-09-02 11:20:00.000000,Airdrie Community Health Centre,106,0
2026-09-02 11:20:00.000000,Alberta Children's Hospital,60,0
2026-09-02 11:20:00.000000,Chinook Regional Hospital,50,0
2026-09-02 11:20:00.000000,Cochrane Community Health Centre,70,0
2026-09-02 11:20:00.000000,Devon General Hospital,254,0
2026-09-02 11:20:00.000000,Foothills Medical Centre,349,0
2026-09-02 11:20:00.000000,Fort Sask Community Hospital,280,0
2026-09-02 11:20:00.000000,Grande Prairie Regional Hospital,98,0
2026-09-02 11:20:00.000000,Grey Nuns Community Hospital,135,0
2026-09-02 11:20:00.000000,Innisfail Health Centre,,1
2026-09-02 11:20:00.000000,Lacombe Hospital and Care Centre,,1
2026-09-02 11:20:00.000000,Leduc Community Hospital,163,0
2026-09-02 11:20:00.000000,Medicine Hat Regional Hospital,135,0
2026-09-02 11:20:00.000000,Misericordia Community Hospital,314,0
2026-09-02 11:20:00.000000,Northeast Community Health Centre,218,0
2026-09-02 11:20:00.000000,Northern Lights Regional Health Centre,99,0
2026-09-02 11:20:00.000000,Okotoks Health and Wellness Centre,46,0
2026-09-02 11:20:00.000000,Peter Lougheed Centre,85,0
2026-09-02 11:20:00.000000,Red Deer Regional Hospital,132,0
2026-09-02 11:20:00.000000,Rockyview General Hospital,173,0
2026-09-02 11:20:00.000000,Royal Alexandra Hospital,195,0
2026-09-02 11:20:00.000000,Sheldon M. Chumir Centre,31,0
2026-09-02 11:20:00.000000,South Calgary Health Centre,31,0
2026-09-02 11:20:00.000000,South Health Campus Children[;]South Health Campus,80,
2026-09-02 11:20:00.000000,Stollery Children's Hospital,107,0
2026-09-02 11:20:00.000000,Strathcona Community Hospital,209,0
2026-09-02 11:20:00.000000,Sturgeon Community Hospital,267,0
2026-09-02 11:20:00.000000,University of Alberta Hospital,208,0
2026-09-02 11:20:00.000000,WestView Health Centre,196,0
2026-09-02 11:30:00.000000,Airdrie Community Health Centre,96,0
2026-09-02 11:30:00.000000,Alberta Children's Hospital,68,0
2026-09-02 11:30:00.000000,Chinook Regional Hospital,50,0
2026-09-02 11:30:00.000000,Cochrane Community Health Centre,60,0
2026-09-02 11:30:00.000000,Devon General Hospital,254,0
2026-09-02 11:30:00.000000,Foothills Medical Centre,373,0
2026-09-02 11:30:00.000000,Fort Sask Community Hospital,280,0
2026-09-02 11:30:00.000000,Grande Prairie Regional Hospital,98,0
2026-09-02 11:30:00.000000,Grey Nuns Community Hospital,127,0
2026-09-02 11:30:00.000000,Innisfail Health Centre,,1
2026-09-02 11:30:00.000000,Lacombe Hospital and Care Centre,,1
2026-09-02 11:30:00.000000,Leduc Community Hospital,160,0
2026-09-02 11:30:00.000000,Medicine Hat Regional Hospital,105,0
2026-09-02 11:30:00.000000,Misericordia Community Hospital,314,0
2026-09-02 11:30:00.000000,Northeast Community Health Centre,218,0
2026-09-02 11:30:00.000000,Northern Lights Regional Health Centre,90,0
2026-09-02 11:30:00.000000,Okotoks Health and Wellness Centre,35,0
2026-09-02 11:30:00.000000,Peter Lougheed Centre,93,0
2026-09-02 11:30:00.000000,Red Deer Regional Hospital,139,0
2026-09-02 11:30:00.000000,Rockyview General Hospital,179,0
2026-09-02 11:30:00.000000,Royal Alexandra Hospital,217,0
2026-09-02 11:30:00.000000,Sheldon M. Chumir Centre,47,0
2026-09-02 11:30:00.000000,South Calgary Health Centre,31,0
2026-09-02 11:30:00.000000,South Health Campus Children[;]South Health Campus,30,
2026-09-02 11:30:00.000000,Stollery Children's Hospital,83,0
2026-09-02 11:30:00.000000,Strathcona Community Hospital,209,0
2026-09-02 11:30:00.000000,Sturgeon Community Hospital,271,0
2026-09-02 11:30:00.000000,University of Alberta Hospital,189,0
2026-09-02 11:30:00.000000,WestView Health Centre,204,0
2026-09-02 11:40:00.000000,Airdrie Community Health Centre,77,0
2026-09-02 11:40:00.000000,Alberta Children's Hospital,73,0
2026-09-02 11:40:00.000000,Chinook Regional Hospital,64,0
2026-09-02 11:40:00.000000,Cochrane Community Health Centre,70,0
2026-09-02 11:40:00.000000,Devon General Hospital,286,0
2026-09-02 11:40:00.000000,Foothills Medical Centre,373,0
2026-09-02 11:40:00.000000,Fort Sask Community Hospital,252,0
2026-09-02 11:40:00.000000,Grande Prairie Regional Hospital,98,0
2026-09-02 11:40:00.000000,Grey Nuns Community Hospital,120,0
2026-09-02 11:40:00.000000,Innisfail Health Centre,,1
2026-09-02 11:40:00.000000,Lacombe Hospital and Care Centre,,1
2026-09-02 11:40:00.000000,Leduc Community Hospital,166,0
2026-09-02 11:40:00.000000,Medicine Hat Regional Hospital,120,0
2026-09-02 11:40:00.000000,Misericordia Community Hospital,297,0
2026-09-02 11:40:00.000000,Northeast Community Health Centre,206,0
2026-09-02 11:40:00.000000,Northern Lights Regional Health Centre,49,0
2026-09-02 11:40:00.000000,Okotoks Health and Wellness Centre,35,0
2026-09-02 11:40:00.000000,Peter Lougheed Centre,87,0
2026-09-02 11:40:00.000000,Red Deer Regional Hospital,136,0
2026-09-02 11:40:00.000000,Rockyview General Hospital,179,0
2026-09-02 11:40:00.000000,Royal Alexandra Hospital,210,0
2026-09-02 11:40:00.000000,Sheldon M. Chumir Centre,63,0
2026-09-02 11:40:00.000000,South Calgary Health Centre,39,0
2026-09-02 11:40:00.000000,South Health Campus Children[;]South Health Campus,30,
2026-09-02 11:40:00.000000,Stollery Children's Hospital,71,0
2026-09-02 11:40:00.000000,Strathcona Community Hospital,196,0
2026-09-02 11:40:00.000000,Sturgeon Community Hospital,260,0
2026-09-02 11:40:00.000000,University of Alberta Hospital,176,0
2026-09-02 11:40:00.000000,WestView Health Centre,196,0
2026-09-02 11:50:00.000000,Airdrie Community Health Centre,87,0
2026-09-02 11:50:00.000000,Alberta Children's Hospital,61,0
2026-09-02 11:50:00.000000,Chinook Regional Hospital,73,0
2026-09-02 11:50:00.000000,Cochrane Community Health Centre,80,0
2026-09-02 11:50:00.000000,Devon General Hospital,254,0
2026-09-02 11:50:00.000000,Foothills Medical Centre,382,0
2026-09-02 11:50:00.000000,Fort Sask Community Hospital,280,0
2026-09-02 11:50:00.000000,Grande Prairie Regional Hospital,98,0
2026-09-02 11:50:00.000000,Grey Nuns Community Hospital,120,0
2026-09-02 11:50:00.000000,Innisfail Health Centre,,1
2026-09-02 11:50:00.000000,Lacombe Hospital and Care Centre,,1
2026-09-02 11:50:00.000000,Leduc Community Hospital,171,0
2026-09-02 11:50:00.000000,Medicine Hat Regional Hospital,120,0
2026-09-02 11:50:00.000000,Misericordia Community Hospital,297,0
2026-09-02 11:50:00.000000,Northeast Community Health Centre,206,0
2026-09-02 11:50:00.000000,Northern Lights Regional Health Centre,57,0
2026-09-02 11:50:00.000000,Okotoks Health and Wellness Centre,30,0
2026-09-02 11:50:00.000000,Peter Lougheed Centre,104,0
2026-09-02 11:50:00.000000,Red Deer Regional Hospital,122,0
2026-09-02 11:50:00.000000,Rockyview General Hospital,197,0
2026-09-02 11:50:00.000000,Royal Alexandra Hospital,225,0
2026-09-02 11:50:00.000000,Sheldon M. Chumir Centre,47,0
2026-09-02 11:50:00.000000,South Calgary Health Centre,39,0
2026-09-02 11:50:00.000000,South Health Campus Children[;]South Health Campus,30,
2026-09-02 11:50:00.000000,Stollery Children's Hospital,83,0
2026-09-02 11:50:00.000000,Strathcona Community Hospital,232,0
2026-09-02 11:50:00.000000,Sturgeon Community Hospital,257,0
2026-09-02 11:50:00.000000,University of Alberta Hospital,176,0
2026-09-02 11:50:00.000000,WestView Health Centre,207,0
2026-09-02 12:00:00.000000,Airdrie Community Health Centre,77,0
2026-09-02 12:00:00.000000,Alberta Children's Hospital,57,0
2026-09-02 12:00:00.000000,Chinook Regional Hospital,69,0
2026-09-02 12:00:00.000000,Cochrane Community Health Centre,80,0
2026-09-02 12:00:00.000000,Devon General Hospital,254,0
2026-09-02 12:00:00.000000,Foothills Medical Centre,399,0
2026-09-02 12:00:00.000000,Fort Sask Community Hospital,308,0
2026-09-02 12:00:00.000000,Grande Prairie Regional Hospital,105,0
2026-09-02 12:00:00.000000,Grey Nuns Community Hospital,120,0
2026-09-02 12:00:00.000000,Innisfail Health Centre,,1
2026-09-02 12:00:00.000000,Lacombe Hospital and Care Centre,,1
2026-09-02 12:00:00.000000,Leduc Community Hospital,165,0
2026-09-02 12:00:00.000000,Medicine Hat Regional Hospital,120,0
2026-09-02 12:00:00.000000,Misericordia Community Hospital,314,0
2026-09-02 12:00:00.000000,Northeast Community Health Centre,218,0
2026-09-02 12:00:00.000000,Northern Lights Regional Health Centre,57,0
2026-09-02 12:00:00.000000,Okotoks Health and Wellness Centre,30,0
2026-09-02 12:00:00.000000,Peter Lougheed Centre,112,0
2026-09-02 12:00:00.000000,Red Deer Regional Hospital,128,0
2026-09-02 12:00:00.000000,Rockyview General Hospital,215,0
2026-09-02 12:00:00.000000,Royal Alexandra Hospital,240,0
2026-09-02 12:00:00.000000,Sheldon M. Chumir Centre,63,0
2026-09-02 12:00:00.000000,South Calgary Health Centre,30,0
2026-09-02 12:00:00.000000,South Health Campus Children[;]South Health Campus,30,
2026-09-02 12:00:00.000000,Stollery Children's Hospital,95,0
2026-09-02 12:00:00.000000,Strathcona Community Hospital,241,0
2026-09-02 12:00:00.000000,Sturgeon Community Hospital,273,0
2026-09-02 12:00:00.000000,University of Alberta Hospital,195,0
2026-09-02 12:00:00.000000,WestView Health Centre,214,0
2026-09-02 12:10:00.000000,Airdrie Community Health Centre,87,0
2026-09-02 12:10:00.000000,Alberta Children's Hospital,54,0
2026-09-02 12:10:00.000000,Chinook Regional Hospital,69,0
2026-09-02 12:10:00.000000,Cochrane Community Health Centre,80,0
2026-09-02 12:10:00.000000,Devon General Hospital,254,0
2026-09-02 12:10:00.000000,Foothills Medical Centre,381,0
2026-09-02 12:10:00.000000,Fort Sask Community Hospital,280,0
2026-09-02 12:10:00.000000,Grande Prairie Regional Hospital,112,0
2026-09-02 12:10:00.000000,Grey Nuns Community Hospital,112,0
2026-09-02 12:10:00.000000,Innisfail Health Centre,,1
2026-09-02 12:10:00.000000,Lacombe Hospital and Care Centre,,1
2026-09-02 12:10:00.000000,Leduc Community Hospital,171,0
2026-09-02 12:10:00.000000,Medicine Hat Regional Hospital,150,0
2026-09-02 12:10:00.000000,Misericordia Community Hospital,300,0
2026-09-02 12:10:00.000000,Northeast Community Health Centre,242,0
2026-09-02 12:10:00.000000,Northern Lights Regional Health Centre,41,0
2026-09-02 12:10:00.000000,Okotoks Health and Wellness Centre,30,0
2026-09-02 12:10:00.000000,Peter Lougheed Centre,115,0
2026-09-02 12:10:00.000000,Red Deer Regional Hospital,136,0
2026-09-02 12:10:00.000000,Rockyview General Hospital,215,0
2026-09-02 12:10:00.000000,Royal Alexandra Hospital,218,0
2026-09-02 12:10:00.000000,Sheldon M. Chumir Centre,47,0
2026-09-02 12:10:00.000000,South Calgary Health Centre,31,0
2026-09-02 12:10:00.000000,South Health Campus Children[;]South Health Campus,30,
2026-09-02 12:10:00.000000,Stollery Children's Hospital,107,0
2026-09-02 12:10:00.000000,Strathcona Community Hospital,232,0
2026-09-02 12:10:00.000000,Sturgeon Community Hospital,297,0
2026-09-02 12:10:00.000000,University of Alberta Hospital,196,0
2026-09-02 12:10:00.000000,WestView Health Centre,191,0
2026-09-02 12:20:00.000000,Airdrie Community Health Centre,96,0
2026-09-02 12:20:00.000000,Alberta Children's Hospital,36,0
2026-09-02 12:20:00.000000,Chinook Regional Hospital,73,0
2026-09-02 12:20:00.000000,Cochrane Community Health Centre,80,0
2026-09-02 12:20:00.000000,Devon General Hospital,254,0
2026-09-02 12:20:00.000000,Foothills Medical Centre,379,0
2026-09-02 12:20:00.000000,Fort Sask Community Hospital,308,0
2026-09-02 12:20:00.000000,Grande Prairie Regional Hospital,126,0
2026-09-02 12:20:00.000000,Grey Nuns Community Hospital,112,0
2026-09-02 12:20:00.000000,Innisfail Health Centre,,1
2026-09-02 12:20:00.000000,Lacombe Hospital and Care Centre,,1
2026-09-02 12:20:00.000000,Leduc Community Hospital,136,0
2026-09-02 12:20:00.000000,Medicine Hat Regional Hospital,150,0
2026-09-02 12:20:00.000000,Misericordia Community Hospital,323,0
2026-09-02 12:20:00.000000,Northeast Community Health Centre,230,0
2026-09-02 12:20:00.000000,Northern Lights Regional Health Centre,41,0
2026-09-02 12:20:00.000000,Okotoks Health and Wellness Centre,35,0
2026-09-02 12:20:00.000000,Peter Lougheed Centre,115,0
2026-09-02 12:20:00.000000,Red Deer Regional Hospital,165,0
2026-09-02 12:20:00.000000,Rockyview General Hospital,219,0
2026-09-02 12:20:00.000000,Royal Alexandra Hospital,239,0
2026-09-02 12:20:00.000000,Sheldon M. Chumir Centre,63,0
2026-09-02 12:20:00.000000,South Calgary Health Centre,47,0
2026-09-02 12:20:00.000000,South Health Campus Children[;]South Health Campus,30,
2026-09-02 12:20:00.000000,Stollery Children's Hospital,95,0
2026-09-02 12:20:00.000000,Strathcona Community Hospital,240,0
2026-09-02 12:20:00.000000,Sturgeon Community Hospital,267,0
2026-09-02 12:20:00.000000,University of Alberta Hospital,192,0
2026-09-02 12:20:00.000000,WestView Health Centre,152,0
2026-09-02 12:30:00.000000,Airdrie Community Health Centre,106,0
2026-09-02 12:30:00.000000,Alberta Children's Hospital,30,0
2026-09-02 12:30:00.000000,Chinook Regional Hospital,77,0
2026-09-02 12:30:00.000000,Cochrane Community Health Centre,90,0
2026-09-02 12:30:00.000000,Devon General Hospital,254,0
2026-09-02 12:30:00.000000,Foothills Medical Centre,367,0
2026-09-02 12:30:00.000000,Fort Sask Community Hospital,308,0
2026-09-02 12:30:00.000000,Grande Prairie Regional Hospital,119,0
2026-09-02 12:30:00.000000,Grey Nuns Community Hospital,135,0
2026-09-02 12:30:00.000000,Innisfail Health Centre,,1
2026-09-02 12:30:00.000000,Lacombe Hospital and Care Centre,,1
2026-09-02 12:30:00.000000,Leduc Community Hospital,130,0
2026-09-02 12:30:00.000000,Medicine Hat Regional Hospital,135,0
2026-09-02 12:30:00.000000,Misericordia Community Hospital,312,0
2026-09-02 12:30:00.000000,Northeast Community Health Centre,206,0
2026-09-02 12:30:00.000000,Northern Lights Regional Health Centre,41,0
2026-09-02 12:30:00.000000,Okotoks Health and Wellness Centre,30,0
2026-09-02 12:30:00.000000,Peter Lougheed Centre,114,0
2026-09-02 12:30:00.000000,Red Deer Regional Hospital,150,0
2026-09-02 12:30:00.000000,Rockyview General Hospital,205,0
2026-09-02 12:30:00.000000,Royal Alexandra Hospital,227,0
2026-09-02 12:30:00.000000,Sheldon M. Chumir Centre,63,0
2026-09-02 12:30:00.000000,South Calgary Health Centre,39,0
2026-09-02 12:30:00.000000,South Health Campus Children[;]South Health Campus,30,
2026-09-02 12:30:00.000000,Stollery Children's Hospital,107,0
2026-09-02 12:30:00.000000,Strathcona Community Hospital,217,0
2026-09-02 12:30:00.000000,Sturgeon Community Hospital,296,0
2026-09-02 12:30:00.000000,University of Alberta Hospital,224,0
2026-09-02 12:30:00.000000,WestView Health Centre,171,0
2026-09-02 12:40:00.000000,Airdrie Community Health Centre,106,0
2026-09-02 12:40:00.000000,Alberta Children's Hospital,30,0
2026-09-02 12:40:00.000000,Chinook Regional Hospital,87,0
2026-09-02 12:40:00.000000,Cochrane Community Health Centre,90,0
2026-09-02 12:40:00.000000,Devon General Hospital,286,0
2026-09-02 12:40:00.000000,Foothills Medical Centre,371,0
2026-09-02 12:40:00.000000,Fort Sask Community Hospital,308,0
2026-09-02 12:40:00.000000,Grande Prairie Regional Hospital,119,0
2026-09-02 12:40:00.000000,Grey Nuns Community Hospital,142,0
2026-09-02 12:40:00.000000,Innisfail Health Centre,,1
2026-09-02 12:40:00.000000,Lacombe Hospital and Care Centre,,1
2026-09-02 12:40:00.000000,Leduc Community Hospital,125,0
2026-09-02 12:40:00.000000,Medicine Hat Regional Hospital,120,0
2026-09-02 12:40:00.000000,Misericordia Community Hospital,301,0
2026-09-02 12:40:00.000000,Northeast Community Health Centre,194,0
2026-09-02 12:40:00.000000,Northern Lights Regional Health Centre,57,0
2026-09-02 12:40:00.000000,Okotoks Health and Wellness Centre,30,0
2026-09-02 12:40:00.000000,Peter Lougheed Centre,130,0
2026-09-02 12:40:00.000000,Red Deer Regional Hospital,146,0
2026-09-02 12:40:00.000000,Rockyview General Hospital,197,0
2026-09-02 12:40:00.000000,Royal Alexandra Hospital,239,0
2026-09-02 12:40:00.000000,Sheldon M. Chumir Centre,31,0
2026-09-02 12:40:00.000000,South Calgary Health Centre,36,0
2026-09-02 12:40:00.000000,South Health Campus Children[;]South Health Campus,53,
2026-09-02 12:40:00.000000,Stollery Children's Hospital,119,0
2026-09-02 12:40:00.000000,Strathcona Community Hospital,224,0
2026-09-02 12:40:00.000000,Sturgeon Community Hospital,300,0
2026-09-02 12:40:00.000000,University of Alberta Hospital,240,0
2026-09-02 12:40:00.000000,WestView Health Centre,191,0
2026-09-02 12:50:00.000000,Airdrie Community Health Centre,77,0
2026-09-02 12:50:00.000000,Alberta Children's Hospital,36,0
2026-09-02 12:50:00.000000,Chinook Regional Hospital,96,0
2026-09-02 12:50:00.000000,Cochrane Community Health Centre,100,0
2026-09-02 12:50:00.000000,Devon General Hospital,286,0
2026-09-02 12:50:00.000000,Foothills Medical Centre,380,0
2026-09-02 12:50:00.000000,Fort Sask Community Hospital,336,0
2026-09-02 12:50:00.000000,Grande Prairie Regional Hospital,84,0
2026-09-02 12:50:00.000000,Grey Nuns Community Hospital,157,0
2026-09-02 12:50:00.000000,Innisfail Health Centre,,1
2026-09-02 12:50:00.000000,Lacombe Hospital and Care Centre,,1
2026-09-02 12:50:00.000000,Leduc Community Hospital,140,0
2026-09-02 12:50:00.000000,Medicine Hat Regional Hospital,105,0
2026-09-02 12:50:00.000000,Misericordia Community Hospital,290,0
2026-09-02 12:50:00.000000,Northeast Community Health Centre,206,0
2026-09-02 12:50:00.000000,Northern Lights Regional Health Centre,82,0
2026-09-02 12:50:00.000000,Okotoks Health and Wellness Centre,46,0
2026-09-02 12:50:00.000000,Peter Lougheed Centre,148,0
2026-09-02 12:50:00.000000,Red Deer Regional Hospital,132,0
2026-09-02 12:50:00.000000,Rockyview General Hospital,209,0
2026-09-02 12:50:00.000000,Royal Alexandra Hospital,269,0
2026-09-02 12:50:00.000000,Sheldon M. Chumir Centre,31,0
2026-09-02 12:50:00.000000,South Calgary Health Centre,35,0
2026-09-02 12:50:00.000000,South Health Campus Children[;]South Health Campus,53,
2026-09-02 12:50:00.000000,Stollery Children's Hospital,107,0
2026-09-02 12:50:00.000000,Strathcona Community Hospital,218,0
2026-09-02 12:50:00.000000,Sturgeon Community Hospital,294,0
2026-09-02 12:50:00.000000,University of Alberta Hospital,242,0
2026-09-02 12:50:00.000000,WestView Health Centre,221,0
2026-09-02 13:00:00.000000,Airdrie Community Health Centre,67,0
2026-09-02 13:00:00.000000,Alberta Children's Hospital,36,0
2026-09-02 13:00:00.000000,Chinook Regional Hospital,91,0
2026-09-02 13:00:00.000000,Cochrane Community Health Centre,90,0
2026-09-02 13:00:00.000000,Devon General Hospital,286,0
2026-09-02 13:00:00.000000,Foothills Medical Centre,390,0
2026-09-02 13:00:00.000000,Fort Sask Community Hospital,336,0
2026-09-02 13:00:00.000000,Grande Prairie Regional Hospital,98,0
2026-09-02 13:00:00.000000,Grey Nuns Community Hospital,172,0
2026-09-02 13:00:00.000000,Innisfail Health Centre,,1
2026-09-02 13:00:00.000000,Lacombe Hospital and Care Centre,,1
2026-09-02 13:00:00.000000,Leduc Community Hospital,135,0
2026-09-02 13:00:00.000000,Medicine Hat Regional Hospital,120,0
2026-09-02 13:00:00.000000,Misericordia Community Hospital,279,0
2026-09-02 13:00:00.000000,Northeast Community Health Centre,206,0
2026-09-02 13:00:00.000000,Northern Lights Regional Health Centre,82,0
2026-09-02 13:00:00.000000,Okotoks Health and Wellness Centre,58,0
2026-09-02 13:00:00.000000,Peter Lougheed Centre,149,0
2026-09-02 13:00:00.000000,Red Deer Regional Hospital,128,0
2026-09-02 13:00:00.000000,Rockyview General Hospital,201,0
2026-09-02 13:00:00.000000,Royal Alexandra Hospital,275,0
2026-09-02 13:00:00.000000,Sheldon M. Chumir Centre,55,0
2026-09-02 13:00:00.000000,South Calgary Health Centre,31,0
2026-09-02 13:00:00.000000,South Health Campus Children[;]South Health Campus,80,
2026-09-02 13:00:00.000000,Stollery Children's Hospital,143,0
2026-09-02 13:00:00.000000,Strathcona Community Hospital,224,0
2026-09-02 13:00:00.000000,Sturgeon Community Hospital,310,0
2026-09-02 13:00:00.000000,University of Alberta Hospital,256,0
2026-09-02 13:00:00.000000,WestView Health Centre,200,0
2026-09-02 13:10:00.000000,Airdrie Community Health Centre,58,0
2026-09-02 13:10:00.000000,Alberta Children's Hospital,54,0
2026-09-02 13:10:00.000000,Chinook Regional Hospital,87,0
2026-09-02 13:10:00.000000,Cochrane Community Health Centre,110,0
2026-09-02 13:10:00.000000,Devon General Hospital,318,0
2026-09-02 13:10:00.000000,Foothills Medical Centre,348,0
2026-09-02 13:10:00.000000,Fort Sask Community Hospital,308,0
2026-09-02 13:10:00.000000,Grande Prairie Regional Hospital,84,0
2026-09-02 13:10:00.000000,Grey Nuns Community Hospital,150,0
2026-09-02 13:10:00.000000,Innisfail Health Centre,,1
2026-09-02 13:10:00.000000,Lacombe Hospital and Care Centre,,1
2026-09-02 13:10:00.000000,Leduc Community Hospital,141,0
2026-09-02 13:10:00.000000,Medicine Hat Regional Hospital,118,0
2026-09-02 13:10:00.000000,Misericordia Community Hospital,279,0
2026-09-02 13:10:00.000000,Northeast Community Health Centre,206,0
2026-09-02 13:10:00.000000,Northern Lights Regional Health Centre,82,0
2026-09-02 13:10:00.000000,Okotoks Health and Wellness Centre,35,0
2026-09-02 13:10:00.000000,Peter Lougheed Centre,146,0
2026-09-02 13:10:00.000000,Red Deer Regional Hospital,116,0
2026-09-02 13:10:00.000000,Rockyview General Hospital,204,0
2026-09-02 13:10:00.000000,Royal Alexandra Hospital,275,0
2026-09-02 13:10:00.000000,Sheldon M. Chumir Centre,47,0
2026-09-02 13:10:00.000000,South Calgary Health Centre,30,0
2026-09-02 13:10:00.000000,South Health Campus Children[;]South Health Campus,30,
2026-09-02 13:10:00.000000,Stollery Children's Hospital,143,0
2026-09-02 13:10:00.000000,Strathcona Community Hospital,213,0
2026-09-02 13:10:00.000000,Sturgeon Community Hospital,312,0
2026-09-02 13:10:00.000000,University of Alberta Hospital,256,0
2026-09-02 13:10:00.000000,WestView Health Centre,177,0
2026-09-02 13:20:00.000000,Airdrie Community Health Centre,58,0
2026-09-02 13:20:00.000000,Alberta Children's Hospital,54,0
2026-09-02 13:20:00.000000,Chinook Regional Hospital,91,0
2026-09-02 13:20:00.000000,Cochrane Community Health Centre,110,0
2026-09-02 13:20:00.000000,Devon General Hospital,318,0
2026-09-02 13:20:00.000000,Foothills Medical Centre,357,0
2026-09-02 13:20:00.000000,Fort Sask Community Hospital,280,0
2026-09-02 13:20:00.000000,Grande Prairie Regional Hospital,77,0
2026-09-02 13:20:00.000000,Grey Nuns Community Hospital,157,0
2026-09-02 13:20:00.000000,Innisfail Health Centre,,1
2026-09-02 13:20:00.000000,Lacombe Hospital and Care Centre,,1
2026-09-02 13:20:00.000000,Leduc Community Hospital,145,0
2026-09-02 13:20:00.000000,Medicine Hat Regional Hospital,114,0
2026-09-02 13:20:00.000000,Misericordia Community Hospital,268,0
2026-09-02 13:20:00.000000,Northeast Community Health Centre,218,0
2026-09-02 13:20:00.000000,Northern Lights Regional Health Centre,74,0
2026-09-02 13:20:00.000000,Okotoks Health and Wellness Centre,30,0
2026-09-02 13:20:00.000000,Peter Lougheed Centre,148,0
2026-09-02 13:20:00.000000,Red Deer Regional Hospital,116,0
2026-09-02 13:20:00.000000,Rockyview General Hospital,217,0
2026-09-02 13:20:00.000000,Royal Alexandra Hospital,263,0
2026-09-02 13:20:00.000000,Sheldon M. Chumir Centre,39,0
2026-09-02 13:20:00.000000,South Calgary Health Centre,31,0
2026-09-02 13:20:00.000000,South Health Campus Children[;]South Health Campus,30,
2026-09-02 13:20:00.000000,Stollery Children's Hospital,155,0
2026-09-02 13:20:00.000000,Strathcona Community Hospital,196,0
2026-09-02 13:20:00.000000,Sturgeon Community Hospital,322,0
2026-09-02 13:20:00.000000,University of Alberta Hospital,254,0
2026-09-02 13:20:00.000000,WestView Health Centre,200,0
2026-09-02 13:30:00.000000,Airdrie Community Health Centre,67,0
2026-09-02 13:30:00.000000,Alberta Children's Hospital,30,0
2026-09-02 13:30:00.000000,Chinook Regional Hospital,91,0
2026-09-02 13:30:00.000000,Cochrane Community Health Centre,110,0
2026-09-02 13:30:00.000000,Devon General Hospital,318,0
2026-09-02 13:30:00.000000,Foothills Medical Centre,353,0
2026-09-02 13:30:00.000000,Fort Sask Community Hospital,280,0
2026-09-02 13:30:00.000000,Grande Prairie Regional Hospital,84,0
2026-09-02 13:30:00.000000,Grey Nuns Community Hospital,157,0
2026-09-02 13:30:00.000000,Innisfail Health Centre,,1
2026-09-02 13:30:00.000000,Lacombe Hospital and Care Centre,,1
2026-09-02 13:30:00.000000,Leduc Community Hospital,120,0
2026-09-02 13:30:00.000000,Medicine Hat Regional Hospital,102,0
2026-09-02 13:30:00.000000,Misericordia Community Hospital,268,0
2026-09-02 13:30:00.000000,Northeast Community Health Centre,218,0
2026-09-02 13:30:00.000000,Northern Lights Regional Health Centre,82,0
2026-09-02 13:30:00.000000,Okotoks Health and Wellness Centre,30,0
2026-09-02 13:30:00.000000,Peter Lougheed Centre,149,0
2026-09-02 13:30:00.000000,Red Deer Regional Hospital,137,0
2026-09-02 13:30:00.000000,Rockyview General Hospital,211,0
2026-09-02 13:30:00.000000,Royal Alexandra Hospital,269,0
2026-09-02 13:30:00.000000,Sheldon M. Chumir Centre,55,0
2026-09-02 13:30:00.000000,South Calgary Health Centre,39,0
2026-09-02 13:30:00.000000,South Health Campus Children[;]South Health Campus,30,
2026-09-02 13:30:00.000000,Stollery Children's Hospital,167,0
2026-09-02 13:30:00.000000,Strathcona Community Hospital,180,0
2026-09-02 13:30:00.000000,Sturgeon Community Hospital,344,0
2026-09-02 13:30:00.000000,University of Alberta Hospital,262,0
2026-09-02 13:30:00.000000,WestView Health Centre,255,0
2026-09-02 13:40:00.000000,Airdrie Community Health Centre,67,0
2026-09-02 13:40:00.000000,Alberta Children's Hospital,59,0
2026-09-02 13:40:00.000000,Chinook Regional Hospital,91,0
2026-09-02 13:40:00.000000,Cochrane Community Health Centre,110,0
2026-09-02 13:40:00.000000,Devon General Hospital,318,0
2026-09-02 13:40:00.000000,Foothills Medical Centre,356,0
2026-09-02 13:40:00.000000,Fort Sask Community Hospital,308,0
2026-09-02 13:40:00.000000,Grande Prairie Regional Hospital,91,0
2026-09-02 13:40:00.000000,Grey Nuns Community Hospital,172,0
2026-09-02 13:40:00.000000,Innisfail Health Centre,,1
2026-09-02 13:40:00.000000,Lacombe Hospital and Care Centre,,1
2026-09-02 13:40:00.000000,Leduc Community Hospital,125,0
2026-09-02 13:40:00.000000,Medicine Hat Regional Hospital,99,0
2026-09-02 13:40:00.000000,Misericordia Community Hospital,257,0
2026-09-02 13:40:00.000000,Northeast Community Health Centre,230,0
2026-09-02 13:40:00.000000,Northern Lights Regional Health Centre,82,0
2026-09-02 13:40:00.000000,Okotoks Health and Wellness Centre,30,0
2026-09-02 13:40:00.000000,Peter Lougheed Centre,146,0
2026-09-02 13:40:00.000000,Red Deer Regional Hospital,116,0
2026-09-02 13:40:00.000000,Rockyview General Hospital,209,0
2026-09-02 13:40:00.000000,Royal Alexandra Hospital,251,0
2026-09-02 13:40:00.000000,Sheldon M. Chumir Centre,63,0
2026-09-02 13:40:00.000000,South Calgary Health Centre,44,0
2026-09-02 13:40:00.000000,South Health Campus Children[;]South Health Campus,30,
2026-09-02 13:40:00.000000,Stollery Children's Hospital,167,0
2026-09-02 13:40:00.000000,Strathcona Community Hospital,180,0
2026-09-02 13:40:00.000000,Sturgeon Community Hospital,324,0
2026-09-02 13:40:00.000000,University of Alberta Hospital,271,0
2026-09-02 13:40:00.000000,WestView Health Centre,295,0
2026-09-02 13:50:00.000000,Airdrie Community Health Centre,67,0
2026-09-02 13:50:00.000000,Alberta Children's Hospital,77,0
2026-09-02 13:50:00.000000,Chinook Regional Hospital,82,0
2026-09-02 13:50:00.000000,Cochrane Community Health Centre,120,0
2026-09-02 13:50:00.000000,Devon General Hospital,286,0
2026-09-02 13:50:00.000000,Foothills Medical Centre,368,0
2026-09-02 13:50:00.000000,Fort Sask Community Hospital,336,0
2026-09-02 13:50:00.000000,Grande Prairie Regional Hospital,91,0
2026-09-02 13:50:00.000000,Grey Nuns Community Hospital,180,0
2026-09-02 13:50:00.000000,Innisfail Health Centre,,1
2026-09-02 13:50:00.000000,Lacombe Hospital and Care Centre,,1
2026-09-02 13:50:00.000000,Leduc Community Hospital,119,0
2026-09-02 13:50:00.000000,Medicine Hat Regional Hospital,95,0
2026-09-02 13:50:00.000000,Misericordia Community Hospital,268,0
2026-09-02 13:50:00.000000,Northeast Community Health Centre,242,0
2026-09-02 13:50:00.000000,Northern Lights Regional Health Centre,90,0
2026-09-02 13:50:00.000000,Okotoks Health and Wellness Centre,30,0
2026-09-02 13:50:00.000000,Peter Lougheed Centre,164,0
2026-09-02 13:50:00.000000,Red Deer Regional Hospital,116,0
2026-09-02 13:50:00.000000,Rockyview General Hospital,217,0
2026-09-02 13:50:00.000000,Royal Alexandra Hospital,245,0
2026-09-02 13:50:00.000000,Sheldon M. Chumir Centre,79,0
2026-09-02 13:50:00.000000,South Calgary Health Centre,49,0
2026-09-02 13:50:00.000000,South Health Campus Children[;]South Health Campus,30,
2026-09-02 13:50:00.000000,Stollery Children's Hospital,190,0
2026-09-02 13:50:00.000000,Strathcona Community Hospital,180,0
2026-09-02 13:50:00.000000,Sturgeon Community Hospital,320,0
2026-09-02 13:50:00.000000,University of Alberta Hospital,279,0
2026-09-02 13:50:00.000000,WestView Health Centre,256,0
2026-09-02 14:00:00.000000,Airdrie Community Health Centre,58,0
2026-09-02 14:00:00.000000,Alberta Children's Hospital,82,0
2026-09-02 14:00:00.000000,Chinook Regional Hospital,73,0
2026-09-02 14:00:00.000000,Cochrane Community Health Centre,110,0
2026-09-02 14:00:00.000000,Devon General Hospital,286,0
2026-09-02 14:00:00.000000,Foothills Medical Centre,362,0
2026-09-02 14:00:00.000000,Fort Sask Community Hospital,308,0
2026-09-02 14:00:00.000000,Grande Prairie Regional Hospital,91,0
2026-09-02 14:00:00.000000,Grey Nuns Community Hospital,180,0
2026-09-02 14:00:00.000000,Innisfail Health Centre,,1
2026-09-02 14:00:00.000000,Lacombe Hospital and Care Centre,,1
2026-09-02 14:00:00.000000,Leduc Community Hospital,115,0
2026-09-02 14:00:00.000000,Medicine Hat Regional Hospital,82,0
2026-09-02 14:00:00.000000,Misericordia Community Hospital,292,0
2026-09-02 14:00:00.000000,Northeast Community Health Centre,242,0
2026-09-02 14:00:00.000000,Northern Lights Regional Health Centre,66,0
2026-09-02 14:00:00.000000,Okotoks Health and Wellness Centre,30,0
2026-09-02 14:00:00.000000,Peter Lougheed Centre,166,0
2026-09-02 14:00:00.000000,Red Deer Regional Hospital,116,0
2026-09-02 14:00:00.000000,Rockyview General Hospital,211,0
2026-09-02 14:00:00.000000,Royal Alexandra Hospital,257,0
2026-09-02 14:00:00.000000,Sheldon M. Chumir Centre,95,0
2026-09-02 14:00:00.000000,South Calgary Health Centre,45,0
2026-09-02 14:00:00.000000,South Health Campus Children[;]South Health Campus,30,
2026-09-02 14:00:00.000000,Stollery Children's Hospital,190,0
2026-09-02 14:00:00.000000,Strathcona Community Hospital,180,0
2026-09-02 14:00:00.000000,Sturgeon Community Hospital,325,0
2026-09-02 14:00:00.000000,University of Alberta Hospital,277,0
2026-09-02 14:00:00.000000,WestView Health Centre,295,0
2026-09-02 14:10:00.000000,Airdrie Community Health Centre,67,0
2026-09-02 14:10:00.000000,Alberta Children's Hospital,85,0
2026-09-02 14:10:00.000000,Chinook Regional Hospital,63,0
2026-09-02 14:10:00.000000,Cochrane Community Health Centre,110,0
2026-09-02 14:10:00.000000,Devon General Hospital,286,0
2026-09-02 14:10:00.000000,Foothills Medical Centre,356,0
2026-09-02 14:10:00.000000,Fort Sask Community Hospital,308,0
2026-09-02 14:10:00.000000,Grande Prairie Regional Hospital,98,0
2026-09-02 14:10:00.000000,Grey Nuns Community Hospital,210,0
2026-09-02 14:10:00.000000,Innisfail Health Centre,,1
2026-09-02 14:10:00.000000,Lacombe Hospital and Care Centre,,1
2026-09-02 14:10:00.000000,Leduc Community Hospital,122,0
2026-09-02 14:10:00.000000,Medicine Hat Regional Hospital,89,0
2026-09-02 14:10:00.000000,Misericordia Community Hospital,314,0
2026-09-02 14:10:00.000000,Northeast Community Health Centre,242,0
2026-09-02 14:10:00.000000,Northern Lights Regional Health Centre,74,0
2026-09-02 14:10:00.000000,Okotoks Health and Wellness Centre,30,0
2026-09-02 14:10:00.000000,Peter Lougheed Centre,166,0
2026-09-02 14:10:00.000000,Red Deer Regional Hospital,106,0
2026-09-02 14:10:00.000000,Rockyview General Hospital,209,0
2026-09-02 14:10:00.000000,Royal Alexandra Hospital,239,0
2026-09-02 14:10:00.000000,Sheldon M. Chumir Centre,126,0
2026-09-02 14:10:00.000000,South Calgary Health Centre,39,0
2026-09-02 14:10:00.000000,South Health Campus Children[;]South Health Campus,30,
2026-09-02 14:10:00.000000,Stollery Children's Hospital,202,0
2026-09-02 14:10:00.000000,Strathcona Community Hospital,147,0
2026-09-02 14:10:00.000000,Sturgeon Community Hospital,342,0
2026-09-02 14:10:00.000000,University of Alberta Hospital,271,0
2026-09-02 14:10:00.000000,WestView Health Centre,314,0
2026-09-02 14:20:00.000000,Airdrie Community Health Centre,58,0
2026-09-02 14:20:00.000000,Alberta Children's Hospital,60,0
2026-09-02 14:20:00.000000,Chinook Regional Hospital,56,0
2026-09-02 14:20:00.000000,Cochrane Community Health Centre,80,0
2026-09-02 14:20:00.000000,Devon General Hospital,254,0
2026-09-02 14:20:00.000000,Foothills Medical Centre,341,0
2026-09-02 14:20:00.000000,Fort Sask Community Hospital,308,0
2026-09-02 14:20:00.000000,Grande Prairie Regional Hospital,91,0
2026-09-02 14:20:00.000000,Grey Nuns Community Hospital,225,0
2026-09-02 14:20:00.000000,Innisfail Health Centre,,1
2026-09-02 14:20:00.000000,Lacombe Hospital and Care Centre,,1
2026-09-02 14:20:00.000000,Leduc Community Hospital,132,0
2026-09-02 14:20:00.000000,Medicine Hat Regional Hospital,105,0
2026-09-02 14:20:00.000000,Misericordia Community Hospital,297,0
2026-09-02 14:20:00.000000,Northeast Community Health Centre,230,0
2026-09-02 14:20:00.000000,Northern Lights Regional Health Centre,74,0
2026-09-02 14:20:00.000000,Okotoks Health and Wellness Centre,35,0
2026-09-02 14:20:00.000000,Peter Lougheed Centre,159,0
2026-09-02 14:20:00.000000,Red Deer Regional Hospital,74,0
2026-09-02 14:20:00.000000,Rockyview General Hospital,212,0
2026-09-02 14:20:00.000000,Royal Alexandra Hospital,207,0
2026-09-02 14:20:00.000000,Sheldon M. Chumir Centre,134,0
2026-09-02 14:20:00.000000,South Calgary Health Centre,39,0
2026-09-02 14:20:00.000000,South Health Campus Children[;]South Health Campus,30,
2026-09-02 14:20:00.000000,Stollery Children's Hospital,190,0
2026-09-02 14:20:00.000000,Strathcona Community Hospital,131,0
2026-09-02 14:20:00.000000,Sturgeon Community Hospital,337,0
2026-09-02 14:20:00.000000,University of Alberta Hospital,269,0
2026-09-02 14:20:00.000000,WestView Health Centre,333,0
2026-09-02 14:30:00.000000,Airdrie Community Health Centre,74,0
2026-09-02 14:30:00.000000,Alberta Children's Hospital,97,0
2026-09-02 14:30:00.000000,Chinook Regional Hospital,49,0
2026-09-02 14:30:00.000000,Cochrane Community Health Centre,100,0
2026-09-02 14:30:00.000000,Devon General Hospital,286,0
2026-09-02 14:30:00.000000,Foothills Medical Centre,349,0
2026-09-02 14:30:00.000000,Fort Sask Community Hospital,308,0
2026-09-02 14:30:00.000000,Grande Prairie Regional Hospital,84,0
2026-09-02 14:30:00.000000,Grey Nuns Community Hospital,262,0
2026-09-02 14:30:00.000000,Innisfail Health Centre,,1
2026-09-02 14:30:00.000000,Lacombe Hospital and Care Centre,,1
2026-09-02 14:30:00.000000,Leduc Community Hospital,142,0
2026-09-02 14:30:00.000000,Medicine Hat Regional Hospital,105,0
2026-09-02 14:30:00.000000,Misericordia Community Hospital,248,0
2026-09-02 14:30:00.000000,Northeast Community Health Centre,182,0
2026-09-02 14:30:00.000000,Northern Lights Regional Health Centre,74,0
2026-09-02 14:30:00.000000,Okotoks Health and Wellness Centre,30,0
2026-09-02 14:30:00.000000,Peter Lougheed Centre,157,0
2026-09-02 14:30:00.000000,Red Deer Regional Hospital,95,0
2026-09-02 14:30:00.000000,Rockyview General Hospital,205,0
2026-09-02 14:30:00.000000,Royal Alexandra Hospital,235,0
2026-09-02 14:30:00.000000,Sheldon M. Chumir Centre,134,0
2026-09-02 14:30:00.000000,South Calgary Health Centre,47,0
2026-09-02 14:30:00.000000,South Health Campus Children[;]South Health Campus,30,
2026-09-02 14:30:00.000000,Stollery Children's Hospital,190,0
2026-09-02 14:30:00.000000,Strathcona Community Hospital,164,0
2026-09-02 14:30:00.000000,Sturgeon Community Hospital,329,0
2026-09-02 14:30:00.000000,University of Alberta Hospital,272,0
2026-09-02 14:30:00.000000,WestView Health Centre,314,0
2026-09-02 14:40:00.000000,Airdrie Community Health Centre,79,0
2026-09-02 14:40:00.000000,Alberta Children's Hospital,60,0
2026-09-02 14:40:00.000000,Chinook Regional Hospital,46,0
2026-09-02 14:40:00.000000,Cochrane Community Health Centre,90,0
2026-09-02 14:40:00.000000,Devon General Hospital,286,0
2026-09-02 14:40:00.000000,Foothills Medical Centre,341,0
2026-09-02 14:40:00.000000,Fort Sask Community Hospital,365,0
2026-09-02 14:40:00.000000,Grande Prairie Regional Hospital,84,0
2026-09-02 14:40:00.000000,Grey Nuns Community Hospital,262,0
2026-09-02 14:40:00.000000,Innisfail Health Centre,,1
2026-09-02 14:40:00.000000,Lacombe Hospital and Care Centre,,1
2026-09-02 14:40:00.000000,Leduc Community Hospital,132,0
2026-09-02 14:40:00.000000,Medicine Hat Regional Hospital,180,0
2026-09-02 14:40:00.000000,Misericordia Community Hospital,264,0
2026-09-02 14:40:00.000000,Northeast Community Health Centre,194,0
2026-09-02 14:40:00.000000,Northern Lights Regional Health Centre,74,0
2026-09-02 14:40:00.000000,Okotoks Health and Wellness Centre,30,0
2026-09-02 14:40:00.000000,Peter Lougheed Centre,169,0
2026-09-02 14:40:00.000000,Red Deer Regional Hospital,116,0
2026-09-02 14:40:00.000000,Rockyview General Hospital,198,0
2026-09-02 14:40:00.000000,Royal Alexandra Hospital,226,0
2026-09-02 14:40:00.000000,Sheldon M. Chumir Centre,126,0
2026-09-02 14:40:00.000000,South Calgary Health Centre,47,0
2026-09-02 14:40:00.000000,South Health Campus Children[;]South Health Campus,30,
2026-09-02 14:40:00.000000,Stollery Children's Hospital,179,0
2026-09-02 14:40:00.000000,Strathcona Community Hospital,147,0
2026-09-02 14:40:00.000000,Sturgeon Community Hospital,335,0
2026-09-02 14:40:00.000000,University of Alberta Hospital,270,0
2026-09-02 14:40:00.000000,WestView Health Centre,347,0
2026-09-02 14:50:00.000000,Airdrie Community Health Centre,96,0
2026-09-02 14:50:00.000000,Alberta Children's Hospital,48,0
2026-09-02 14:50:00.000000,Chinook Regional Hospital,44,0
2026-09-02 14:50:00.000000,Cochrane Community Health Centre,90,0
2026-09-02 14:50:00.000000,Devon General Hospital,318,0
2026-09-02 14:50:00.000000,Foothills Medical Centre,329,0
2026-09-02 14:50:00.000000,Fort Sask Community Hospital,421,0
2026-09-02 14:50:00.000000,Grande Prairie Regional Hospital,77,0
2026-09-02 14:50:00.000000,Grey Nuns Community Hospital,255,0
2026-09-02 14:50:00.000000,Innisfail Health Centre,,1
2026-09-02 14:50:00.000000,Lacombe Hospital and Care Centre,,1
2026-09-02 14:50:00.000000,Leduc Community Hospital,147,0
2026-09-02 14:50:00.000000,Medicine Hat Regional Hospital,180,0
2026-09-02 14:50:00.000000,Misericordia Community Hospital,264,0
2026-09-02 14:50:00.000000,Northeast Community Health Centre,194,0
2026-09-02 14:50:00.000000,Northern Lights Regional Health Centre,82,0
2026-09-02 14:50:00.000000,Okotoks Health and Wellness Centre,35,0
2026-09-02 14:50:00.000000,Peter Lougheed Centre,171,0
2026-09-02 14:50:00.000000,Red Deer Regional Hospital,116,0
2026-09-02 14:50:00.000000,Rockyview General Hospital,204,0
2026-09-02 14:50:00.000000,Royal Alexandra Hospital,207,0
2026-09-02 14:50:00.000000,Sheldon M. Chumir Centre,118,0
2026-09-02 14:50:00.000000,South Calgary Health Centre,31,0
2026-09-02 14:50:00.000000,South Health Campus Children[;]South Health Campus,30,
2026-09-02 14:50:00.000000,Stollery Children's Hospital,190,0
2026-09-02 14:50:00.000000,Strathcona Community Hospital,147,0
2026-09-02 14:50:00.000000,Sturgeon Community Hospital,339,0
2026-09-02 14:50:00.000000,University of Alberta Hospital,259,0
2026-09-02 14:50:00.000000,WestView Health Centre,319,0
2026-09-02 15:00:00.000000,Airdrie Community Health Centre,87,0
2026-09-02 15:00:00.000000,Alberta Children's Hospital,60,0
2026-09-02 15:00:00.000000,Chinook Regional Hospital,51,0
2026-09-02 15:00:00.000000,Cochrane Community Health Centre,90,0
2026-09-02 15:00:00.000000,Devon General Hospital,349,0
2026-09-02 15:00:00.000000,Foothills Medical Centre,310,0
2026-09-02 15:00:00.000000,Fort Sask Community Hospital,421,0
2026-09-02 15:00:00.000000,Grande Prairie Regional Hospital,91,0
2026-09-02 15:00:00.000000,Grey Nuns Community Hospital,262,0
2026-09-02 15:00:00.000000,Innisfail Health Centre,,1
2026-09-02 15:00:00.000000,Lacombe Hospital and Care Centre,,1
2026-09-02 15:00:00.000000,Leduc Community Hospital,197,0
2026-09-02 15:00:00.000000,Medicine Hat Regional Hospital,210,0
2026-09-02 15:00:00.000000,Misericordia Community Hospital,231,0
2026-09-02 15:00:00.000000,Northeast Community Health Centre,194,0
2026-09-02 15:00:00.000000,Northern Lights Regional Health Centre,82,0
2026-09-02 15:00:00.000000,Okotoks Health and Wellness Centre,35,0
2026-09-02 15:00:00.000000,Peter Lougheed Centre,177,0
2026-09-02 15:00:00.000000,Red Deer Regional Hospital,137,0
2026-09-02 15:00:00.000000,Rockyview General Hospital,198,0
2026-09-02 15:00:00.000000,Royal Alexandra Hospital,229,0
2026-09-02 15:00:00.000000,Sheldon M. Chumir Centre,126,0
2026-09-02 15:00:00.000000,South Calgary Health Centre,31,0
2026-09-02 15:00:00.000000,South Health Campus Children[;]South Health Campus,30,
2026-09-02 15:00:00.000000,Stollery Children's Hospital,226,0
2026-09-02 15:00:00.000000,Strathcona Community Hospital,164,0
2026-09-02 15:00:00.000000,Sturgeon Community Hospital,361,0
2026-09-02 15:00:00.000000,University of Alberta Hospital,258,0
2026-09-02 15:00:00.000000,WestView Health Centre,349,0
2026-09-02 15:10:00.000000,Airdrie Community Health Centre,103,0
2026-09-02 15:10:00.000000,Alberta Children's Hospital,72,0
2026-09-02 15:10:00.000000,Chinook Regional Hospital,55,0
2026-09-02 15:10:00.000000,Cochrane Community Health Centre,80,0
2026-09-02 15:10:00.000000,Devon General Hospital,254,0
2026-09-02 15:10:00.000000,Foothills Medical Centre,327,0
2026-09-02 15:10:00.000000,Fort Sask Community Hospital,449,0
2026-09-02 15:10:00.000000,Grande Prairie Regional Hospital,84,0
2026-09-02 15:10:00.000000,Grey Nuns Community Hospital,285,0
2026-09-02 15:10:00.000000,Innisfail Health Centre,,1
2026-09-02 15:10:00.000000,Lacombe Hospital and Care Centre,,1
2026-09-02 15:10:00.000000,Leduc Community Hospital,227,0
2026-09-02 15:10:00.000000,Medicine Hat Regional Hospital,196,0
2026-09-02 15:10:00.000000,Misericordia Community Hospital,264,0
2026-09-02 15:10:00.000000,Northeast Community Health Centre,206,0
2026-09-02 15:10:00.000000,Northern Lights Regional Health Centre,74,0
2026-09-02 15:10:00.000000,Okotoks Health and Wellness Centre,46,0
2026-09-02 15:10:00.000000,Peter Lougheed Centre,184,0
2026-09-02 15:10:00.000000,Red Deer Regional Hospital,137,0
2026-09-02 15:10:00.000000,Rockyview General Hospital,210,0
2026-09-02 15:10:00.000000,Royal Alexandra Hospital,239,0
2026-09-02 15:10:00.000000,Sheldon M. Chumir Centre,118,0
2026-09-02 15:10:00.000000,South Calgary Health Centre,55,0
2026-09-02 15:10:00.000000,South Health Campus Children[;]South Health Campus,30,
2026-09-02 15:10:00.000000,Stollery Children's Hospital,238,0
2026-09-02 15:10:00.000000,Strathcona Community Hospital,196,0
2026-09-02 15:10:00.000000,Sturgeon Community Hospital,386,0
2026-09-02 15:10:00.000000,University of Alberta Hospital,264,0
2026-09-02 15:10:00.000000,WestView Health Centre,340,0
2026-09-02 15:20:00.000000,Airdrie Community Health Centre,90,0
2026-09-02 15:20:00.000000,Alberta Children's Hospital,60,0
2026-09-02 15:20:00.000000,Chinook Regional Hospital,59,0
2026-09-02 15:20:00.000000,Cochrane Community Health Centre,80,0
2026-09-02 15:20:00.000000,Devon General Hospital,254,0
2026-09-02 15:20:00.000000,Foothills Medical Centre,309,0
2026-09-02 15:20:00.000000,Fort Sask Community Hospital,477,0
2026-09-02 15:20:00.000000,Grande Prairie Regional Hospital,91,0
2026-09-02 15:20:00.000000,Grey Nuns Community Hospital,292,0
2026-09-02 15:20:00.000000,Innisfail Health Centre,,1
2026-09-02 15:20:00.000000,Lacombe Hospital and Care Centre,,1
2026-09-02 15:20:00.000000,Leduc Community Hospital,239,0
2026-09-02 15:20:00.000000,Medicine Hat Regional Hospital,172,0
2026-09-02 15:20:00.000000,Misericordia Community Hospital,281,0
2026-09-02 15:20:00.000000,Northeast Community Health Centre,194,0
2026-09-02 15:20:00.000000,Northern Lights Regional Health Centre,66,0
2026-09-02 15:20:00.000000,Okotoks Health and Wellness Centre,46,0
2026-09-02 15:20:00.000000,Peter Lougheed Centre,178,0
2026-09-02 15:20:00.000000,Red Deer Regional Hospital,116,0
2026-09-02 15:20:00.000000,Rockyview General Hospital,213,0
2026-09-02 15:20:00.000000,Royal Alexandra Hospital,243,0
2026-09-02 15:20:00.000000,Sheldon M. Chumir Centre,134,0
2026-09-02 15:20:00.000000,South Calgary Health Centre,55,0
2026-09-02 15:20:00.000000,South Health Campus Children[;]South Health Campus,30,
2026-09-02 15:20:00.000000,Stollery Children's Hospital,226,0
2026-09-02 15:20:00.000000,Strathcona Community Hospital,229,0
2026-09-02 15:20:00.000000,Sturgeon Community Hospital,381,0
2026-09-02 15:20:00.000000,University of Alberta Hospital,264,0
2026-09-02 15:20:00.000000,WestView Health Centre,310,0
2026-09-02 15:30:00.000000,Airdrie Community Health Centre,92,0
2026-09-02 15:30:00.000000,Alberta Children's Hospital,48,0
2026-09-02 15:30:00.000000,Chinook Regional Hospital,55,0
2026-09-02 15:30:00.000000,Cochrane Community Health Centre,90,0
2026-09-02 15:30:00.000000,Devon General Hospital,254,0
2026-09-02 15:30:00.000000,Foothills Medical Centre,329,0
2026-09-02 15:30:00.000000,Fort Sask Community Hospital,505,0
2026-09-02 15:30:00.000000,Grande Prairie Regional Hospital,77,0
2026-09-02 15:30:00.000000,Grey Nuns Community Hospital,285,0
2026-09-02 15:30:00.000000,Innisfail Health Centre,,1
2026-09-02 15:30:00.000000,Lacombe Hospital and Care Centre,,1
2026-09-02 15:30:00.000000,Leduc Community Hospital,228,0
2026-09-02 15:30:00.000000,Medicine Hat Regional Hospital,192,0
2026-09-02 15:30:00.000000,Misericordia Community Hospital,297,0
2026-09-02 15:30:00.000000,Northeast Community Health Centre,157,0
2026-09-02 15:30:00.000000,Northern Lights Regional Health Centre,66,0
2026-09-02 15:30:00.000000,Okotoks Health and Wellness Centre,46,0
2026-09-02 15:30:00.000000,Peter Lougheed Centre,189,0
2026-09-02 15:30:00.000000,Red Deer Regional Hospital,137,0
2026-09-02 15:30:00.000000,Rockyview General Hospital,208,0
2026-09-02 15:30:00.000000,Royal Alexandra Hospital,247,0
2026-09-02 15:30:00.000000,Sheldon M. Chumir Centre,102,0
2026-09-02 15:30:00.000000,South Calgary Health Centre,47,0
2026-09-02 15:30:00.000000,South Health Campus Children[;]South Health Campus,30,
2026-09-02 15:30:00.000000,Stollery Children's Hospital,238,0
2026-09-02 15:30:00.000000,Strathcona Community Hospital,246,0
2026-09-02 15:30:00.000000,Sturgeon Community Hospital,387,0
2026-09-02 15:30:00.000000,University of Alberta Hospital,277,0
2026-09-02 15:30:00.000000,WestView Health Centre,320,0
2026-09-02 15:40:00.000000,Airdrie Community Health Centre,100,0
2026-09-02 15:40:00.000000,Alberta Children's Hospital,63,0
2026-09-02 15:40:00.000000,Chinook Regional Hospital,50,0
2026-09-02 15:40:00.000000,Cochrane Community Health Centre,70,0
2026-09-02 15:40:00.000000,Devon General Hospital,190,0
2026-09-02 15:40:00.000000,Foothills Medical Centre,334,0
2026-09-02 15:40:00.000000,Fort Sask Community Hospital,449,0
2026-09-02 15:40:00.000000,Grande Prairie Regional Hospital,77,0
2026-09-02 15:40:00.000000,Grey Nuns Community Hospital,285,0
2026-09-02 15:40:00.000000,Innisfail Health Centre,,1
2026-09-02 15:40:00.000000,Lacombe Hospital and Care Centre,,1
2026-09-02 15:40:00.000000,Leduc Community Hospital,281,0
2026-09-02 15:40:00.000000,Medicine Hat Regional Hospital,153,0
2026-09-02 15:40:00.000000,Misericordia Community Hospital,301,0
2026-09-02 15:40:00.000000,Northeast Community Health Centre,157,0
2026-09-02 15:40:00.000000,Northern Lights Regional Health Centre,74,0
2026-09-02 15:40:00.000000,Okotoks Health and Wellness Centre,35,0
2026-09-02 15:40:00.000000,Peter Lougheed Centre,172,0
2026-09-02 15:40:00.000000,Red Deer Regional Hospital,106,0
2026-09-02 15:40:00.000000,Rockyview General Hospital,211,0
2026-09-02 15:40:00.000000,Royal Alexandra Hospital,232,0
2026-09-02 15:40:00.000000,Sheldon M. Chumir Centre,110,0
2026-09-02 15:40:00.000000,South Calgary Health Centre,55,0
2026-09-02 15:40:00.000000,South Health Campus Children[;]South Health Campus,53,
2026-09-02 15:40:00.000000,Stollery Children's Hospital,238,0
2026-09-02 15:40:00.000000,Strathcona Community Hospital,295,0
2026-09-02 15:40:00.000000,Sturgeon Community Hospital,398,0
2026-09-02 15:40:00.000000,University of Alberta Hospital,289,0
2026-09-02 15:40:00.000000,WestView Health Centre,328,0
2026-09-02 15:50:00.000000,Airdrie Community Health Centre,102,0
2026-09-02 15:50:00.000000,Alberta Children's Hospital,69,0
2026-09-02 15:50:00.000000,Chinook Regional Hospital,46,0
2026-09-02 15:50:00.000000,Cochrane Community Health Centre,60,0
2026-09-02 15:50:00.000000,Devon General Hospital,190,0
2026-09-02 15:50:00.000000,Foothills Medical Centre,332,0
2026-09-02 15:50:00.000000,Fort Sask Community Hospital,421,0
2026-09-02 15:50:00.000000,Grande Prairie Regional Hospital,84,0
2026-09-02 15:50:00.000000,Grey Nuns Community Hospital,277,0
2026-09-02 15:50:00.000000,Innisfail Health Centre,,1
2026-09-02 15:50:00.000000,Lacombe Hospital and Care Centre,,1
2026-09-02 15:50:00.000000,Leduc Community Hospital,290,0
2026-09-02 15:50:00.000000,Medicine Hat Regional Hospital,172,0
2026-09-02 15:50:00.000000,Misericordia Community Hospital,323,0
2026-09-02 15:50:00.000000,Northeast Community Health Centre,145,0
2026-09-02 15:50:00.000000,Northern Lights Regional Health Centre,82,0
2026-09-02 15:50:00.000000,Okotoks Health and Wellness Centre,35,0
2026-09-02 15:50:00.000000,Peter Lougheed Centre,167,0
2026-09-02 15:50:00.000000,Red Deer Regional Hospital,84,0
2026-09-02 15:50:00.000000,Rockyview General Hospital,224,0
2026-09-02 15:50:00.000000,Royal Alexandra Hospital,237,0
2026-09-02 15:50:00.000000,Sheldon M. Chumir Centre,95,0
2026-09-02 15:50:00.000000,South Calgary Health Centre,71,0
2026-09-02 15:50:00.000000,South Health Campus Children[;]South Health Campus,53,
2026-09-02 15:50:00.000000,Stollery Children's Hospital,248,0
2026-09-02 15:50:00.000000,Strathcona Community Hospital,278,0
2026-09-02 15:50:00.000000,Sturgeon Community Hospital,409,0
2026-09-02 15:50:00.000000,University of Alberta Hospital,270,0
2026-09-02 15:50:00.000000,WestView Health Centre,339,0
2026-09-02 16:00:00.000000,Airdrie Community Health Centre,102,0
2026-09-02 16:00:00.000000,Alberta Children's Hospital,75,0
2026-09-02 16:00:00.000000,Chinook Regional Hospital,46,0
2026-09-02 16:00:00.000000,Cochrane Community Health Centre,40,0
2026-09-02 16:00:00.000000,Devon General Hospital,190,0
2026-09-02 16:00:00.000000,Foothills Medical Centre,322,0
2026-09-02 16:00:00.000000,Fort Sask Community Hospital,393,0
2026-09-02 16:00:00.000000,Grande Prairie Regional Hospital,84,0
2026-09-02 16:00:00.000000,Grey Nuns Community Hospital,277,0
2026-09-02 16:00:00.000000,Innisfail Health Centre,,1
2026-09-02 16:00:00.000000,Lacombe Hospital and Care Centre,,1
2026-09-02 16:00:00.000000,Leduc Community Hospital,320,0
2026-09-02 16:00:00.000000,Medicine Hat Regional Hospital,162,0
2026-09-02 16:00:00.000000,Misericordia Community Hospital,334,0
2026-09-02 16:00:00.000000,Northeast Community Health Centre,121,0
2026-09-02 16:00:00.000000,Northern Lights Regional Health Centre,90,0
2026-09-02 16:00:00.000000,Okotoks Health and Wellness Centre,30,0
2026-09-02 16:00:00.000000,Peter Lougheed Centre,178,0
2026-09-02 16:00:00.000000,Red Deer Regional Hospital,116,0
2026-09-02 16:00:00.000000,Rockyview General Hospital,226,0
2026-09-02 16:00:00.000000,Royal Alexandra Hospital,247,0
2026-09-02 16:00:00.000000,Sheldon M. Chumir Centre,87,0
2026-09-02 16:00:00.000000,South Calgary Health Centre,85,0
2026-09-02 16:00:00.000000,South Health Campus Children[;]South Health Campus,30,
2026-09-02 16:00:00.000000,Stollery Children's Hospital,253,0
2026-09-02 16:00:00.000000,Strathcona Community Hospital,278,0
2026-09-02 16:00:00.000000,Sturgeon Community Hospital,409,0
2026-09-02 16:00:00.000000,University of Alberta Hospital,283,0
2026-09-02 16:00:00.000000,WestView Health Centre,311,0
2026-09-02 16:10:00.000000,Airdrie Community Health Centre,76,0
2026-09-02 16:10:00.000000,Alberta Children's Hospital,72,0
2026-09-02 16:10:00.000000,Chinook Regional Hospital,42,0
2026-09-02 16:10:00.000000,Cochrane Community Health Centre,50,0
2026-09-02 16:10:00.000000,Devon General Hospital,190,0
2026-09-02 16:10:00.000000,Foothills Medical Centre,332,0
2026-09-02 16:10:00.000000,Fort Sask Community Hospital,336,0
2026-09-02 16:10:00.000000,Grande Prairie Regional Hospital,91,0
2026-09-02 16:10:00.000000,Grey Nuns Community Hospital,285,0
2026-09-02 16:10:00.000000,Innisfail Health Centre,,1
2026-09-02 16:10:00.000000,Lacombe Hospital and Care Centre,,1
2026-09-02 16:10:00.000000,Leduc Community Hospital,349,0
2026-09-02 16:10:00.000000,Medicine Hat Regional Hospital,165,0
2026-09-02 16:10:00.000000,Misericordia Community Hospital,356,0
2026-09-02 16:10:00.000000,Northeast Community Health Centre,145,0
2026-09-02 16:10:00.000000,Northern Lights Regional Health Centre,99,0
2026-09-02 16:10:00.000000,Okotoks Health and Wellness Centre,30,0
2026-09-02 16:10:00.000000,Peter Lougheed Centre,183,0
2026-09-02 16:10:00.000000,Red Deer Regional Hospital,116,0
2026-09-02 16:10:00.000000,Rockyview General Hospital,228,0
2026-09-02 16:10:00.000000,Royal Alexandra Hospital,270,0
2026-09-02 16:10:00.000000,Sheldon M. Chumir Centre,101,0
2026-09-02 16:10:00.000000,South Calgary Health Centre,88,0
2026-09-02 16:10:00.000000,South Health Campus Children[;]South Health Campus,30,
2026-09-02 16:10:00.000000,Stollery Children's Hospital,258,0
2026-09-02 16:10:00.000000,Strathcona Community Hospital,262,0
2026-09-02 16:10:00.000000,Sturgeon Community Hospital,428,0
2026-09-02 16:10:00.000000,University of Alberta Hospital,289,0
2026-09-02 16:10:00.000000,WestView Health Centre,267,0
2026-09-02 16:20:00.000000,Airdrie Community Health Centre,64,0
2026-09-02 16:20:00.000000,Alberta Children's Hospital,54,0
2026-09-02 16:20:00.000000,Chinook Regional Hospital,46,0
2026-09-02 16:20:00.000000,Cochrane Community Health Centre,50,0
2026-09-02 16:20:00.000000,Devon General Hospital,190,0
2026-09-02 16:20:00.000000,Foothills Medical Centre,316,0
2026-09-02 16:20:00.000000,Fort Sask Community Hospital,393,0
2026-09-02 16:20:00.000000,Grande Prairie Regional Hospital,91,0
2026-09-02 16:20:00.000000,Grey Nuns Community Hospital,285,0
2026-09-02 16:20:00.000000,Innisfail Health Centre,,1
2026-09-02 16:20:00.000000,Lacombe Hospital and Care Centre,,1
2026-09-02 16:20:00.000000,Leduc Community Hospital,362,0
2026-09-02 16:20:00.000000,Medicine Hat Regional Hospital,165,0
2026-09-02 16:20:00.000000,Misericordia Community Hospital,356,0
2026-09-02 16:20:00.000000,Northeast Community Health Centre,194,0
2026-09-02 16:20:00.000000,Northern Lights Regional Health Centre,82,0
2026-09-02 16:20:00.000000,Okotoks Health and Wellness Centre,58,0
2026-09-02 16:20:00.000000,Peter Lougheed Centre,178,0
2026-09-02 16:20:00.000000,Red Deer Regional Hospital,127,0
2026-09-02 16:20:00.000000,Rockyview General Hospital,242,0
2026-09-02 16:20:00.000000,Royal Alexandra Hospital,266,0
2026-09-02 16:20:00.000000,Sheldon M. Chumir Centre,117,0
2026-09-02 16:20:00.000000,South Calgary Health Centre,79,0
2026-09-02 16:20:00.000000,South Health Campus Children[;]South Health Campus,30,
2026-09-02 16:20:00.000000,Stollery Children's Hospital,261,0
2026-09-02 16:20:00.000000,Strathcona Community Hospital,295,0
2026-09-02 16:20:00.000000,Sturgeon Community Hospital,415,0
2026-09-02 16:20:00.000000,University of Alberta Hospital,280,0
2026-09-02 16:20:00.000000,WestView Health Centre,267,0
2026-09-02 16:30:00.000000,Airdrie Community Health Centre,76,0
2026-09-02 16:30:00.000000,Alberta Children's Hospital,54,0
2026-09-02 16:30:00.000000,Chinook Regional Hospital,56,0
2026-09-02 16:30:00.000000,Cochrane Community Health Centre,50,0
2026-09-02 16:30:00.000000,Devon General Hospital,190,0
2026-09-02 16:30:00.000000,Foothills Medical Centre,334,0
2026-09-02 16:30:00.000000,Fort Sask Community Hospital,393,0
2026-09-02 16:30:00.000000,Grande Prairie Regional Hospital,98,0
2026-09-02 16:30:00.000000,Grey Nuns Community Hospital,292,0
2026-09-02 16:30:00.000000,Innisfail Health Centre,,1
2026-09-02 16:30:00.000000,Lacombe Hospital and Care Centre,,1
2026-09-02 16:30:00.000000,Leduc Community Hospital,371,0
2026-09-02 16:30:00.000000,Medicine Hat Regional Hospital,165,0
2026-09-02 16:30:00.000000,Misericordia Community Hospital,345,0
2026-09-02 16:30:00.000000,Northeast Community Health Centre,206,0
2026-09-02 16:30:00.000000,Northern Lights Regional Health Centre,107,0
2026-09-02 16:30:00.000000,Okotoks Health and Wellness Centre,70,0
2026-09-02 16:30:00.000000,Peter Lougheed Centre,167,0
2026-09-02 16:30:00.000000,Red Deer Regional Hospital,106,0
2026-09-02 16:30:00.000000,Rockyview General Hospital,220,0
2026-09-02 16:30:00.000000,Royal Alexandra Hospital,276,0
2026-09-02 16:30:00.000000,Sheldon M. Chumir Centre,110,0
2026-09-02 16:30:00.000000,South Calgary Health Centre,76,0
2026-09-02 16:30:00.000000,South Health Campus Children[;]South Health Campus,30,
2026-09-02 16:30:00.000000,Stollery Children's Hospital,257,0
2026-09-02 16:30:00.000000,Strathcona Community Hospital,311,0
2026-09-02 16:30:00.000000,Sturgeon Community Hospital,421,0
2026-09-02 16:30:00.000000,University of Alberta Hospital,278,0
2026-09-02 16:30:00.000000,WestView Health Centre,267,0
2026-09-02 16:40:00.000000,Airdrie Community Health Centre,113,0
2026-09-02 16:40:00.000000,Alberta Children's Hospital,80,0
2026-09-02 16:40:00.000000,Chinook Regional Hospital,64,0
2026-09-02 16:40:00.000000,Cochrane Community Health Centre,40,0
2026-09-02 16:40:00.000000,Devon General Hospital,190,0
2026-09-02 16:40:00.000000,Foothills Medical Centre,331,0
2026-09-02 16:40:00.000000,Fort Sask Community Hospital,393,0
2026-09-02 16:40:00.000000,Grande Prairie Regional Hospital,105,0
2026-09-02 16:40:00.000000,Grey Nuns Community Hospital,292,0
2026-09-02 16:40:00.000000,Innisfail Health Centre,,1
2026-09-02 16:40:00.000000,Lacombe Hospital and Care Centre,,1
2026-09-02 16:40:00.000000,Leduc Community Hospital,403,0
2026-09-02 16:40:00.000000,Medicine Hat Regional Hospital,150,0
2026-09-02 16:40:00.000000,Misericordia Community Hospital,380,0
2026-09-02 16:40:00.000000,Northeast Community Health Centre,242,0
2026-09-02 16:40:00.000000,Northern Lights Regional Health Centre,132,0
2026-09-02 16:40:00.000000,Okotoks Health and Wellness Centre,46,0
2026-09-02 16:40:00.000000,Peter Lougheed Centre,189,0
2026-09-02 16:40:00.000000,Red Deer Regional Hospital,95,0
2026-09-02 16:40:00.000000,Rockyview General Hospital,229,0
2026-09-02 16:40:00.000000,Royal Alexandra Hospital,279,0
2026-09-02 16:40:00.000000,Sheldon M. Chumir Centre,115,0
2026-09-02 16:40:00.000000,South Calgary Health Centre,78,0
2026-09-02 16:40:00.000000,South Health Campus Children[;]South Health Campus,30,
2026-09-02 16:40:00.000000,Stollery Children's Hospital,243,0
2026-09-02 16:40:00.000000,Strathcona Community Hospital,295,0
2026-09-02 16:40:00.000000,Sturgeon Community Hospital,433,0
2026-09-02 16:40:00.000000,University of Alberta Hospital,286,0
2026-09-02 16:40:00.000000,WestView Health Centre,267,0
2026-09-02 16:50:00.000000,Airdrie Community Health Centre,97,0
2026-09-02 16:50:00.000000,Alberta Children's Hospital,85,0
2026-09-02 16:50:00.000000,Chinook Regional Hospital,73,0
2026-09-02 16:50:00.000000,Cochrane Community Health Centre,40,0
2026-09-02 16:50:00.000000,Devon General Hospital,190,0
2026-09-02 16:50:00.000000,Foothills Medical Centre,322,0
2026-09-02 16:50:00.000000,Fort Sask Community Hospital,393,0
2026-09-02 16:50:00.000000,Grande Prairie Regional Hospital,105,0
2026-09-02 16:50:00.000000,Grey Nuns Community Hospital,292,0
2026-09-02 16:50:00.000000,Innisfail Health Centre,,1
2026-09-02 16:50:00.000000,Lacombe Hospital and Care Centre,,1
2026-09-02 16:50:00.000000,Leduc Community Hospital,413,0
2026-09-02 16:50:00.000000,Medicine Hat Regional Hospital,150,0
2026-09-02 16:50:00.000000,Misericordia Community Hospital,380,0
2026-09-02 16:50:00.000000,Northeast Community Health Centre,218,0
2026-09-02 16:50:00.000000,Northern Lights Regional Health Centre,132,0
2026-09-02 16:50:00.000000,Okotoks Health and Wellness Centre,35,0
2026-09-02 16:50:00.000000,Peter Lougheed Centre,189,0
2026-09-02 16:50:00.000000,Red Deer Regional Hospital,84,0
2026-09-02 16:50:00.000000,Rockyview General Hospital,230,0
2026-09-02 16:50:00.000000,Royal Alexandra Hospital,243,0
2026-09-02 16:50:00.000000,Sheldon M. Chumir Centre,119,0
2026-09-02 16:50:00.000000,South Calgary Health Centre,70,0
2026-09-02 16:50:00.000000,South Health Campus Children[;]South Health Campus,33,
2026-09-02 16:50:00.000000,Stollery Children's Hospital,239,0
2026-09-02 16:50:00.000000,Strathcona Community Hospital,311,0
2026-09-02 16:50:00.000000,Sturgeon Community Hospital,430,0
2026-09-02 16:50:00.000000,University of Alberta Hospital,278,0
2026-09-02 16:50:00.000000,WestView Health Centre,267,0
2026-09-02 17:00:00.000000,Airdrie Community Health Centre,106,0
2026-09-02 17:00:00.000000,Alberta Children's Hospital,96,0
2026-09-02 17:00:00.000000,Chinook Regional Hospital,77,0
2026-09-02 17:00:00.000000,Cochrane Community Health Centre,50,0
2026-09-02 17:00:00.000000,Devon General Hospital,159,0
2026-09-02 17:00:00.000000,Foothills Medical Centre,321,0
2026-09-02 17:00:00.000000,Fort Sask Community Hospital,393,0
2026-09-02 17:00:00.000000,Grande Prairie Regional Hospital,119,0
2026-09-02 17:00:00.000000,Grey Nuns Community Hospital,300,0
2026-09-02 17:00:00.000000,Innisfail Health Centre,,1
2026-09-02 17:00:00.000000,Lacombe Hospital and Care Centre,,1
2026-09-02 17:00:00.000000,Leduc Community Hospital,381,0
2026-09-02 17:00:00.000000,Medicine Hat Regional Hospital,150,0
2026-09-02 17:00:00.000000,Misericordia Community Hospital,380,0
2026-09-02 17:00:00.000000,Northeast Community Health Centre,242,0
2026-09-02 17:00:00.000000,Northern Lights Regional Health Centre,140,0
2026-09-02 17:00:00.000000,Okotoks Health and Wellness Centre,35,0
2026-09-02 17:00:00.000000,Peter Lougheed Centre,194,0
2026-09-02 17:00:00.000000,Red Deer Regional Hospital,84,0
2026-09-02 17:00:00.000000,Rockyview General Hospital,220,0
2026-09-02 17:00:00.000000,Royal Alexandra Hospital,246,0
2026-09-02 17:00:00.000000,Sheldon M. Chumir Centre,134,0
2026-09-02 17:00:00.000000,South Calgary Health Centre,73,0
2026-09-02 17:00:00.000000,South Health Campus Children[;]South Health Campus,30,
2026-09-02 17:00:00.000000,Stollery Children's Hospital,226,0
2026-09-02 17:00:00.000000,Strathcona Community Hospital,337,0
2026-09-02 17:00:00.000000,Sturgeon Community Hospital,427,0
2026-09-02 17:00:00.000000,University of Alberta Hospital,269,0
2026-09-02 17:00:00.000000,WestView Health Centre,267,0
2026-09-02 17:10:00.000000,Airdrie Community Health Centre,103,0
2026-09-02 17:10:00.000000,Alberta Children's Hospital,80,0
2026-09-02 17:10:00.000000,Chinook Regional Hospital,83,0
2026-09-02 17:10:00.000000,Cochrane Community Health Centre,40,0
2026-09-02 17:10:00.000000,Devon General Hospital,159,0
2026-09-02 17:10:00.000000,Foothills Medical Centre,332,0
2026-09-02 17:10:00.000000,Fort Sask Community Hospital,393,0
2026-09-02 17:10:00.000000,Grande Prairie Regional Hospital,112,0
2026-09-02 17:10:00.000000,Grey Nuns Community Hospital,300,0
2026-09-02 17:10:00.000000,Innisfail Health Centre,,1
2026-09-02 17:10:00.000000,Lacombe Hospital and Care Centre,,1
2026-09-02 17:10:00.000000,Leduc Community Hospital,387,0
2026-09-02 17:10:00.000000,Medicine Hat Regional Hospital,165,0
2026-09-02 17:10:00.000000,Misericordia Community Hospital,413,0
2026-09-02 17:10:00.000000,Northeast Community Health Centre,230,0
2026-09-02 17:10:00.000000,Northern Lights Regional Health Centre,148,0
2026-09-02 17:10:00.000000,Okotoks Health and Wellness Centre,35,0
2026-09-02 17:10:00.000000,Peter Lougheed Centre,167,0
2026-09-02 17:10:00.000000,Red Deer Regional Hospital,84,0
2026-09-02 17:10:00.000000,Rockyview General Hospital,222,0
2026-09-02 17:10:00.000000,Royal Alexandra Hospital,248,0
2026-09-02 17:10:00.000000,Sheldon M. Chumir Centre,158,0
2026-09-02 17:10:00.000000,South Calgary Health Centre,71,0
2026-09-02 17:10:00.000000,South Health Campus Children[;]South Health Campus,30,
2026-09-02 17:10:00.000000,Stollery Children's Hospital,222,0
2026-09-02 17:10:00.000000,Strathcona Community Hospital,348,0
2026-09-02 17:10:00.000000,Sturgeon Community Hospital,439,0
2026-09-02 17:10:00.000000,University of Alberta Hospital,278,0
2026-09-02 17:10:00.000000,WestView Health Centre,286,0
2026-09-02 17:20:00.000000,Airdrie Community Health Centre,103,0
2026-09-02 17:20:00.000000,Alberta Children's Hospital,72,0
2026-09-02 17:20:00.000000,Chinook Regional Hospital,83,0
2026-09-02 17:20:00.000000,Cochrane Community Health Centre,50,0
2026-09-02 17:20:00.000000,Devon General Hospital,127,0
2026-09-02 17:20:00.000000,Foothills Medical Centre,339,0
2026-09-02 17:20:00.000000,Fort Sask Community Hospital,365,0
2026-09-02 17:20:00.000000,Grande Prairie Regional Hospital,98,0
2026-09-02 17:20:00.000000,Grey Nuns Community Hospital,292,0
2026-09-02 17:20:00.000000,Innisfail Health Centre,,1
2026-09-02 17:20:00.000000,Lacombe Hospital and Care Centre,,1
2026-09-02 17:20:00.000000,Leduc Community Hospital,367,0
2026-09-02 17:20:00.000000,Medicine Hat Regional Hospital,195,0
2026-09-02 17:20:00.000000,Misericordia Community Hospital,429,0
2026-09-02 17:20:00.000000,Northeast Community Health Centre,242,0
2026-09-02 17:20:00.000000,Northern Lights Regional Health Centre,165,0
2026-09-02 17:20:00.000000,Okotoks Health and Wellness Centre,46,0
2026-09-02 17:20:00.000000,Peter Lougheed Centre,180,0
2026-09-02 17:20:00.000000,Red Deer Regional Hospital,106,0
2026-09-02 17:20:00.000000,Rockyview General Hospital,216,0
2026-09-02 17:20:00.000000,Royal Alexandra Hospital,228,0
2026-09-02 17:20:00.000000,Sheldon M. Chumir Centre,158,0
2026-09-02 17:20:00.000000,South Calgary Health Centre,77,0
2026-09-02 17:20:00.000000,South Health Campus Children[;]South Health Campus,30,
2026-09-02 17:20:00.000000,Stollery Children's Hospital,216,0
2026-09-02 17:20:00.000000,Strathcona Community Hospital,387,0
2026-09-02 17:20:00.000000,Sturgeon Community Hospital,456,0
2026-09-02 17:20:00.000000,University of Alberta Hospital,248,0
2026-09-02 17:20:00.000000,WestView Health Centre,305,0
2026-09-02 17:30:00.000000,Airdrie Community Health Centre,116,0
2026-09-02 17:30:00.000000,Alberta Children's Hospital,88,0
2026-09-02 17:30:00.000000,Chinook Regional Hospital,90,0
2026-09-02 17:30:00.000000,Cochrane Community Health Centre,50,0
2026-09-02 17:30:00.000000,Devon General Hospital,127,0
2026-09-02 17:30:00.000000,Foothills Medical Centre,339,0
2026-09-02 17:30:00.000000,Fort Sask Community Hospital,365,0
2026-09-02 17:30:00.000000,Grande Prairie Regional Hospital,91,0
2026-09-02 17:30:00.000000,Grey Nuns Community Hospital,285,0
2026-09-02 17:30:00.000000,Innisfail Health Centre,,1
2026-09-02 17:30:00.000000,Lacombe Hospital and Care Centre,,1
2026-09-02 17:30:00.000000,Leduc Community Hospital,387,0
2026-09-02 17:30:00.000000,Medicine Hat Regional Hospital,180,0
2026-09-02 17:30:00.000000,Misericordia Community Hospital,413,0
2026-09-02 17:30:00.000000,Northeast Community Health Centre,230,0
2026-09-02 17:30:00.000000,Northern Lights Regional Health Centre,173,0
2026-09-02 17:30:00.000000,Okotoks Health and Wellness Centre,35,0
2026-09-02 17:30:00.000000,Peter Lougheed Centre,193,0
2026-09-02 17:30:00.000000,Red Deer Regional Hospital,127,0
2026-09-02 17:30:00.000000,Rockyview General Hospital,204,0
2026-09-02 17:30:00.000000,Royal Alexandra Hospital,238,0
2026-09-02 17:30:00.000000,Sheldon M. Chumir Centre,158,0
2026-09-02 17:30:00.000000,South Calgary Health Centre,77,0
2026-09-02 17:30:00.000000,South Health Campus Children[;]South Health Campus,30,
2026-09-02 17:30:00.000000,Stollery Children's Hospital,203,0
2026-09-02 17:30:00.000000,Strathcona Community Hospital,424,0
2026-09-02 17:30:00.000000,Sturgeon Community Hospital,484,0
2026-09-02 17:30:00.000000,University of Alberta Hospital,276,0
2026-09-02 17:30:00.000000,WestView Health Centre,315,0
2026-09-02 17:40:00.000000,Airdrie Community Health Centre,116,0
2026-09-02 17:40:00.000000,Alberta Children's Hospital,85,0
2026-09-02 17:40:00.000000,Chinook Regional Hospital,90,0
2026-09-02 17:40:00.000000,Cochrane Community Health Centre,60,0
2026-09-02 17:40:00.000000,Devon General Hospital,159,0
2026-09-02 17:40:00.000000,Foothills Medical Centre,339,0
2026-09-02 17:40:00.000000,Fort Sask Community Hospital,393,0
2026-09-02 17:40:00.000000,Grande Prairie Regional Hospital,84,0
2026-09-02 17:40:00.000000,Grey Nuns Community Hospital,270,0
2026-09-02 17:40:00.000000,Innisfail Health Centre,,1
2026-09-02 17:40:00.000000,Lacombe Hospital and Care Centre,,1
2026-09-02 17:40:00.000000,Leduc Community Hospital,387,0
2026-09-02 17:40:00.000000,Medicine Hat Regional Hospital,165,0
2026-09-02 17:40:00.000000,Misericordia Community Hospital,442,0
2026-09-02 17:40:00.000000,Northeast Community Health Centre,242,0
2026-09-02 17:40:00.000000,Northern Lights Regional Health Centre,156,0
2026-09-02 17:40:00.000000,Okotoks Health and Wellness Centre,30,0
2026-09-02 17:40:00.000000,Peter Lougheed Centre,200,0
2026-09-02 17:40:00.000000,Red Deer Regional Hospital,106,0
2026-09-02 17:40:00.000000,Rockyview General Hospital,209,0
2026-09-02 17:40:00.000000,Royal Alexandra Hospital,233,0
2026-09-02 17:40:00.000000,Sheldon M. Chumir Centre,158,0
2026-09-02 17:40:00.000000,South Calgary Health Centre,65,0
2026-09-02 17:40:00.000000,South Health Campus Children[;]South Health Campus,56,
2026-09-02 17:40:00.000000,Stollery Children's Hospital,199,0
2026-09-02 17:40:00.000000,Strathcona Community Hospital,410,0
2026-09-02 17:40:00.000000,Sturgeon Community Hospital,499,0
2026-09-02 17:40:00.000000,University of Alberta Hospital,283,0
2026-09-02 17:40:00.000000,WestView Health Centre,370,0
2026-09-02 17:50:00.000000,Airdrie Community Health Centre,141,0
2026-09-02 17:50:00.000000,Alberta Children's Hospital,88,0
2026-09-02 17:50:00.000000,Chinook Regional Hospital,90,0
2026-09-02 17:50:00.000000,Cochrane Community Health Centre,60,0
2026-09-02 17:50:00.000000,Devon General Hospital,127,0
2026-09-02 17:50:00.000000,Foothills Medical Centre,339,0
2026-09-02 17:50:00.000000,Fort Sask Community Hospital,393,0
2026-09-02 17:50:00.000000,Grande Prairie Regional Hospital,56,0
2026-09-02 17:50:00.000000,Grey Nuns Community Hospital,262,0
2026-09-02 17:50:00.000000,Innisfail Health Centre,,1
2026-09-02 17:50:00.000000,Lacombe Hospital and Care Centre,,1
2026-09-02 17:50:00.000000,Leduc Community Hospital,428,0
2026-09-02 17:50:00.000000,Medicine Hat Regional Hospital,165,0
2026-09-02 17:50:00.000000,Misericordia Community Hospital,458,0
2026-09-02 17:50:00.000000,Northeast Community Health Centre,242,0
2026-09-02 17:50:00.000000,Northern Lights Regional Health Centre,206,0
2026-09-02 17:50:00.000000,Okotoks Health and Wellness Centre,30,0
2026-09-02 17:50:00.000000,Peter Lougheed Centre,218,0
2026-09-02 17:50:00.000000,Red Deer Regional Hospital,106,0
2026-09-02 17:50:00.000000,Rockyview General Hospital,191,0
2026-09-02 17:50:00.000000,Royal Alexandra Hospital,236,0
2026-09-02 17:50:00.000000,Sheldon M. Chumir Centre,179,0
2026-09-02 17:50:00.000000,South Calgary Health Centre,53,0
2026-09-02 17:50:00.000000,South Health Campus Children[;]South Health Campus,40,
2026-09-02 17:50:00.000000,Stollery Children's Hospital,203,0
2026-09-02 17:50:00.000000,Strathcona Community Hospital,450,0
2026-09-02 17:50:00.000000,Sturgeon Community Hospital,505,0
2026-09-02 17:50:00.000000,University of Alberta Hospital,283,0
2026-09-02 17:50:00.000000,WestView Health Centre,393,0
2026-09-02 18:00:00.000000,Airdrie Community Health Centre,116,0
2026-09-02 18:00:00.000000,Alberta Children's Hospital,92,0
2026-09-02 18:00:00.000000,Chinook Regional Hospital,90,0
2026-09-02 18:00:00.000000,Cochrane Community Health Centre,70,0
2026-09-02 18:00:00.000000,Devon General Hospital,159,0
2026-09-02 18:00:00.000000,Foothills Medical Centre,347,0
2026-09-02 18:00:00.000000,Fort Sask Community Hospital,393,0
2026-09-02 18:00:00.000000,Grande Prairie Regional Hospital,63,0
2026-09-02 18:00:00.000000,Grey Nuns Community Hospital,277,0
2026-09-02 18:00:00.000000,Innisfail Health Centre,,1
2026-09-02 18:00:00.000000,Lacombe Hospital and Care Centre,,1
2026-09-02 18:00:00.000000,Leduc Community Hospital,408,0
2026-09-02 18:00:00.000000,Medicine Hat Regional Hospital,150,0
2026-09-02 18:00:00.000000,Misericordia Community Hospital,453,0
2026-09-02 18:00:00.000000,Northeast Community Health Centre,230,0
2026-09-02 18:00:00.000000,Northern Lights Regional Health Centre,165,0
2026-09-02 18:00:00.000000,Okotoks Health and Wellness Centre,35,0
2026-09-02 18:00:00.000000,Peter Lougheed Centre,220,0
2026-09-02 18:00:00.000000,Red Deer Regional Hospital,106,0
2026-09-02 18:00:00.000000,Rockyview General Hospital,196,0
2026-09-02 18:00:00.000000,Royal Alexandra Hospital,253,0
2026-09-02 18:00:00.000000,Sheldon M. Chumir Centre,156,0
2026-09-02 18:00:00.000000,South Calgary Health Centre,53,0
2026-09-02 18:00:00.000000,South Health Campus Children[;]South Health Campus,74,
2026-09-02 18:00:00.000000,Stollery Children's Hospital,217,0
2026-09-02 18:00:00.000000,Strathcona Community Hospital,474,0
2026-09-02 18:00:00.000000,Sturgeon Community Hospital,498,0
2026-09-02 18:00:00.000000,University of Alberta Hospital,283,0
2026-09-02 18:00:00.000000,WestView Health Centre,372,0
2026-09-02 18:10:00.000000,Airdrie Community Health Centre,129,0
2026-09-02 18:10:00.000000,Alberta Children's Hospital,91,0
2026-09-02 18:10:00.000000,Chinook Regional Hospital,97,0
2026-09-02 18:10:00.000000,Cochrane Community Health Centre,60,0
2026-09-02 18:10:00.000000,Devon General Hospital,190,0
2026-09-02 18:10:00.000000,Foothills Medical Centre,326,0
2026-09-02 18:10:00.000000,Fort Sask Community Hospital,393,0
2026-09-02 18:10:00.000000,Grande Prairie Regional Hospital,56,0
2026-09-02 18:10:00.000000,Grey Nuns Community Hospital,270,0
2026-09-02 18:10:00.000000,Innisfail Health Centre,,1
2026-09-02 18:10:00.000000,Lacombe Hospital and Care Centre,,1
2026-09-02 18:10:00.000000,Leduc Community Hospital,408,0
2026-09-02 18:10:00.000000,Medicine Hat Regional Hospital,135,0
2026-09-02 18:10:00.000000,Misericordia Community Hospital,448,0
2026-09-02 18:10:00.000000,Northeast Community Health Centre,230,0
2026-09-02 18:10:00.000000,Northern Lights Regional Health Centre,148,0
2026-09-02 18:10:00.000000,Okotoks Health and Wellness Centre,46,0
2026-09-02 18:10:00.000000,Peter Lougheed Centre,216,0
2026-09-02 18:10:00.000000,Red Deer Regional Hospital,116,0
2026-09-02 18:10:00.000000,Rockyview General Hospital,200,0
2026-09-02 18:10:00.000000,Royal Alexandra Hospital,241,0
2026-09-02 18:10:00.000000,Sheldon M. Chumir Centre,155,0
2026-09-02 18:10:00.000000,South Calgary Health Centre,,0
2026-09-02 18:10:00.000000,South Health Campus Children[;]South Health Campus,106,
2026-09-02 18:10:00.000000,Stollery Children's Hospital,217,0
2026-09-02 18:10:00.000000,Strathcona Community Hospital,491,0
2026-09-02 18:10:00.000000,Sturgeon Community Hospital,500,0
2026-09-02 18:10:00.000000,University of Alberta Hospital,277,0
2026-09-02 18:10:00.000000,WestView Health Centre,389,0
2026-09-02 18:20:00.000000,Airdrie Community Health Centre,103,0
2026-09-02 18:20:00.000000,Alberta Children's Hospital,72,0
2026-09-02 18:20:00.000000,Chinook Regional Hospital,101,0
2026-09-02 18:20:00.000000,Cochrane Community Health Centre,70,0
2026-09-02 18:20:00.000000,Devon General Hospital,222,0
2026-09-02 18:20:00.000000,Foothills Medical Centre,333,0
2026-09-02 18:20:00.000000,Fort Sask Community Hospital,393,0
2026-09-02 18:20:00.000000,Grande Prairie Regional Hospital,42,0
2026-09-02 18:20:00.000000,Grey Nuns Community Hospital,262,0
2026-09-02 18:20:00.000000,Innisfail Health Centre,,1
2026-09-02 18:20:00.000000,Lacombe Hospital and Care Centre,,1
2026-09-02 18:20:00.000000,Leduc Community Hospital,346,0
2026-09-02 18:20:00.000000,Medicine Hat Regional Hospital,120,0
2026-09-02 18:20:00.000000,Misericordia Community Hospital,453,0
2026-09-02 18:20:00.000000,Northeast Community Health Centre,242,0
2026-09-02 18:20:00.000000,Northern Lights Regional Health Centre,140,0
2026-09-02 18:20:00.000000,Okotoks Health and Wellness Centre,46,0
2026-09-02 18:20:00.000000,Peter Lougheed Centre,205,0
2026-09-02 18:20:00.000000,Red Deer Regional Hospital,116,0
2026-09-02 18:20:00.000000,Rockyview General Hospital,203,0
2026-09-02 18:20:00.000000,Royal Alexandra Hospital,236,0
2026-09-02 18:20:00.000000,Sheldon M. Chumir Centre,143,0
2026-09-02 18:20:00.000000,South Calgary Health Centre,,0
2026-09-02 18:20:00.000000,South Health Campus Children[;]South Health Campus,80,
2026-09-02 18:20:00.000000,Stollery Children's Hospital,223,0
2026-09-02 18:20:00.000000,Strathcona Community Hospital,474,0
2026-09-02 18:20:00.000000,Sturgeon Community Hospital,478,0
2026-09-02 18:20:00.000000,University of Alberta Hospital,267,0
2026-09-02 18:20:00.000000,WestView Health Centre,408,0
2026-09-02 18:30:00.000000,Airdrie Community Health Centre,103,0
2026-09-02 18:30:00.000000,Alberta Children's Hospital,79,0
2026-09-02 18:30:00.000000,Chinook Regional Hospital,111,0
2026-09-02 18:30:00.000000,Cochrane Community Health Centre,60,0
2026-09-02 18:30:00.000000,Devon General Hospital,254,0
2026-09-02 18:30:00.000000,Foothills Medical Centre,296,0
2026-09-02 18:30:00.000000,Fort Sask Community Hospital,393,0
2026-09-02 18:30:00.000000,Grande Prairie Regional Hospital,49,0
2026-09-02 18:30:00.000000,Grey Nuns Community Hospital,262,0
2026-09-02 18:30:00.000000,Innisfail Health Centre,,1
2026-09-02 18:30:00.000000,Lacombe Hospital and Care Centre,,1
2026-09-02 18:30:00.000000,Leduc Community Hospital,367,0
2026-09-02 18:30:00.000000,Medicine Hat Regional Hospital,120,0
2026-09-02 18:30:00.000000,Misericordia Community Hospital,448,0
2026-09-02 18:30:00.000000,Northeast Community Health Centre,242,0
2026-09-02 18:30:00.000000,Northern Lights Regional Health Centre,178,0
2026-09-02 18:30:00.000000,Okotoks Health and Wellness Centre,58,0
2026-09-02 18:30:00.000000,Peter Lougheed Centre,199,0
2026-09-02 18:30:00.000000,Red Deer Regional Hospital,127,0
2026-09-02 18:30:00.000000,Rockyview General Hospital,191,0
2026-09-02 18:30:00.000000,Royal Alexandra Hospital,238,0
2026-09-02 18:30:00.000000,Sheldon M. Chumir Centre,148,0
2026-09-02 18:30:00.000000,South Calgary Health Centre,,0
2026-09-02 18:30:00.000000,South Health Campus Children[;]South Health Campus,106,
2026-09-02 18:30:00.000000,Stollery Children's Hospital,229,0
2026-09-02 18:30:00.000000,Strathcona Community Hospital,491,0
2026-09-02 18:30:00.000000,Sturgeon Community Hospital,476,0
2026-09-02 18:30:00.000000,University of Alberta Hospital,281,0
2026-09-02 18:30:00.000000,WestView Health Centre,419,0
2026-09-02 18:40:00.000000,Airdrie Community Health Centre,90,0
2026-09-02 18:40:00.000000,Alberta Children's Hospital,97,0
2026-09-02 18:40:00.000000,Chinook Regional Hospital,135,0
2026-09-02 18:40:00.000000,Cochrane Community Health Centre,60,0
2026-09-02 18:40:00.000000,Devon General Hospital,286,0
2026-09-02 18:40:00.000000,Foothills Medical Centre,289,0
2026-09-02 18:40:00.000000,Fort Sask Community Hospital,393,0
2026-09-02 18:40:00.000000,Grande Prairie Regional Hospital,42,0
2026-09-02 18:40:00.000000,Grey Nuns Community Hospital,270,0
2026-09-02 18:40:00.000000,Innisfail Health Centre,,1
2026-09-02 18:40:00.000000,Lacombe Hospital and Care Centre,,1
2026-09-02 18:40:00.000000,Leduc Community Hospital,346,0
2026-09-02 18:40:00.000000,Medicine Hat Regional Hospital,90,0
2026-09-02 18:40:00.000000,Misericordia Community Hospital,454,0
2026-09-02 18:40:00.000000,Northeast Community Health Centre,266,0
2026-09-02 18:40:00.000000,Northern Lights Regional Health Centre,199,0
2026-09-02 18:40:00.000000,Okotoks Health and Wellness Centre,70,0
2026-09-02 18:40:00.000000,Peter Lougheed Centre,194,0
2026-09-02 18:40:00.000000,Red Deer Regional Hospital,127,0
2026-09-02 18:40:00.000000,Rockyview General Hospital,195,0
2026-09-02 18:40:00.000000,Royal Alexandra Hospital,240,0
2026-09-02 18:40:00.000000,Sheldon M. Chumir Centre,153,0
2026-09-02 18:40:00.000000,South Calgary Health Centre,,0
2026-09-02 18:40:00.000000,South Health Campus Children[;]South Health Campus,133,
2026-09-02 18:40:00.000000,Stollery Children's Hospital,258,0
2026-09-02 18:40:00.000000,Strathcona Community Hospital,507,0
2026-09-02 18:40:00.000000,Sturgeon Community Hospital,481,0
2026-09-02 18:40:00.000000,University of Alberta Hospital,279,0
2026-09-02 18:40:00.000000,WestView Health Centre,438,0
2026-09-02 18:50:00.000000,Airdrie Community Health Centre,112,0
2026-09-02 18:50:00.000000,Alberta Children's Hospital,103,0
2026-09-02 18:50:00.000000,Chinook Regional Hospital,132,0
2026-09-02 18:50:00.000000,Cochrane Community Health Centre,70,0
2026-09-02 18:50:00.000000,Devon General Hospital,286,0
2026-09-02 18:50:00.000000,Foothills Medical Centre,274,0
2026-09-02 18:50:00.000000,Fort Sask Community Hospital,421,0
2026-09-02 18:50:00.000000,Grande Prairie Regional Hospital,30,0
2026-09-02 18:50:00.000000,Grey Nuns Community Hospital,285,0
2026-09-02 18:50:00.000000,Innisfail Health Centre,,1
2026-09-02 18:50:00.000000,Lacombe Hospital and Care Centre,,1
2026-09-02 18:50:00.000000,Leduc Community Hospital,306,0
2026-09-02 18:50:00.000000,Medicine Hat Regional Hospital,90,0
2026-09-02 18:50:00.000000,Misericordia Community Hospital,448,0
2026-09-02 18:50:00.000000,Northeast Community Health Centre,266,0
2026-09-02 18:50:00.000000,Northern Lights Regional Health Centre,238,0
2026-09-02 18:50:00.000000,Okotoks Health and Wellness Centre,70,0
2026-09-02 18:50:00.000000,Peter Lougheed Centre,199,0
2026-09-02 18:50:00.000000,Red Deer Regional Hospital,127,0
2026-09-02 18:50:00.000000,Rockyview General Hospital,193,0
2026-09-02 18:50:00.000000,Royal Alexandra Hospital,250,0
2026-09-02 18:50:00.000000,Sheldon M. Chumir Centre,150,0
2026-09-02 18:50:00.000000,South Calgary Health Centre,,0
2026-09-02 18:50:00.000000,South Health Campus Children[;]South Health Campus,133,
2026-09-02 18:50:00.000000,Stollery Children's Hospital,264,0
2026-09-02 18:50:00.000000,Strathcona Community Hospital,507,0
2026-09-02 18:50:00.000000,Sturgeon Community Hospital,495,0
2026-09-02 18:50:00.000000,University of Alberta Hospital,278,0
2026-09-02 18:50:00.000000,WestView Health Centre,438,0
2026-09-02 19:00:00.000000,Airdrie Community Health Centre,108,0
2026-09-02 19:00:00.000000,Alberta Children's Hospital,126,0
2026-09-02 19:00:00.000000,Chinook Regional Hospital,129,0
2026-09-02 19:00:00.000000,Cochrane Community Health Centre,90,0
2026-09-02 19:00:00.000000,Devon General Hospital,318,0
2026-09-02 19:00:00.000000,Foothills Medical Centre,252,0
2026-09-02 19:00:00.000000,Fort Sask Community Hospital,393,0
2026-09-02 19:00:00.000000,Grande Prairie Regional Hospital,35,0
2026-09-02 19:00:00.000000,Grey Nuns Community Hospital,277,0
2026-09-02 19:00:00.000000,Innisfail Health Centre,,1
2026-09-02 19:00:00.000000,Lacombe Hospital and Care Centre,,1
2026-09-02 19:00:00.000000,Leduc Community Hospital,326,0
2026-09-02 19:00:00.000000,Medicine Hat Regional Hospital,120,0
2026-09-02 19:00:00.000000,Misericordia Community Hospital,431,0
2026-09-02 19:00:00.000000,Northeast Community Health Centre,303,0
2026-09-02 19:00:00.000000,Northern Lights Regional Health Centre,245,0
2026-09-02 19:00:00.000000,Okotoks Health and Wellness Centre,70,0
2026-09-02 19:00:00.000000,Peter Lougheed Centre,219,0
2026-09-02 19:00:00.000000,Red Deer Regional Hospital,140,0
2026-09-02 19:00:00.000000,Rockyview General Hospital,181,0
2026-09-02 19:00:00.000000,Royal Alexandra Hospital,223,0
2026-09-02 19:00:00.000000,Sheldon M. Chumir Centre,161,0
2026-09-02 19:00:00.000000,South Calgary Health Centre,,0
2026-09-02 19:00:00.000000,South Health Campus Children[;]South Health Campus,106,
2026-09-02 19:00:00.000000,Stollery Children's Hospital,259,0
2026-09-02 19:00:00.000000,Strathcona Community Hospital,523,0
2026-09-02 19:00:00.000000,Sturgeon Community Hospital,482,0
2026-09-02 19:00:00.000000,University of Alberta Hospital,272,0
2026-09-02 19:00:00.000000,WestView Health Centre,457,0
