report_time,facility_name,wait_time,times_unavailable
2026-08-01 00:00:00.000000,Airdrie Community Health Centre,305,0
2026-08-01 00:00:00.000000,Alberta Children's Hospital,127,0
2026-08-01 00:00:00.000000,Chinook Regional Hospital,142,0
2026-08-01 00:00:00.000000,Cochrane Community Health Centre,,0
2026-08-01 00:00:00.000000,Devon General Hospital,254,0
2026-08-01 00:00:00.000000,Foothills Medical Centre,351,0
2026-08-01 00:00:00.000000,Fort Sask Community Hospital,286,0
2026-08-01 00:00:00.000000,Grande Prairie Regional Hospital,30,0
2026-08-01 00:00:00.000000,Grey Nuns Community Hospital,444,0
2026-08-01 00:00:00.000000,Innisfail Health Centre,,1
2026-08-01 00:00:00.000000,Lacombe Hospital and Care Centre,,1
2026-08-01 00:00:00.000000,Leduc Community Hospital,247,0
2026-08-01 00:00:00.000000,Medicine Hat Regional Hospital,311,0
2026-08-01 00:00:00.000000,Misericordia Community Hospital,292,0
2026-08-01 00:00:00.000000,Northeast Community Health Centre,235,0
2026-08-01 00:00:00.000000,Northern Lights Regional Health Centre,111,0
2026-08-01 00:00:00.000000,Okotoks Health and Wellness Centre,,0
2026-08-01 00:00:00.000000,Peter Lougheed Centre,462,0
2026-08-01 00:00:00.000000,Red Deer Regional Hospital,212,0
2026-08-01 00:00:00.000000,Rockyview General Hospital,275,0
2026-08-01 00:00:00.000000,Royal Alexandra Hospital,381,0
2026-08-01 00:00:00.000000,Sheldon M. Chumir Centre,249,0
2026-08-01 00:00:00.000000,South Calgary Health Centre,,0
2026-08-01 00:00:00.000000,South Health Campus,340,0
2026-08-01 00:00:00.000000,Stollery Children's Hospital,174,0
2026-08-01 00:00:00.000000,Strathcona Community Hospital,187,0
2026-08-01 00:00:00.000000,Sturgeon Community Hospital,323,0
2026-08-01 00:00:00.000000,University of Alberta Hospital,273,0
2026-08-01 00:00:00.000000,WestView Health Centre,540,0
2026-08-01 00:10:00.000000,Airdrie Community Health Centre,322,0
2026-08-01 00:10:00.000000,Alberta Children's Hospital,130,0
2026-08-01 00:10:00.000000,Chinook Regional Hospital,132,0
2026-08-01 00:10:00.000000,Cochrane Community Health Centre,,0
2026-08-01 00:10:00.000000,Devon General Hospital,254,0
2026-08-01 00:10:00.000000,Foothills Medical Centre,356,0
2026-08-01 00:10:00.000000,Fort Sask Community Hospital,286,0
2026-08-01 00:10:00.000000,Grande Prairie Regional Hospital,40,0
2026-08-01 00:10:00.000000,Grey Nuns Community Hospital,444,0
2026-08-01 00:10:00.000000,Innisfail Health Centre,,1
2026-08-01 00:10:00.000000,Lacombe Hospital and Care Centre,,1
2026-08-01 00:10:00.000000,Leduc Community Hospital,247,0
2026-08-01 00:10:00.000000,Medicine Hat Regional Hospital,320,0
2026-08-01 00:10:00.000000,Misericordia Community Hospital,285,0
2026-08-01 00:10:00.000000,Northeast Community Health Centre,237,0
2026-08-01 00:10:00.000000,Northern Lights Regional Health Centre,47,0
2026-08-01 00:10:00.000000,Okotoks Health and Wellness Centre,,0
2026-08-01 00:10:00.000000,Peter Lougheed Centre,467,0
2026-08-01 00:10:00.000000,Red Deer Regional Hospital,226,0
2026-08-01 00:10:00.000000,Rockyview General Hospital,267,0
2026-08-01 00:10:00.000000,Royal Alexandra Hospital,356,0
2026-08-01 00:10:00.000000,Sheldon M. Chumir Centre,306,0
2026-08-01 00:10:00.000000,South Calgary Health Centre,,0
2026-08-01 00:10:00.000000,South Health Campus,374,0
2026-08-01 00:10:00.000000,Stollery Children's Hospital,142,0
2026-08-01 00:10:00.000000,Strathcona Community Hospital,216,0
2026-08-01 00:10:00.000000,Sturgeon Community Hospital,337,0
2026-08-01 00:10:00.000000,University of Alberta Hospital,256,0
2026-08-01 00:10:00.000000,WestView Health Centre,481,0
2026-08-01 00:20:00.000000,Airdrie Community Health Centre,338,0
2026-08-01 00:20:00.000000,Alberta Children's Hospital,103,0
2026-08-01 00:20:00.000000,Chinook Regional Hospital,138,0
2026-08-01 00:20:00.000000,Cochrane Community Health Centre,,0
2026-08-01 00:20:00.000000,Devon General Hospital,254,0
2026-08-01 00:20:00.000000,Foothills Medical Centre,354,0
2026-08-01 00:20:00.000000,Fort Sask Community Hospital,286,0
2026-08-01 00:20:00.000000,Grande Prairie Regional Hospital,61,0
2026-08-01 00:20:00.000000,Grey Nuns Community Hospital,433,0
2026-08-01 00:20:00.000000,Innisfail Health Centre,,1
2026-08-01 00:20:00.000000,Lacombe Hospital and Care Centre,,1
2026-08-01 00:20:00.000000,Leduc Community Hospital,247,0
2026-08-01 00:20:00.000000,Medicine Hat Regional Hospital,328,0
2026-08-01 00:20:00.000000,Misericordia Community Hospital,257,0
2026-08-01 00:20:00.000000,Northeast Community Health Centre,192,0
2026-08-01 00:20:00.000000,Northern Lights Regional Health Centre,47,0
2026-08-01 00:20:00.000000,Okotoks Health and Wellness Centre,,0
2026-08-01 00:20:00.000000,Peter Lougheed Centre,467,0
2026-08-01 00:20:00.000000,Red Deer Regional Hospital,135,0
2026-08-01 00:20:00.000000,Rockyview General Hospital,302,0
2026-08-01 00:20:00.000000,Royal Alexandra Hospital,351,0
2026-08-01 00:20:00.000000,Sheldon M. Chumir Centre,336,0
2026-08-01 00:20:00.000000,South Calgary Health Centre,,0
2026-08-01 00:20:00.000000,South Health Campus,394,0
2026-08-01 00:20:00.000000,Stollery Children's Hospital,120,0
2026-08-01 00:20:00.000000,Strathcona Community Hospital,216,0
2026-08-01 00:20:00.000000,Sturgeon Community Hospital,311,0
2026-08-01 00:20:00.000000,University of Alberta Hospital,249,0
2026-08-01 00:20:00.000000,WestView Health Centre,447,0
2026-08-01 00:30:00.000000,Airdrie Community Health Centre,307,0
2026-08-01 00:30:00.000000,Alberta Children's Hospital,107,0
2026-08-01 00:30:00.000000,Chinook Regional Hospital,132,0
2026-08-01 00:30:00.000000,Cochrane Community Health Centre,,0
2026-08-01 00:30:00.000000,Devon General Hospital,254,0
2026-08-01 00:30:00.000000,Foothills Medical Centre,357,0
2026-08-01 00:30:00.000000,Fort Sask Community Hospital,321,0
2026-08-01 00:30:00.000000,Grande Prairie Regional Hospital,61,0
2026-08-01 00:30:00.000000,Grey Nuns Community Hospital,421,0
2026-08-01 00:30:00.000000,Innisfail Health Centre,,1
2026-08-01 00:30:00.000000,Lacombe Hospital and Care Centre,,1
2026-08-01 00:30:00.000000,Leduc Community Hospital,226,0
2026-08-01 00:30:00.000000,Medicine Hat Regional Hospital,361,0
2026-08-01 00:30:00.000000,Misericordia Community Hospital,275,0
2026-08-01 00:30:00.000000,Northeast Community Health Centre,176,0
2026-08-01 00:30:00.000000,Northern Lights Regional Health Centre,47,0
2026-08-01 00:30:00.000000,Okotoks Health and Wellness Centre,,0
2026-08-01 00:30:00.000000,Peter Lougheed Centre,474,0
2026-08-01 00:30:00.000000,Red Deer Regional Hospital,95,0
2026-08-01 00:30:00.000000,Rockyview General Hospital,328,0
2026-08-01 00:30:00.000000,Royal Alexandra Hospital,361,0
2026-08-01 00:30:00.000000,Sheldon M. Chumir Centre,325,0
2026-08-01 00:30:00.000000,South Calgary Health Centre,,0
2026-08-01 00:30:00.000000,South Health Campus,366,0
2026-08-01 00:30:00.000000,Stollery Children's Hospital,142,0
2026-08-01 00:30:00.000000,Strathcona Community Hospital,222,0
2026-08-01 00:30:00.000000,Sturgeon Community Hospital,371,0
2026-08-01 00:30:00.000000,University of Alberta Hospital,247,0
2026-08-01 00:30:00.000000,WestView Health Centre,481,0
2026-08-01 00:40:00.000000,Airdrie Community Health Centre,322,0
2026-08-01 00:40:00.000000,Alberta Children's Hospital,112,0
2026-08-01 00:40:00.000000,Chinook Regional Hospital,138,0
2026-08-01 00:40:00.000000,Cochrane Community Health Centre,,0
2026-08-01 00:40:00.000000,Devon General Hospital,222,0
2026-08-01 00:40:00.000000,Foothills Medical Centre,356,0
2026-08-01 00:40:00.000000,Fort Sask Community Hospital,321,0
2026-08-01 00:40:00.000000,Grande Prairie Regional Hospital,61,0
2026-08-01 00:40:00.000000,Grey Nuns Community Hospital,433,0
2026-08-01 00:40:00.000000,Innisfail Health Centre,,1
2026-08-01 00:40:00.000000,Lacombe Hospital and Care Centre,,1
2026-08-01 00:40:00.000000,Leduc Community Hospital,247,0
2026-08-01 00:40:00.000000,Medicine Hat Regional Hospital,364,0
2026-08-01 00:40:00.000000,Misericordia Community Hospital,278,0
2026-08-01 00:40:00.000000,Northeast Community Health Centre,215,0
2026-08-01 00:40:00.000000,Northern Lights Regional Health Centre,47,0
2026-08-01 00:40:00.000000,Okotoks Health and Wellness Centre,,0
2026-08-01 00:40:00.000000,Peter Lougheed Centre,467,0
2026-08-01 00:40:00.000000,Red Deer Regional Hospital,127,0
2026-08-01 00:40:00.000000,Rockyview General Hospital,362,0
2026-08-01 00:40:00.000000,Royal Alexandra Hospital,381,0
2026-08-01 00:40:00.000000,Sheldon M. Chumir Centre,333,0
2026-08-01 00:40:00.000000,South Calgary Health Centre,,0
2026-08-01 00:40:00.000000,South Health Campus,374,0
2026-08-01 00:40:00.000000,Stollery Children's Hospital,159,0
2026-08-01 00:40:00.000000,Strathcona Community Hospital,253,0
2026-08-01 00:40:00.000000,Sturgeon Community Hospital,386,0
2026-08-01 00:40:00.000000,University of Alberta Hospital,240,0
2026-08-01 00:40:00.000000,WestView Health Centre,447,0
2026-08-01 00:50:00.000000,Airdrie Community Health Centre,315,0
2026-08-01 00:50:00.000000,Alberta Children's Hospital,76,0
2026-08-01 00:50:00.000000,Chinook Regional Hospital,132,0
2026-08-01 00:50:00.000000,Cochrane Community Health Centre,,0
2026-08-01 00:50:00.000000,Devon General Hospital,222,0
2026-08-01 00:50:00.000000,Foothills Medical Centre,344,0
2026-08-01 00:50:00.000000,Fort Sask Community Hospital,250,0
2026-08-01 00:50:00.000000,Grande Prairie Regional Hospital,61,0
2026-08-01 00:50:00.000000,Grey Nuns Community Hospital,421,0
2026-08-01 00:50:00.000000,Innisfail Health Centre,,1
2026-08-01 00:50:00.000000,Lacombe Hospital and Care Centre,,1
2026-08-01 00:50:00.000000,Leduc Community Hospital,226,0
2026-08-01 00:50:00.000000,Medicine Hat Regional Hospital,351,0
2026-08-01 00:50:00.000000,Misericordia Community Hospital,212,0
2026-08-01 00:50:00.000000,Northeast Community Health Centre,260,0
2026-08-01 00:50:00.000000,Northern Lights Regional Health Centre,30,0
2026-08-01 00:50:00.000000,Okotoks Health and Wellness Centre,,0
2026-08-01 00:50:00.000000,Peter Lougheed Centre,480,0
2026-08-01 00:50:00.000000,Red Deer Regional Hospital,112,0
2026-08-01 00:50:00.000000,Rockyview General Hospital,375,0
2026-08-01 00:50:00.000000,Royal Alexandra Hospital,365,0
2026-08-01 00:50:00.000000,Sheldon M. Chumir Centre,343,0
2026-08-01 00:50:00.000000,South Calgary Health Centre,,0
2026-08-01 00:50:00.000000,South Health Campus,383,0
2026-08-01 00:50:00.000000,Stollery Children's Hospital,169,0
2026-08-01 00:50:00.000000,Strathcona Community Hospital,223,0
2026-08-01 00:50:00.000000,Sturgeon Community Hospital,407,0
2026-08-01 00:50:00.000000,University of Alberta Hospital,241,0
2026-08-01 00:50:00.000000,WestView Health Centre,447,0
2026-08-01 01:00:00.000000,Airdrie Community Health Centre,331,0
2026-08-01 01:00:00.000000,Alberta Children's Hospital,50,0
2026-08-01 01:00:00.000000,Chinook Regional Hospital,153,0
2026-08-01 01:00:00.000000,Cochrane Community Health Centre,,0
2026-08-01 01:00:00.000000,Devon General Hospital,190,0
2026-08-01 01:00:00.000000,Foothills Medical Centre,356,0
2026-08-01 01:00:00.000000,Fort Sask Community Hospital,250,0
2026-08-01 01:00:00.000000,Grande Prairie Regional Hospital,81,0
2026-08-01 01:00:00.000000,Grey Nuns Community Hospital,399,0
2026-08-01 01:00:00.000000,Innisfail Health Centre,,1
2026-08-01 01:00:00.000000,Lacombe Hospital and Care Centre,,1
2026-08-01 01:00:00.000000,Leduc Community Hospital,247,0
2026-08-01 01:00:00.000000,Medicine Hat Regional Hospital,364,0
2026-08-01 01:00:00.000000,Misericordia Community Hospital,243,0
2026-08-01 01:00:00.000000,Northeast Community Health Centre,276,0
2026-08-01 01:00:00.000000,Northern Lights Regional Health Centre,30,0
2026-08-01 01:00:00.000000,Okotoks Health and Wellness Centre,,0
2026-08-01 01:00:00.000000,Peter Lougheed Centre,474,0
2026-08-01 01:00:00.000000,Red Deer Regional Hospital,144,0
2026-08-01 01:00:00.000000,Rockyview General Hospital,392,0
2026-08-01 01:00:00.000000,Royal Alexandra Hospital,376,0
2026-08-01 01:00:00.000000,Sheldon M. Chumir Centre,351,0
2026-08-01 01:00:00.000000,South Calgary Health Centre,,0
2026-08-01 01:00:00.000000,South Health Campus,365,0
2026-08-01 01:00:00.000000,Stollery Children's Hospital,159,0
2026-08-01 01:00:00.000000,Strathcona Community Hospital,232,0
2026-08-01 01:00:00.000000,Sturgeon Community Hospital,418,0
2026-08-01 01:00:00.000000,University of Alberta Hospital,238,0
2026-08-01 01:00:00.000000,WestView Health Centre,481,0
2026-08-01 01:10:00.000000,Airdrie Community Health Centre,342,0
2026-08-01 01:10:00.000000,Alberta Children's Hospital,36,0
2026-08-01 01:10:00.000000,Chinook Regional Hospital,159,0
2026-08-01 01:10:00.000000,Cochrane Community Health Centre,,0
2026-08-01 01:10:00.000000,Devon General Hospital,190,0
2026-08-01 01:10:00.000000,Foothills Medical Centre,377,0
2026-08-01 01:10:00.000000,Fort Sask Community Hospital,250,0
2026-08-01 01:10:00.000000,Grande Prairie Regional Hospital,81,0
2026-08-01 01:10:00.000000,Grey Nuns Community Hospital,376,0
2026-08-01 01:10:00.000000,Innisfail Health Centre,,1
2026-08-01 01:10:00.000000,Lacombe Hospital and Care Centre,,1
2026-08-01 01:10:00.000000,Leduc Community Hospital,226,0
2026-08-01 01:10:00.000000,Medicine Hat Regional Hospital,350,0
2026-08-01 01:10:00.000000,Misericordia Community Hospital,251,0
2026-08-01 01:10:00.000000,Northeast Community Health Centre,289,0
2026-08-01 01:10:00.000000,Northern Lights Regional Health Centre,31,0
2026-08-01 01:10:00.000000,Okotoks Health and Wellness Centre,,0
2026-08-01 01:10:00.000000,Peter Lougheed Centre,488,0
2026-08-01 01:10:00.000000,Red Deer Regional Hospital,101,0
2026-08-01 01:10:00.000000,Rockyview General Hospital,347,0
2026-08-01 01:10:00.000000,Royal Alexandra Hospital,381,0
2026-08-01 01:10:00.000000,Sheldon M. Chumir Centre,360,0
2026-08-01 01:10:00.000000,South Calgary Health Centre,,0
2026-08-01 01:10:00.000000,South Health Campus,371,0
2026-08-01 01:10:00.000000,Stollery Children's Hospital,183,0
2026-08-01 01:10:00.000000,Strathcona Community Hospital,220,0
2026-08-01 01:10:00.000000,Sturgeon Community Hospital,370,0
2026-08-01 01:10:00.000000,University of Alberta Hospital,239,0
2026-08-01 01:10:00.000000,WestView Health Centre,447,0
2026-08-01 01:20:00.000000,Airdrie Community Health Centre,352,0
2026-08-01 01:20:00.000000,Alberta Children's Hospital,36,0
2026-08-01 01:20:00.000000,Chinook Regional Hospital,167,0
2026-08-01 01:20:00.000000,Cochrane Community Health Centre,,0
2026-08-01 01:20:00.000000,Devon General Hospital,159,0
2026-08-01 01:20:00.000000,Foothills Medical Centre,374,0
2026-08-01 01:20:00.000000,Fort Sask Community Hospital,250,0
2026-08-01 01:20:00.000000,Grande Prairie Regional Hospital,40,0
2026-08-01 01:20:00.000000,Grey Nuns Community Hospital,353,0
2026-08-01 01:20:00.000000,Innisfail Health Centre,,1
2026-08-01 01:20:00.000000,Lacombe Hospital and Care Centre,,1
2026-08-01 01:20:00.000000,Leduc Community Hospital,206,0
2026-08-01 01:20:00.000000,Medicine Hat Regional Hospital,345,0
2026-08-01 01:20:00.000000,Misericordia Community Hospital,279,0
2026-08-01 01:20:00.000000,Northeast Community Health Centre,281,0
2026-08-01 01:20:00.000000,Northern Lights Regional Health Centre,31,0
2026-08-01 01:20:00.000000,Okotoks Health and Wellness Centre,,0
2026-08-01 01:20:00.000000,Peter Lougheed Centre,481,0
2026-08-01 01:20:00.000000,Red Deer Regional Hospital,111,0
2026-08-01 01:20:00.000000,Rockyview General Hospital,355,0
2026-08-01 01:20:00.000000,Royal Alexandra Hospital,371,0
2026-08-01 01:20:00.000000,Sheldon M. Chumir Centre,366,0
2026-08-01 01:20:00.000000,South Calgary Health Centre,,0
2026-08-01 01:20:00.000000,South Health Campus,363,0
2026-08-01 01:20:00.000000,Stollery Children's Hospital,226,0
2026-08-01 01:20:00.000000,Strathcona Community Hospital,233,0
2026-08-01 01:20:00.000000,Sturgeon Community Hospital,380,0
2026-08-01 01:20:00.000000,University of Alberta Hospital,245,0
2026-08-01 01:20:00.000000,WestView Health Centre,412,0
2026-08-01 01:30:00.000000,Airdrie Community Health Centre,386,0
2026-08-01 01:30:00.000000,Alberta Children's Hospital,36,0
2026-08-01 01:30:00.000000,Chinook Regional Hospital,173,0
2026-08-01 01:30:00.000000,Cochrane Community Health Centre,,0
2026-08-01 01:30:00.000000,Devon General Hospital,159,0
2026-08-01 01:30:00.000000,Foothills Medical Centre,395,0
2026-08-01 01:30:00.000000,Fort Sask Community Hospital,250,0
2026-08-01 01:30:00.000000,Grande Prairie Regional Hospital,40,0
2026-08-01 01:30:00.000000,Grey Nuns Community Hospital,307,0
2026-08-01 01:30:00.000000,Innisfail Health Centre,,1
2026-08-01 01:30:00.000000,Lacombe Hospital and Care Centre,,1
2026-08-01 01:30:00.000000,Leduc Community Hospital,185,0
2026-08-01 01:30:00.000000,Medicine Hat Regional Hospital,330,0
2026-08-01 01:30:00.000000,Misericordia Community Hospital,286,0
2026-08-01 01:30:00.000000,Northeast Community Health Centre,285,0
2026-08-01 01:30:00.000000,Northern Lights Regional Health Centre,31,0
2026-08-01 01:30:00.000000,Okotoks Health and Wellness Centre,,0
2026-08-01 01:30:00.000000,Peter Lougheed Centre,485,0
2026-08-01 01:30:00.000000,Red Deer Regional Hospital,94,0
2026-08-01 01:30:00.000000,Rockyview General Hospital,351,0
2026-08-01 01:30:00.000000,Royal Alexandra Hospital,361,0
2026-08-01 01:30:00.000000,Sheldon M. Chumir Centre,366,0
2026-08-01 01:30:00.000000,South Calgary Health Centre,,0
2026-08-01 01:30:00.000000,South Health Campus,379,0
2026-08-01 01:30:00.000000,Stollery Children's Hospital,232,0
2026-08-01 01:30:00.000000,Strathcona Community Hospital,285,0
2026-08-01 01:30:00.000000,Sturgeon Community Hospital,366,0
2026-08-01 01:30:00.000000,University of Alberta Hospital,242,0
2026-08-01 01:30:00.000000,WestView Health Centre,412,0
2026-08-01 01:40:00.000000,Airdrie Community Health Centre,404,0
2026-08-01 01:40:00.000000,Alberta Children's Hospital,48,0
2026-08-01 01:40:00.000000,Chinook Regional Hospital,181,0
2026-08-01 01:40:00.000000,Cochrane Community Health Centre,,0
2026-08-01 01:40:00.000000,Devon General Hospital,127,0
2026-08-01 01:40:00.000000,Foothills Medical Centre,365,0
2026-08-01 01:40:00.000000,Fort Sask Community Hospital,214,0
2026-08-01 01:40:00.000000,Grande Prairie Regional Hospital,61,0
2026-08-01 01:40:00.000000,Grey Nuns Community Hospital,319,0
2026-08-01 01:40:00.000000,Innisfail Health Centre,,1
2026-08-01 01:40:00.000000,Lacombe Hospital and Care Centre,,1
2026-08-01 01:40:00.000000,Leduc Community Hospital,164,0
2026-08-01 01:40:00.000000,Medicine Hat Regional Hospital,291,0
2026-08-01 01:40:00.000000,Misericordia Community Hospital,331,0
2026-08-01 01:40:00.000000,Northeast Community Health Centre,295,0
2026-08-01 01:40:00.000000,Northern Lights Regional Health Centre,31,0
2026-08-01 01:40:00.000000,Okotoks Health and Wellness Centre,,0
2026-08-01 01:40:00.000000,Peter Lougheed Centre,467,0
2026-08-01 01:40:00.000000,Red Deer Regional Hospital,103,0
2026-08-01 01:40:00.000000,Rockyview General Hospital,347,0
2026-08-01 01:40:00.000000,Royal Alexandra Hospital,371,0
2026-08-01 01:40:00.000000,Sheldon M. Chumir Centre,344,0
2026-08-01 01:40:00.000000,South Calgary Health Centre,,0
2026-08-01 01:40:00.000000,South Health Campus,371,0
2026-08-01 01:40:00.000000,Stollery Children's Hospital,242,0
2026-08-01 01:40:00.000000,Strathcona Community Hospital,298,0
2026-08-01 01:40:00.000000,Sturgeon Community Hospital,380,0
2026-08-01 01:40:00.000000,University of Alberta Hospital,223,0
2026-08-01 01:40:00.000000,WestView Health Centre,447,0
2026-08-01 01:50:00.000000,Airdrie Community Health Centre,404,0
2026-08-01 01:50:00.000000,Alberta Children's Hospital,63,0
2026-08-01 01:50:00.000000,Chinook Regional Hospital,175,0
2026-08-01 01:50:00.000000,Cochrane Community Health Centre,,0
2026-08-01 01:50:00.000000,Devon General Hospital,127,0
2026-08-01 01:50:00.000000,Foothills Medical Centre,375,0
2026-08-01 01:50:00.000000,Fort Sask Community Hospital,178,0
2026-08-01 01:50:00.000000,Grande Prairie Regional Hospital,61,0
2026-08-01 01:50:00.000000,Grey Nuns Community Hospital,330,0
2026-08-01 01:50:00.000000,Innisfail Health Centre,,1
2026-08-01 01:50:00.000000,Lacombe Hospital and Care Centre,,1
2026-08-01 01:50:00.000000,Leduc Community Hospital,164,0
2026-08-01 01:50:00.000000,Medicine Hat Regional Hospital,291,0
2026-08-01 01:50:00.000000,Misericordia Community Hospital,342,0
2026-08-01 01:50:00.000000,Northeast Community Health Centre,274,0
2026-08-01 01:50:00.000000,Northern Lights Regional Health Centre,30,0
2026-08-01 01:50:00.000000,Okotoks Health and Wellness Centre,,0
2026-08-01 01:50:00.000000,Peter Lougheed Centre,460,0
2026-08-01 01:50:00.000000,Red Deer Regional Hospital,161,0
2026-08-01 01:50:00.000000,Rockyview General Hospital,367,0
2026-08-01 01:50:00.000000,Royal Alexandra Hospital,351,0
2026-08-01 01:50:00.000000,Sheldon M. Chumir Centre,366,0
2026-08-01 01:50:00.000000,South Calgary Health Centre,,0
2026-08-01 01:50:00.000000,South Health Campus,351,0
2026-08-01 01:50:00.000000,Stollery Children's Hospital,235,0
2026-08-01 01:50:00.000000,Strathcona Community Hospital,266,0
2026-08-01 01:50:00.000000,Sturgeon Community Hospital,305,0
2026-08-01 01:50:00.000000,University of Alberta Hospital,230,0
2026-08-01 01:50:00.000000,WestView Health Centre,412,0
2026-08-01 02:00:00.000000,Airdrie Community Health Centre,404,0
2026-08-01 02:00:00.000000,Alberta Children's Hospital,91,0
2026-08-01 02:00:00.000000,Chinook Regional Hospital,181,0
2026-08-01 02:00:00.000000,Cochrane Community Health Centre,,0
2026-08-01 02:00:00.000000,Devon General Hospital,127,0
2026-08-01 02:00:00.000000,Foothills Medical Centre,383,0
2026-08-01 02:00:00.000000,Fort Sask Community Hospital,143,0
2026-08-01 02:00:00.000000,Grande Prairie Regional Hospital,61,0
2026-08-01 02:00:00.000000,Grey Nuns Community Hospital,330,0
2026-08-01 02:00:00.000000,Innisfail Health Centre,,1
2026-08-01 02:00:00.000000,Lacombe Hospital and Care Centre,,1
2026-08-01 02:00:00.000000,Leduc Community Hospital,164,0
2026-08-01 02:00:00.000000,Medicine Hat Regional Hospital,291,0
2026-08-01 02:00:00.000000,Misericordia Community Hospital,315,0
2026-08-01 02:00:00.000000,Northeast Community Health Centre,264,0
2026-08-01 02:00:00.000000,Northern Lights Regional Health Centre,30,0
2026-08-01 02:00:00.000000,Okotoks Health and Wellness Centre,,0
2026-08-01 02:00:00.000000,Peter Lougheed Centre,458,0
2026-08-01 02:00:00.000000,Red Deer Regional Hospital,144,0
2026-08-01 02:00:00.000000,Rockyview General Hospital,369,0
2026-08-01 02:00:00.000000,Royal Alexandra Hospital,346,0
2026-08-01 02:00:00.000000,Sheldon M. Chumir Centre,377,0
2026-08-01 02:00:00.000000,South Calgary Health Centre,,0
2026-08-01 02:00:00.000000,South Health Campus,355,0
2026-08-01 02:00:00.000000,Stollery Children's Hospital,242,0
2026-08-01 02:00:00.000000,Strathcona Community Hospital,276,0
2026-08-01 02:00:00.000000,Sturgeon Community Hospital,325,0
2026-08-01 02:00:00.000000,University of Alberta Hospital,221,0
2026-08-01 02:00:00.000000,WestView Health Centre,412,0
2026-08-01 02:10:00.000000,Airdrie Community Health Centre,401,0
2026-08-01 02:10:00.000000,Alberta Children's Hospital,100,0
2026-08-01 02:10:00.000000,Chinook Regional Hospital,184,0
2026-08-01 02:10:00.000000,Cochrane Community Health Centre,,0
2026-08-01 02:10:00.000000,Devon General Hospital,127,0
2026-08-01 02:10:00.000000,Foothills Medical Centre,402,0
2026-08-01 02:10:00.000000,Fort Sask Community Hospital,143,0
2026-08-01 02:10:00.000000,Grande Prairie Regional Hospital,61,0
2026-08-01 02:10:00.000000,Grey Nuns Community Hospital,307,0
2026-08-01 02:10:00.000000,Innisfail Health Centre,,1
2026-08-01 02:10:00.000000,Lacombe Hospital and Care Centre,,1
2026-08-01 02:10:00.000000,Leduc Community Hospital,164,0
2026-08-01 02:10:00.000000,Medicine Hat Regional Hospital,288,0
2026-08-01 02:10:00.000000,Misericordia Community Hospital,289,0
2026-08-01 02:10:00.000000,Northeast Community Health Centre,254,0
2026-08-01 02:10:00.000000,Northern Lights Regional Health Centre,31,0
2026-08-01 02:10:00.000000,Okotoks Health and Wellness Centre,,0
2026-08-01 02:10:00.000000,Peter Lougheed Centre,461,0
2026-08-01 02:10:00.000000,Red Deer Regional Hospital,147,0
2026-08-01 02:10:00.000000,Rockyview General Hospital,363,0
2026-08-01 02:10:00.000000,Royal Alexandra Hospital,345,0
2026-08-01 02:10:00.000000,Sheldon M. Chumir Centre,374,0
2026-08-01 02:10:00.000000,South Calgary Health Centre,,0
2026-08-01 02:10:00.000000,South Health Campus,365,0
2026-08-01 02:10:00.000000,Stollery Children's Hospital,213,0
2026-08-01 02:10:00.000000,Strathcona Community Hospital,259,0
2026-08-01 02:10:00.000000,Sturgeon Community Hospital,240,0
2026-08-01 02:10:00.000000,University of Alberta Hospital,227,0
2026-08-01 02:10:00.000000,WestView Health Centre,412,0
2026-08-01 02:20:00.000000,Airdrie Community Health Centre,398,0
2026-08-01 02:20:00.000000,Alberta Children's Hospital,90,0
2026-08-01 02:20:00.000000,Chinook Regional Hospital,170,0
2026-08-01 02:20:00.000000,Cochrane Community Health Centre,,0
2026-08-01 02:20:00.000000,Devon General Hospital,127,0
2026-08-01 02:20:00.000000,Foothills Medical Centre,406,0
2026-08-01 02:20:00.000000,Fort Sask Community Hospital,143,0
2026-08-01 02:20:00.000000,Grande Prairie Regional Hospital,61,0
2026-08-01 02:20:00.000000,Grey Nuns Community Hospital,285,0
2026-08-01 02:20:00.000000,Innisfail Health Centre,,1
2026-08-01 02:20:00.000000,Lacombe Hospital and Care Centre,,1
2026-08-01 02:20:00.000000,Leduc Community Hospital,164,0
2026-08-01 02:20:00.000000,Medicine Hat Regional Hospital,285,0
2026-08-01 02:20:00.000000,Misericordia Community Hospital,315,0
2026-08-01 02:20:00.000000,Northeast Community Health Centre,234,0
2026-08-01 02:20:00.000000,Northern Lights Regional Health Centre,31,0
2026-08-01 02:20:00.000000,Okotoks Health and Wellness Centre,,0
2026-08-01 02:20:00.000000,Peter Lougheed Centre,462,0
2026-08-01 02:20:00.000000,Red Deer Regional Hospital,172,0
2026-08-01 02:20:00.000000,Rockyview General Hospital,368,0
2026-08-01 02:20:00.000000,Royal Alexandra Hospital,358,0
2026-08-01 02:20:00.000000,Sheldon M. Chumir Centre,360,0
2026-08-01 02:20:00.000000,South Calgary Health Centre,,0
2026-08-01 02:20:00.000000,South Health Campus,365,0
2026-08-01 02:20:00.000000,Stollery Children's Hospital,213,0
2026-08-01 02:20:00.000000,Strathcona Community Hospital,237,0
2026-08-01 02:20:00.000000,Sturgeon Community Hospital,248,0
2026-08-01 02:20:00.000000,University of Alberta Hospital,227,0
2026-08-01 02:20:00.000000,WestView Health Centre,412,0
2026-08-01 02:30:00.000000,Airdrie Community Health Centre,368,0
2026-08-01 02:30:00.000000,Alberta Children's Hospital,81,0
2026-08-01 02:30:00.000000,Chinook Regional Hospital,156,0
2026-08-01 02:30:00.000000,Cochrane Community Health Centre,,0
2026-08-01 02:30:00.000000,Devon General Hospital,127,0
2026-08-01 02:30:00.000000,Foothills Medical Centre,423,0
2026-08-01 02:30:00.000000,Fort Sask Community Hospital,143,0
2026-08-01 02:30:00.000000,Grande Prairie Regional Hospital,61,0
2026-08-01 02:30:00.000000,Grey Nuns Community Hospital,285,0
2026-08-01 02:30:00.000000,Innisfail Health Centre,,1
2026-08-01 02:30:00.000000,Lacombe Hospital and Care Centre,,1
2026-08-01 02:30:00.000000,Leduc Community Hospital,164,0
2026-08-01 02:30:00.000000,Medicine Hat Regional Hospital,281,0
2026-08-01 02:30:00.000000,Misericordia Community Hospital,304,0
2026-08-01 02:30:00.000000,Northeast Community Health Centre,244,0
2026-08-01 02:30:00.000000,Northern Lights Regional Health Centre,30,0
2026-08-01 02:30:00.000000,Okotoks Health and Wellness Centre,,0
2026-08-01 02:30:00.000000,Peter Lougheed Centre,454,0
2026-08-01 02:30:00.000000,Red Deer Regional Hospital,172,0
2026-08-01 02:30:00.000000,Rockyview General Hospital,370,0
2026-08-01 02:30:00.000000,Royal Alexandra Hospital,367,0
2026-08-01 02:30:00.000000,Sheldon M. Chumir Centre,356,0
2026-08-01 02:30:00.000000,South Calgary Health Centre,,0
2026-08-01 02:30:00.000000,South Health Campus,365,0
2026-08-01 02:30:00.000000,Stollery Children's Hospital,180,0
2026-08-01 02:30:00.000000,Strathcona Community Hospital,237,0
2026-08-01 02:30:00.000000,Sturgeon Community Hospital,234,0
2026-08-01 02:30:00.000000,University of Alberta Hospital,217,0
2026-08-01 02:30:00.000000,WestView Health Centre,412,0
2026-08-01 02:40:00.000000,Airdrie Community Health Centre,363,0
2026-08-01 02:40:00.000000,Alberta Children's Hospital,73,0
2026-08-01 02:40:00.000000,Chinook Regional Hospital,127,0
2026-08-01 02:40:00.000000,Cochrane Community Health Centre,,0
2026-08-01 02:40:00.000000,Devon General Hospital,127,0
2026-08-01 02:40:00.000000,Foothills Medical Centre,414,0
2026-08-01 02:40:00.000000,Fort Sask Community Hospital,107,0
2026-08-01 02:40:00.000000,Grande Prairie Regional Hospital,40,0
2026-08-01 02:40:00.000000,Grey Nuns Community Hospital,285,0
2026-08-01 02:40:00.000000,Innisfail Health Centre,,1
2026-08-01 02:40:00.000000,Lacombe Hospital and Care Centre,,1
2026-08-01 02:40:00.000000,Leduc Community Hospital,144,0
2026-08-01 02:40:00.000000,Medicine Hat Regional Hospital,277,0
2026-08-01 02:40:00.000000,Misericordia Community Hospital,331,0
2026-08-01 02:40:00.000000,Northeast Community Health Centre,234,0
2026-08-01 02:40:00.000000,Northern Lights Regional Health Centre,30,0
2026-08-01 02:40:00.000000,Okotoks Health and Wellness Centre,,0
2026-08-01 02:40:00.000000,Peter Lougheed Centre,453,0
2026-08-01 02:40:00.000000,Red Deer Regional Hospital,196,0
2026-08-01 02:40:00.000000,Rockyview General Hospital,367,0
2026-08-01 02:40:00.000000,Royal Alexandra Hospital,365,0
2026-08-01 02:40:00.000000,Sheldon M. Chumir Centre,383,0
2026-08-01 02:40:00.000000,South Calgary Health Centre,,0
2026-08-01 02:40:00.000000,South Health Campus,365,0
2026-08-01 02:40:00.000000,Stollery Children's Hospital,164,0
2026-08-01 02:40:00.000000,Strathcona Community Hospital,237,0
2026-08-01 02:40:00.000000,Sturgeon Community Hospital,243,0
2026-08-01 02:40:00.000000,University of Alberta Hospital,212,0
2026-08-01 02:40:00.000000,WestView Health Centre,412,0
2026-08-01 02:50:00.000000,Airdrie Community Health Centre,371,0
2026-08-01 02:50:00.000000,Alberta Children's Hospital,109,0
2026-08-01 02:50:00.000000,Chinook Regional Hospital,113,0
2026-08-01 02:50:00.000000,Cochrane Community Health Centre,,0
2026-08-01 02:50:00.000000,Devon General Hospital,95,0
2026-08-01 02:50:00.000000,Foothills Medical Centre,406,0
2026-08-01 02:50:00.000000,Fort Sask Community Hospital,71,0
2026-08-01 02:50:00.000000,Grande Prairie Regional Hospital,40,0
2026-08-01 02:50:00.000000,Grey Nuns Community Hospital,250,0
2026-08-01 02:50:00.000000,Innisfail Health Centre,,1
2026-08-01 02:50:00.000000,Lacombe Hospital and Care Centre,,1
2026-08-01 02:50:00.000000,Leduc Community Hospital,82,0
2026-08-01 02:50:00.000000,Medicine Hat Regional Hospital,284,0
2026-08-01 02:50:00.000000,Misericordia Community Hospital,324,0
2026-08-01 02:50:00.000000,Northeast Community Health Centre,223,0
2026-08-01 02:50:00.000000,Northern Lights Regional Health Centre,30,0
2026-08-01 02:50:00.000000,Okotoks Health and Wellness Centre,,0
2026-08-01 02:50:00.000000,Peter Lougheed Centre,449,0
2026-08-01 02:50:00.000000,Red Deer Regional Hospital,221,0
2026-08-01 02:50:00.000000,Rockyview General Hospital,363,0
2026-08-01 02:50:00.000000,Royal Alexandra Hospital,372,0
2026-08-01 02:50:00.000000,Sheldon M. Chumir Centre,378,0
2026-08-01 02:50:00.000000,South Calgary Health Centre,,0
2026-08-01 02:50:00.000000,South Health Campus,365,0
2026-08-01 02:50:00.000000,Stollery Children's Hospital,164,0
2026-08-01 02:50:00.000000,Strathcona Community Hospital,216,0
2026-08-01 02:50:00.000000,Sturgeon Community Hospital,230,0
2026-08-01 02:50:00.000000,University of Alberta Hospital,218,0
2026-08-01 02:50:00.000000,WestView Health Centre,447,0
2026-08-01 03:00:00.000000,Airdrie Community Health Centre,367,0
2026-08-01 03:00:00.000000,Alberta Children's Hospital,144,0
2026-08-01 03:00:00.000000,Chinook Regional Hospital,71,0
2026-08-01 03:00:00.000000,Cochrane Community Health Centre,,0
2026-08-01 03:00:00.000000,Devon General Hospital,95,0
2026-08-01 03:00:00.000000,Foothills Medical Centre,423,0
2026-08-01 03:00:00.000000,Fort Sask Community Hospital,71,0
2026-08-01 03:00:00.000000,Grande Prairie Regional Hospital,40,0
2026-08-01 03:00:00.000000,Grey Nuns Community Hospital,228,0
2026-08-01 03:00:00.000000,Innisfail Health Centre,,1
2026-08-01 03:00:00.000000,Lacombe Hospital and Care Centre,,1
2026-08-01 03:00:00.000000,Leduc Community Hospital,103,0
2026-08-01 03:00:00.000000,Medicine Hat Regional Hospital,305,0
2026-08-01 03:00:00.000000,Misericordia Community Hospital,349,0
2026-08-01 03:00:00.000000,Northeast Community Health Centre,213,0
2026-08-01 03:00:00.000000,Northern Lights Regional Health Centre,30,0
2026-08-01 03:00:00.000000,Okotoks Health and Wellness Centre,,0
2026-08-01 03:00:00.000000,Peter Lougheed Centre,449,0
2026-08-01 03:00:00.000000,Red Deer Regional Hospital,246,0
2026-08-01 03:00:00.000000,Rockyview General Hospital,365,0
2026-08-01 03:00:00.000000,Royal Alexandra Hospital,370,0
2026-08-01 03:00:00.000000,Sheldon M. Chumir Centre,391,0
2026-08-01 03:00:00.000000,South Calgary Health Centre,,0
2026-08-01 03:00:00.000000,South Health Campus,339,0
2026-08-01 03:00:00.000000,Stollery Children's Hospital,180,0
2026-08-01 03:00:00.000000,Strathcona Community Hospital,194,0
2026-08-01 03:00:00.000000,Sturgeon Community Hospital,179,0
2026-08-01 03:00:00.000000,University of Alberta Hospital,227,0
2026-08-01 03:00:00.000000,WestView Health Centre,447,0
2026-08-01 03:10:00.000000,Airdrie Community Health Centre,287,0
2026-08-01 03:10:00.000000,Alberta Children's Hospital,147,0
2026-08-01 03:10:00.000000,Chinook Regional Hospital,71,0
2026-08-01 03:10:00.000000,Cochrane Community Health Centre,,0
2026-08-01 03:10:00.000000,Devon General Hospital,95,0
2026-08-01 03:10:00.000000,Foothills Medical Centre,438,0
2026-08-01 03:10:00.000000,Fort Sask Community Hospital,71,0
2026-08-01 03:10:00.000000,Grande Prairie Regional Hospital,40,0
2026-08-01 03:10:00.000000,Grey Nuns Community Hospital,228,0
2026-08-01 03:10:00.000000,Innisfail Health Centre,,1
2026-08-01 03:10:00.000000,Lacombe Hospital and Care Centre,,1
2026-08-01 03:10:00.000000,Leduc Community Hospital,82,0
2026-08-01 03:10:00.000000,Medicine Hat Regional Hospital,301,0
2026-08-01 03:10:00.000000,Misericordia Community Hospital,371,0
2026-08-01 03:10:00.000000,Northeast Community Health Centre,221,0
2026-08-01 03:10:00.000000,Northern Lights Regional Health Centre,30,0
2026-08-01 03:10:00.000000,Okotoks Health and Wellness Centre,,0
2026-08-01 03:10:00.000000,Peter Lougheed Centre,448,0
2026-08-01 03:10:00.000000,Red Deer Regional Hospital,221,0
2026-08-01 03:10:00.000000,Rockyview General Hospital,361,0
2026-08-01 03:10:00.000000,Royal Alexandra Hospital,375,0
2026-08-01 03:10:00.000000,Sheldon M. Chumir Centre,384,0
2026-08-01 03:10:00.000000,South Calgary Health Centre,,0
2026-08-01 03:10:00.000000,South Health Campus,338,0
2026-08-01 03:10:00.000000,Stollery Children's Hospital,180,0
2026-08-01 03:10:00.000000,Strathcona Community Hospital,194,0
2026-08-01 03:10:00.000000,Sturgeon Community Hospital,163,0
2026-08-01 03:10:00.000000,University of Alberta Hospital,228,0
2026-08-01 03:10:00.000000,WestView Health Centre,412,0
2026-08-01 03:20:00.000000,Airdrie Community Health Centre,287,0
2026-08-01 03:20:00.000000,Alberta Children's Hospital,147,0
2026-08-01 03:20:00.000000,Chinook Regional Hospital,71,0
2026-08-01 03:20:00.000000,Cochrane Community Health Centre,,0
2026-08-01 03:20:00.000000,Devon General Hospital,63,0
2026-08-01 03:20:00.000000,Foothills Medical Centre,464,0
2026-08-01 03:20:00.000000,Fort Sask Community Hospital,71,0
2026-08-01 03:20:00.000000,Grande Prairie Regional Hospital,30,0
2026-08-01 03:20:00.000000,Grey Nuns Community Hospital,216,0
2026-08-01 03:20:00.000000,Innisfail Health Centre,,1
2026-08-01 03:20:00.000000,Lacombe Hospital and Care Centre,,1
2026-08-01 03:20:00.000000,Leduc Community Hospital,82,0
2026-08-01 03:20:00.000000,Medicine Hat Regional Hospital,296,0
2026-08-01 03:20:00.000000,Misericordia Community Hospital,389,0
2026-08-01 03:20:00.000000,Northeast Community Health Centre,205,0
2026-08-01 03:20:00.000000,Northern Lights Regional Health Centre,30,0
2026-08-01 03:20:00.000000,Okotoks Health and Wellness Centre,,0
2026-08-01 03:20:00.000000,Peter Lougheed Centre,437,0
2026-08-01 03:20:00.000000,Red Deer Regional Hospital,221,0
2026-08-01 03:20:00.000000,Rockyview General Hospital,361,0
2026-08-01 03:20:00.000000,Royal Alexandra Hospital,328,0
2026-08-01 03:20:00.000000,Sheldon M. Chumir Centre,371,0
2026-08-01 03:20:00.000000,South Calgary Health Centre,,0
2026-08-01 03:20:00.000000,South Health Campus,326,0
2026-08-01 03:20:00.000000,Stollery Children's Hospital,131,0
2026-08-01 03:20:00.000000,Strathcona Community Hospital,151,0
2026-08-01 03:20:00.000000,Sturgeon Community Hospital,142,0
2026-08-01 03:20:00.000000,University of Alberta Hospital,242,0
2026-08-01 03:20:00.000000,WestView Health Centre,412,0
2026-08-01 03:30:00.000000,Airdrie Community Health Centre,287,0
2026-08-01 03:30:00.000000,Alberta Children's Hospital,118,0
2026-08-01 03:30:00.000000,Chinook Regional Hospital,42,0
2026-08-01 03:30:00.000000,Cochrane Community Health Centre,,0
2026-08-01 03:30:00.000000,Devon General Hospital,63,0
2026-08-01 03:30:00.000000,Foothills Medical Centre,477,0
2026-08-01 03:30:00.000000,Fort Sask Community Hospital,71,0
2026-08-01 03:30:00.000000,Grande Prairie Regional Hospital,30,0
2026-08-01 03:30:00.000000,Grey Nuns Community Hospital,205,0
2026-08-01 03:30:00.000000,Innisfail Health Centre,,1
2026-08-01 03:30:00.000000,Lacombe Hospital and Care Centre,,1
2026-08-01 03:30:00.000000,Leduc Community Hospital,103,0
2026-08-01 03:30:00.000000,Medicine Hat Regional Hospital,293,0
2026-08-01 03:30:00.000000,Misericordia Community Hospital,407,0
2026-08-01 03:30:00.000000,Northeast Community Health Centre,191,0
2026-08-01 03:30:00.000000,Northern Lights Regional Health Centre,30,0
2026-08-01 03:30:00.000000,Okotoks Health and Wellness Centre,,0
2026-08-01 03:30:00.000000,Peter Lougheed Centre,424,0
2026-08-01 03:30:00.000000,Red Deer Regional Hospital,235,0
2026-08-01 03:30:00.000000,Rockyview General Hospital,357,0
2026-08-01 03:30:00.000000,Royal Alexandra Hospital,317,0
2026-08-01 03:30:00.000000,Sheldon M. Chumir Centre,350,0
2026-08-01 03:30:00.000000,South Calgary Health Centre,,0
2026-08-01 03:30:00.000000,South Health Campus,339,0
2026-08-01 03:30:00.000000,Stollery Children's Hospital,131,0
2026-08-01 03:30:00.000000,Strathcona Community Hospital,172,0
2026-08-01 03:30:00.000000,Sturgeon Community Hospital,142,0
2026-08-01 03:30:00.000000,University of Alberta Hospital,242,0
2026-08-01 03:30:00.000000,WestView Health Centre,447,0
2026-08-01 03:40:00.000000,Airdrie Community Health Centre,297,0
2026-08-01 03:40:00.000000,Alberta Children's Hospital,103,0
2026-08-01 03:40:00.000000,Chinook Regional Hospital,42,0
2026-08-01 03:40:00.000000,Cochrane Community Health Centre,,0
2026-08-01 03:40:00.000000,Devon General Hospital,63,0
2026-08-01 03:40:00.000000,Foothills Medical Centre,501,0
2026-08-01 03:40:00.000000,Fort Sask Community Hospital,71,0
2026-08-01 03:40:00.000000,Grande Prairie Regional Hospital,30,0
2026-08-01 03:40:00.000000,Grey Nuns Community Hospital,205,0
2026-08-01 03:40:00.000000,Innisfail Health Centre,,1
2026-08-01 03:40:00.000000,Lacombe Hospital and Care Centre,,1
2026-08-01 03:40:00.000000,Leduc Community Hospital,103,0
2026-08-01 03:40:00.000000,Medicine Hat Regional Hospital,300,0
2026-08-01 03:40:00.000000,Misericordia Community Hospital,389,0
2026-08-01 03:40:00.000000,Northeast Community Health Centre,195,0
2026-08-01 03:40:00.000000,Northern Lights Regional Health Centre,30,0
2026-08-01 03:40:00.000000,Okotoks Health and Wellness Centre,,0
2026-08-01 03:40:00.000000,Peter Lougheed Centre,418,0
2026-08-01 03:40:00.000000,Red Deer Regional Hospital,230,0
2026-08-01 03:40:00.000000,Rockyview General Hospital,351,0
2026-08-01 03:40:00.000000,Royal Alexandra Hospital,310,0
2026-08-01 03:40:00.000000,Sheldon M. Chumir Centre,345,0
2026-08-01 03:40:00.000000,South Calgary Health Centre,,0
2026-08-01 03:40:00.000000,South Health Campus,341,0
2026-08-01 03:40:00.000000,Stollery Children's Hospital,98,0
2026-08-01 03:40:00.000000,Strathcona Community Hospital,172,0
2026-08-01 03:40:00.000000,Sturgeon Community Hospital,122,0
2026-08-01 03:40:00.000000,University of Alberta Hospital,235,0
2026-08-01 03:40:00.000000,WestView Health Centre,447,0
2026-08-01 03:50:00.000000,Airdrie Community Health Centre,294,0
2026-08-01 03:50:00.000000,Alberta Children's Hospital,118,0
2026-08-01 03:50:00.000000,Chinook Regional Hospital,30,0
2026-08-01 03:50:00.000000,Cochrane Community Health Centre,,0
2026-08-01 03:50:00.000000,Devon General Hospital,31,0
2026-08-01 03:50:00.000000,Foothills Medical Centre,508,0
2026-08-01 03:50:00.000000,Fort Sask Community Hospital,71,0
2026-08-01 03:50:00.000000,Grande Prairie Regional Hospital,30,0
2026-08-01 03:50:00.000000,Grey Nuns Community Hospital,205,0
2026-08-01 03:50:00.000000,Innisfail Health Centre,,1
2026-08-01 03:50:00.000000,Lacombe Hospital and Care Centre,,1
2026-08-01 03:50:00.000000,Leduc Community Hospital,103,0
2026-08-01 03:50:00.000000,Medicine Hat Regional Hospital,273,0
2026-08-01 03:50:00.000000,Misericordia Community Hospital,407,0
2026-08-01 03:50:00.000000,Northeast Community Health Centre,191,0
2026-08-01 03:50:00.000000,Northern Lights Regional Health Centre,30,0
2026-08-01 03:50:00.000000,Okotoks Health and Wellness Centre,,0
2026-08-01 03:50:00.000000,Peter Lougheed Centre,417,0
2026-08-01 03:50:00.000000,Red Deer Regional Hospital,239,0
2026-08-01 03:50:00.000000,Rockyview General Hospital,350,0
2026-08-01 03:50:00.000000,Royal Alexandra Hospital,313,0
2026-08-01 03:50:00.000000,Sheldon M. Chumir Centre,340,0
2026-08-01 03:50:00.000000,South Calgary Health Centre,,0
2026-08-01 03:50:00.000000,South Health Campus,331,0
2026-08-01 03:50:00.000000,Stollery Children's Hospital,98,0
2026-08-01 03:50:00.000000,Strathcona Community Hospital,151,0
2026-08-01 03:50:00.000000,Sturgeon Community Hospital,151,0
2026-08-01 03:50:00.000000,University of Alberta Hospital,207,0
2026-08-01 03:50:00.000000,WestView Health Centre,412,0
2026-08-01 04:00:00.000000,Airdrie Community Health Centre,290,0
2026-08-01 04:00:00.000000,Alberta Children's Hospital,103,0
2026-08-01 04:00:00.000000,Chinook Regional Hospital,42,0
2026-08-01 04:00:00.000000,Cochrane Community Health Centre,,0
2026-08-01 04:00:00.000000,Devon General Hospital,31,0
2026-08-01 04:00:00.000000,Foothills Medical Centre,495,0
2026-08-01 04:00:00.000000,Fort Sask Community Hospital,71,0
2026-08-01 04:00:00.000000,Grande Prairie Regional Hospital,30,0
2026-08-01 04:00:00.000000,Grey Nuns Community Hospital,205,0
2026-08-01 04:00:00.000000,Innisfail Health Centre,,1
2026-08-01 04:00:00.000000,Lacombe Hospital and Care Centre,,1
2026-08-01 04:00:00.000000,Leduc Community Hospital,103,0
2026-08-01 04:00:00.000000,Medicine Hat Regional Hospital,270,0
2026-08-01 04:00:00.000000,Misericordia Community Hospital,407,0
2026-08-01 04:00:00.000000,Northeast Community Health Centre,187,0
2026-08-01 04:00:00.000000,Northern Lights Regional Health Centre,30,0
2026-08-01 04:00:00.000000,Okotoks Health and Wellness Centre,,0
2026-08-01 04:00:00.000000,Peter Lougheed Centre,416,0
2026-08-01 04:00:00.000000,Red Deer Regional Hospital,236,0
2026-08-01 04:00:00.000000,Rockyview General Hospital,341,0
2026-08-01 04:00:00.000000,Royal Alexandra Hospital,317,0
2026-08-01 04:00:00.000000,Sheldon M. Chumir Centre,316,0
2026-08-01 04:00:00.000000,South Calgary Health Centre,,0
2026-08-01 04:00:00.000000,South Health Campus,327,0
2026-08-01 04:00:00.000000,Stollery Children's Hospital,114,0
2026-08-01 04:00:00.000000,Strathcona Community Hospital,151,0
2026-08-01 04:00:00.000000,Sturgeon Community Hospital,146,0
2026-08-01 04:00:00.000000,University of Alberta Hospital,201,0
2026-08-01 04:00:00.000000,WestView Health Centre,412,0
2026-08-01 04:10:00.000000,Airdrie Community Health Centre,285,0
2026-08-01 04:10:00.000000,Alberta Children's Hospital,103,0
2026-08-01 04:10:00.000000,Chinook Regional Hospital,30,0
2026-08-01 04:10:00.000000,Cochrane Community Health Centre,,0
2026-08-01 04:10:00.000000,Devon General Hospital,63,0
2026-08-01 04:10:00.000000,Foothills Medical Centre,482,0
2026-08-01 04:10:00.000000,Fort Sask Community Hospital,107,0
2026-08-01 04:10:00.000000,Grande Prairie Regional Hospital,30,0
2026-08-01 04:10:00.000000,Grey Nuns Community Hospital,205,0
2026-08-01 04:10:00.000000,Innisfail Health Centre,,1
2026-08-01 04:10:00.000000,Lacombe Hospital and Care Centre,,1
2026-08-01 04:10:00.000000,Leduc Community Hospital,103,0
2026-08-01 04:10:00.000000,Medicine Hat Regional Hospital,265,0
2026-08-01 04:10:00.000000,Misericordia Community Hospital,389,0
2026-08-01 04:10:00.000000,Northeast Community Health Centre,184,0
2026-08-01 04:10:00.000000,Northern Lights Regional Health Centre,30,0
2026-08-01 04:10:00.000000,Okotoks Health and Wellness Centre,,0
2026-08-01 04:10:00.000000,Peter Lougheed Centre,405,0
2026-08-01 04:10:00.000000,Red Deer Regional Hospital,207,0
2026-08-01 04:10:00.000000,Rockyview General Hospital,332,0
2026-08-01 04:10:00.000000,Royal Alexandra Hospital,305,0
2026-08-01 04:10:00.000000,Sheldon M. Chumir Centre,321,0
2026-08-01 04:10:00.000000,South Calgary Health Centre,,0
2026-08-01 04:10:00.000000,South Health Campus,323,0
2026-08-01 04:10:00.000000,Stollery Children's Hospital,98,0
2026-08-01 04:10:00.000000,Strathcona Community Hospital,151,0
2026-08-01 04:10:00.000000,Sturgeon Community Hospital,112,0
2026-08-01 04:10:00.000000,University of Alberta Hospital,207,0
2026-08-01 04:10:00.000000,WestView Health Centre,344,0
2026-08-01 04:20:00.000000,Airdrie Community Health Centre,293,0
2026-08-01 04:20:00.000000,Alberta Children's Hospital,118,0
2026-08-01 04:20:00.000000,Chinook Regional Hospital,42,0
2026-08-01 04:20:00.000000,Cochrane Community Health Centre,,0
2026-08-01 04:20:00.000000,Devon General Hospital,63,0
2026-08-01 04:20:00.000000,Foothills Medical Centre,488,0
2026-08-01 04:20:00.000000,Fort Sask Community Hospital,143,0
2026-08-01 04:20:00.000000,Grande Prairie Regional Hospital,40,0
2026-08-01 04:20:00.000000,Grey Nuns Community Hospital,193,0
2026-08-01 04:20:00.000000,Innisfail Health Centre,,1
2026-08-01 04:20:00.000000,Lacombe Hospital and Care Centre,,1
2026-08-01 04:20:00.000000,Leduc Community Hospital,61,0
2026-08-01 04:20:00.000000,Medicine Hat Regional Hospital,248,0
2026-08-01 04:20:00.000000,Misericordia Community Hospital,318,0
2026-08-01 04:20:00.000000,Northeast Community Health Centre,165,0
2026-08-01 04:20:00.000000,Northern Lights Regional Health Centre,30,0
2026-08-01 04:20:00.000000,Okotoks Health and Wellness Centre,,0
2026-08-01 04:20:00.000000,Peter Lougheed Centre,398,0
2026-08-01 04:20:00.000000,Red Deer Regional Hospital,202,0
2026-08-01 04:20:00.000000,Rockyview General Hospital,322,0
2026-08-01 04:20:00.000000,Royal Alexandra Hospital,303,0
2026-08-01 04:20:00.000000,Sheldon M. Chumir Centre,321,0
2026-08-01 04:20:00.000000,South Calgary Health Centre,,0
2026-08-01 04:20:00.000000,South Health Campus,318,0
2026-08-01 04:20:00.000000,Stollery Children's Hospital,114,0
2026-08-01 04:20:00.000000,Strathcona Community Hospital,129,0
2026-08-01 04:20:00.000000,Sturgeon Community Hospital,120,0
2026-08-01 04:20:00.000000,University of Alberta Hospital,201,0
2026-08-01 04:20:00.000000,WestView Health Centre,309,0
2026-08-01 04:30:00.000000,Airdrie Community Health Centre,289,0
2026-08-01 04:30:00.000000,Alberta Children's Hospital,103,0
2026-08-01 04:30:00.000000,Chinook Regional Hospital,56,0
2026-08-01 04:30:00.000000,Cochrane Community Health Centre,,0
2026-08-01 04:30:00.000000,Devon General Hospital,63,0
2026-08-01 04:30:00.000000,Foothills Medical Centre,505,0
2026-08-01 04:30:00.000000,Fort Sask Community Hospital,143,0
2026-08-01 04:30:00.000000,Grande Prairie Regional Hospital,40,0
2026-08-01 04:30:00.000000,Grey Nuns Community Hospital,171,0
2026-08-01 04:30:00.000000,Innisfail Health Centre,,1
2026-08-01 04:30:00.000000,Lacombe Hospital and Care Centre,,1
2026-08-01 04:30:00.000000,Leduc Community Hospital,61,0
2026-08-01 04:30:00.000000,Medicine Hat Regional Hospital,220,0
2026-08-01 04:30:00.000000,Misericordia Community Hospital,318,0
2026-08-01 04:30:00.000000,Northeast Community Health Centre,164,0
2026-08-01 04:30:00.000000,Northern Lights Regional Health Centre,30,0
2026-08-01 04:30:00.000000,Okotoks Health and Wellness Centre,,0
2026-08-01 04:30:00.000000,Peter Lougheed Centre,397,0
2026-08-01 04:30:00.000000,Red Deer Regional Hospital,186,0
2026-08-01 04:30:00.000000,Rockyview General Hospital,310,0
2026-08-01 04:30:00.000000,Royal Alexandra Hospital,306,0
2026-08-01 04:30:00.000000,Sheldon M. Chumir Centre,291,0
2026-08-01 04:30:00.000000,South Calgary Health Centre,,0
2026-08-01 04:30:00.000000,South Health Campus,320,0
2026-08-01 04:30:00.000000,Stollery Children's Hospital,131,0
2026-08-01 04:30:00.000000,Strathcona Community Hospital,151,0
2026-08-01 04:30:00.000000,Sturgeon Community Hospital,115,0
2026-08-01 04:30:00.000000,University of Alberta Hospital,187,0
2026-08-01 04:30:00.000000,WestView Health Centre,344,0
2026-08-01 04:40:00.000000,Airdrie Community Health Centre,284,0
2026-08-01 04:40:00.000000,Alberta Children's Hospital,73,0
2026-08-01 04:40:00.000000,Chinook Regional Hospital,56,0
2026-08-01 04:40:00.000000,Cochrane Community Health Centre,,0
2026-08-01 04:40:00.000000,Devon General Hospital,63,0
2026-08-01 04:40:00.000000,Foothills Medical Centre,498,0
2026-08-01 04:40:00.000000,Fort Sask Community Hospital,107,0
2026-08-01 04:40:00.000000,Grande Prairie Regional Hospital,81,0
2026-08-01 04:40:00.000000,Grey Nuns Community Hospital,159,0
2026-08-01 04:40:00.000000,Innisfail Health Centre,,1
2026-08-01 04:40:00.000000,Lacombe Hospital and Care Centre,,1
2026-08-01 04:40:00.000000,Leduc Community Hospital,61,0
2026-08-01 04:40:00.000000,Medicine Hat Regional Hospital,215,0
2026-08-01 04:40:00.000000,Misericordia Community Hospital,318,0
2026-08-01 04:40:00.000000,Northeast Community Health Centre,184,0
2026-08-01 04:40:00.000000,Northern Lights Regional Health Centre,30,0
2026-08-01 04:40:00.000000,Okotoks Health and Wellness Centre,,0
2026-08-01 04:40:00.000000,Peter Lougheed Centre,387,0
2026-08-01 04:40:00.000000,Red Deer Regional Hospital,181,0
2026-08-01 04:40:00.000000,Rockyview General Hospital,295,0
2026-08-01 04:40:00.000000,Royal Alexandra Hospital,303,0
2026-08-01 04:40:00.000000,Sheldon M. Chumir Centre,275,0
2026-08-01 04:40:00.000000,South Calgary Health Centre,,0
2026-08-01 04:40:00.000000,South Health Campus,315,0
2026-08-01 04:40:00.000000,Stollery Children's Hospital,98,0
2026-08-01 04:40:00.000000,Strathcona Community Hospital,151,0
2026-08-01 04:40:00.000000,Sturgeon Community Hospital,81,0
2026-08-01 04:40:00.000000,University of Alberta Hospital,166,0
2026-08-01 04:40:00.000000,WestView Health Centre,344,0
2026-08-01 04:50:00.000000,Airdrie Community Health Centre,280,0
2026-08-01 04:50:00.000000,Alberta Children's Hospital,59,0
2026-08-01 04:50:00.000000,Chinook Regional Hospital,56,0
2026-08-01 04:50:00.000000,Cochrane Community Health Centre,,0
2026-08-01 04:50:00.000000,Devon General Hospital,95,0
2026-08-01 04:50:00.000000,Foothills Medical Centre,486,0
2026-08-01 04:50:00.000000,Fort Sask Community Hospital,107,0
2026-08-01 04:50:00.000000,Grande Prairie Regional Hospital,81,0
2026-08-01 04:50:00.000000,Grey Nuns Community Hospital,171,0
2026-08-01 04:50:00.000000,Innisfail Health Centre,,1
2026-08-01 04:50:00.000000,Lacombe Hospital and Care Centre,,1
2026-08-01 04:50:00.000000,Leduc Community Hospital,30,0
2026-08-01 04:50:00.000000,Medicine Hat Regional Hospital,212,0
2026-08-01 04:50:00.000000,Misericordia Community Hospital,318,0
2026-08-01 04:50:00.000000,Northeast Community Health Centre,184,0
2026-08-01 04:50:00.000000,Northern Lights Regional Health Centre,30,0
2026-08-01 04:50:00.000000,Okotoks Health and Wellness Centre,,0
2026-08-01 04:50:00.000000,Peter Lougheed Centre,377,0
2026-08-01 04:50:00.000000,Red Deer Regional Hospital,178,0
2026-08-01 04:50:00.000000,Rockyview General Hospital,281,0
2026-08-01 04:50:00.000000,Royal Alexandra Hospital,296,0
2026-08-01 04:50:00.000000,Sheldon M. Chumir Centre,289,0
2026-08-01 04:50:00.000000,South Calgary Health Centre,,0
2026-08-01 04:50:00.000000,South Health Campus,312,0
2026-08-01 04:50:00.000000,Stollery Children's Hospital,82,0
2026-08-01 04:50:00.000000,Strathcona Community Hospital,151,0
2026-08-01 04:50:00.000000,Sturgeon Community Hospital,62,0
2026-08-01 04:50:00.000000,University of Alberta Hospital,166,0
2026-08-01 04:50:00.000000,WestView Health Centre,275,0
2026-08-01 05:00:00.000000,Airdrie Community Health Centre,275,0
2026-08-01 05:00:00.000000,Alberta Children's Hospital,44,0
2026-08-01 05:00:00.000000,Chinook Regional Hospital,56,0
2026-08-01 05:00:00.000000,Cochrane Community Health Centre,,0
2026-08-01 05:00:00.000000,Devon General Hospital,127,0
2026-08-01 05:00:00.000000,Foothills Medical Centre,465,0
2026-08-01 05:00:00.000000,Fort Sask Community Hospital,107,0
2026-08-01 05:00:00.000000,Grande Prairie Regional Hospital,40,0
2026-08-01 05:00:00.000000,Grey Nuns Community Hospital,171,0
2026-08-01 05:00:00.000000,Innisfail Health Centre,,1
2026-08-01 05:00:00.000000,Lacombe Hospital and Care Centre,,1
2026-08-01 05:00:00.000000,Leduc Community Hospital,41,0
2026-08-01 05:00:00.000000,Medicine Hat Regional Hospital,207,0
2026-08-01 05:00:00.000000,Misericordia Community Hospital,336,0
2026-08-01 05:00:00.000000,Northeast Community Health Centre,164,0
2026-08-01 05:00:00.000000,Northern Lights Regional Health Centre,30,0
2026-08-01 05:00:00.000000,Okotoks Health and Wellness Centre,,0
2026-08-01 05:00:00.000000,Peter Lougheed Centre,366,0
2026-08-01 05:00:00.000000,Red Deer Regional Hospital,147,0
2026-08-01 05:00:00.000000,Rockyview General Hospital,271,0
2026-08-01 05:00:00.000000,Royal Alexandra Hospital,297,0
2026-08-01 05:00:00.000000,Sheldon M. Chumir Centre,282,0
2026-08-01 05:00:00.000000,South Calgary Health Centre,,0
2026-08-01 05:00:00.000000,South Health Campus,301,0
2026-08-01 05:00:00.000000,Stollery Children's Hospital,98,0
2026-08-01 05:00:00.000000,Strathcona Community Hospital,151,0
2026-08-01 05:00:00.000000,Sturgeon Community Hospital,69,0
2026-08-01 05:00:00.000000,University of Alberta Hospital,180,0
2026-08-01 05:00:00.000000,WestView Health Centre,309,0
2026-08-01 05:10:00.000000,Airdrie Community Health Centre,245,0
2026-08-01 05:10:00.000000,Alberta Children's Hospital,44,0
2026-08-01 05:10:00.000000,Chinook Regional Hospital,56,0
2026-08-01 05:10:00.000000,Cochrane Community Health Centre,,0
2026-08-01 05:10:00.000000,Devon General Hospital,127,0
2026-08-01 05:10:00.000000,Foothills Medical Centre,460,0
2026-08-01 05:10:00.000000,Fort Sask Community Hospital,107,0
2026-08-01 05:10:00.000000,Grande Prairie Regional Hospital,40,0
2026-08-01 05:10:00.000000,Grey Nuns Community Hospital,159,0
2026-08-01 05:10:00.000000,Innisfail Health Centre,,1
2026-08-01 05:10:00.000000,Lacombe Hospital and Care Centre,,1
2026-08-01 05:10:00.000000,Leduc Community Hospital,41,0
2026-08-01 05:10:00.000000,Medicine Hat Regional Hospital,192,0
2026-08-01 05:10:00.000000,Misericordia Community Hospital,354,0
2026-08-01 05:10:00.000000,Northeast Community Health Centre,164,0
2026-08-01 05:10:00.000000,Northern Lights Regional Health Centre,30,0
2026-08-01 05:10:00.000000,Okotoks Health and Wellness Centre,,0
2026-08-01 05:10:00.000000,Peter Lougheed Centre,365,0
2026-08-01 05:10:00.000000,Red Deer Regional Hospital,145,0
2026-08-01 05:10:00.000000,Rockyview General Hospital,267,0
2026-08-01 05:10:00.000000,Royal Alexandra Hospital,291,0
2026-08-01 05:10:00.000000,Sheldon M. Chumir Centre,284,0
2026-08-01 05:10:00.000000,South Calgary Health Centre,,0
2026-08-01 05:10:00.000000,South Health Campus,302,0
2026-08-01 05:10:00.000000,Stollery Children's Hospital,95,0
2026-08-01 05:10:00.000000,Strathcona Community Hospital,151,0
2026-08-01 05:10:00.000000,Sturgeon Community Hospital,68,0
2026-08-01 05:10:00.000000,University of Alberta Hospital,167,0
2026-08-01 05:10:00.000000,WestView Health Centre,275,0
2026-08-01 05:20:00.000000,Airdrie Community Health Centre,227,0
2026-08-01 05:20:00.000000,Alberta Children's Hospital,30,0
2026-08-01 05:20:00.000000,Chinook Regional Hospital,56,0
2026-08-01 05:20:00.000000,Cochrane Community Health Centre,,0
2026-08-01 05:20:00.000000,Devon General Hospital,127,0
2026-08-01 05:20:00.000000,Foothills Medical Centre,453,0
2026-08-01 05:20:00.000000,Fort Sask Community Hospital,71,0
2026-08-01 05:20:00.000000,Grande Prairie Regional Hospital,40,0
2026-08-01 05:20:00.000000,Grey Nuns Community Hospital,159,0
2026-08-01 05:20:00.000000,Innisfail Health Centre,,1
2026-08-01 05:20:00.000000,Lacombe Hospital and Care Centre,,1
2026-08-01 05:20:00.000000,Leduc Community Hospital,41,0
2026-08-01 05:20:00.000000,Medicine Hat Regional Hospital,187,0
2026-08-01 05:20:00.000000,Misericordia Community Hospital,371,0
2026-08-01 05:20:00.000000,Northeast Community Health Centre,143,0
2026-08-01 05:20:00.000000,Northern Lights Regional Health Centre,30,0
2026-08-01 05:20:00.000000,Okotoks Health and Wellness Centre,,0
2026-08-01 05:20:00.000000,Peter Lougheed Centre,350,0
2026-08-01 05:20:00.000000,Red Deer Regional Hospital,140,0
2026-08-01 05:20:00.000000,Rockyview General Hospital,267,0
2026-08-01 05:20:00.000000,Royal Alexandra Hospital,284,0
2026-08-01 05:20:00.000000,Sheldon M. Chumir Centre,299,0
2026-08-01 05:20:00.000000,South Calgary Health Centre,,0
2026-08-01 05:20:00.000000,South Health Campus,297,0
2026-08-01 05:20:00.000000,Stollery Children's Hospital,78,0
2026-08-01 05:20:00.000000,Strathcona Community Hospital,172,0
2026-08-01 05:20:00.000000,Sturgeon Community Hospital,54,0
2026-08-01 05:20:00.000000,University of Alberta Hospital,163,0
2026-08-01 05:20:00.000000,WestView Health Centre,206,0
2026-08-01 05:30:00.000000,Airdrie Community Health Centre,224,0
2026-08-01 05:30:00.000000,Alberta Children's Hospital,44,0
2026-08-01 05:30:00.000000,Chinook Regional Hospital,56,0
2026-08-01 05:30:00.000000,Cochrane Community Health Centre,,0
2026-08-01 05:30:00.000000,Devon General Hospital,63,0
2026-08-01 05:30:00.000000,Foothills Medical Centre,435,0
2026-08-01 05:30:00.000000,Fort Sask Community Hospital,71,0
2026-08-01 05:30:00.000000,Grande Prairie Regional Hospital,40,0
2026-08-01 05:30:00.000000,Grey Nuns Community Hospital,148,0
2026-08-01 05:30:00.000000,Innisfail Health Centre,,1
2026-08-01 05:30:00.000000,Lacombe Hospital and Care Centre,,1
2026-08-01 05:30:00.000000,Leduc Community Hospital,41,0
2026-08-01 05:30:00.000000,Medicine Hat Regional Hospital,184,0
2026-08-01 05:30:00.000000,Misericordia Community Hospital,389,0
2026-08-01 05:30:00.000000,Northeast Community Health Centre,143,0
2026-08-01 05:30:00.000000,Northern Lights Regional Health Centre,30,0
2026-08-01 05:30:00.000000,Okotoks Health and Wellness Centre,,0
2026-08-01 05:30:00.000000,Peter Lougheed Centre,345,0
2026-08-01 05:30:00.000000,Red Deer Regional Hospital,149,0
2026-08-01 05:30:00.000000,Rockyview General Hospital,263,0
2026-08-01 05:30:00.000000,Royal Alexandra Hospital,274,0
2026-08-01 05:30:00.000000,Sheldon M. Chumir Centre,287,0
2026-08-01 05:30:00.000000,South Calgary Health Centre,,0
2026-08-01 05:30:00.000000,South Health Campus,287,0
2026-08-01 05:30:00.000000,Stollery Children's Hospital,73,0
2026-08-01 05:30:00.000000,Strathcona Community Hospital,194,0
2026-08-01 05:30:00.000000,Sturgeon Community Hospital,54,0
2026-08-01 05:30:00.000000,University of Alberta Hospital,158,0
2026-08-01 05:30:00.000000,WestView Health Centre,206,0
2026-08-01 05:40:00.000000,Airdrie Community Health Centre,219,0
2026-08-01 05:40:00.000000,Alberta Children's Hospital,44,0
2026-08-01 05:40:00.000000,Chinook Regional Hospital,56,0
2026-08-01 05:40:00.000000,Cochrane Community Health Centre,,0
2026-08-01 05:40:00.000000,Devon General Hospital,63,0
2026-08-01 05:40:00.000000,Foothills Medical Centre,421,0
2026-08-01 05:40:00.000000,Fort Sask Community Hospital,71,0
2026-08-01 05:40:00.000000,Grande Prairie Regional Hospital,40,0
2026-08-01 05:40:00.000000,Grey Nuns Community Hospital,102,0
2026-08-01 05:40:00.000000,Innisfail Health Centre,,1
2026-08-01 05:40:00.000000,Lacombe Hospital and Care Centre,,1
2026-08-01 05:40:00.000000,Leduc Community Hospital,41,0
2026-08-01 05:40:00.000000,Medicine Hat Regional Hospital,167,0
2026-08-01 05:40:00.000000,Misericordia Community Hospital,389,0
2026-08-01 05:40:00.000000,Northeast Community Health Centre,143,0
2026-08-01 05:40:00.000000,Northern Lights Regional Health Centre,30,0
2026-08-01 05:40:00.000000,Okotoks Health and Wellness Centre,,0
2026-08-01 05:40:00.000000,Peter Lougheed Centre,338,0
2026-08-01 05:40:00.000000,Red Deer Regional Hospital,145,0
2026-08-01 05:40:00.000000,Rockyview General Hospital,248,0
2026-08-01 05:40:00.000000,Royal Alexandra Hospital,267,0
2026-08-01 05:40:00.000000,Sheldon M. Chumir Centre,287,0
2026-08-01 05:40:00.000000,South Calgary Health Centre,,0
2026-08-01 05:40:00.000000,South Health Campus,282,0
2026-08-01 05:40:00.000000,Stollery Children's Hospital,56,0
2026-08-01 05:40:00.000000,Strathcona Community Hospital,194,0
2026-08-01 05:40:00.000000,Sturgeon Community Hospital,68,0
2026-08-01 05:40:00.000000,University of Alberta Hospital,160,0
2026-08-01 05:40:00.000000,WestView Health Centre,206,0
2026-08-01 05:50:00.000000,Airdrie Community Health Centre,214,0
2026-08-01 05:50:00.000000,Alberta Children's Hospital,44,0
2026-08-01 05:50:00.000000,Chinook Regional Hospital,71,0
2026-08-01 05:50:00.000000,Cochrane Community Health Centre,,0
2026-08-01 05:50:00.000000,Devon General Hospital,63,0
2026-08-01 05:50:00.000000,Foothills Medical Centre,414,0
2026-08-01 05:50:00.000000,Fort Sask Community Hospital,71,0
2026-08-01 05:50:00.000000,Grande Prairie Regional Hospital,40,0
2026-08-01 05:50:00.000000,Grey Nuns Community Hospital,114,0
2026-08-01 05:50:00.000000,Innisfail Health Centre,,1
2026-08-01 05:50:00.000000,Lacombe Hospital and Care Centre,,1
2026-08-01 05:50:00.000000,Leduc Community Hospital,41,0
2026-08-01 05:50:00.000000,Medicine Hat Regional Hospital,163,0
2026-08-01 05:50:00.000000,Misericordia Community Hospital,354,0
2026-08-01 05:50:00.000000,Northeast Community Health Centre,123,0
2026-08-01 05:50:00.000000,Northern Lights Regional Health Centre,30,0
2026-08-01 05:50:00.000000,Okotoks Health and Wellness Centre,,0
2026-08-01 05:50:00.000000,Peter Lougheed Centre,331,0
2026-08-01 05:50:00.000000,Red Deer Regional Hospital,152,0
2026-08-01 05:50:00.000000,Rockyview General Hospital,247,0
2026-08-01 05:50:00.000000,Royal Alexandra Hospital,260,0
2026-08-01 05:50:00.000000,Sheldon M. Chumir Centre,288,0
2026-08-01 05:50:00.000000,South Calgary Health Centre,,0
2026-08-01 05:50:00.000000,South Health Campus,271,0
2026-08-01 05:50:00.000000,Stollery Children's Hospital,30,0
2026-08-01 05:50:00.000000,Strathcona Community Hospital,151,0
2026-08-01 05:50:00.000000,Sturgeon Community Hospital,81,0
2026-08-01 05:50:00.000000,University of Alberta Hospital,163,0
2026-08-01 05:50:00.000000,WestView Health Centre,240,0
2026-08-01 06:00:00.000000,Airdrie Community Health Centre,210,0
2026-08-01 06:00:00.000000,Alberta Children's Hospital,59,0
2026-08-01 06:00:00.000000,Chinook Regional Hospital,85,0
2026-08-01 06:00:00.000000,Cochrane Community Health Centre,,0
2026-08-01 06:00:00.000000,Devon General Hospital,63,0
2026-08-01 06:00:00.000000,Foothills Medical Centre,402,0
2026-08-01 06:00:00.000000,Fort Sask Community Hospital,71,0
2026-08-01 06:00:00.000000,Grande Prairie Regional Hospital,61,0
2026-08-01 06:00:00.000000,Grey Nuns Community Hospital,102,0
2026-08-01 06:00:00.000000,Innisfail Health Centre,,1
2026-08-01 06:00:00.000000,Lacombe Hospital and Care Centre,,1
2026-08-01 06:00:00.000000,Leduc Community Hospital,61,0
2026-08-01 06:00:00.000000,Medicine Hat Regional Hospital,159,0
2026-08-01 06:00:00.000000,Misericordia Community Hospital,371,0
2026-08-01 06:00:00.000000,Northeast Community Health Centre,143,0
2026-08-01 06:00:00.000000,Northern Lights Regional Health Centre,30,0
2026-08-01 06:00:00.000000,Okotoks Health and Wellness Centre,,0
2026-08-01 06:00:00.000000,Peter Lougheed Centre,330,0
2026-08-01 06:00:00.000000,Red Deer Regional Hospital,149,0
2026-08-01 06:00:00.000000,Rockyview General Hospital,239,0
2026-08-01 06:00:00.000000,Royal Alexandra Hospital,245,0
2026-08-01 06:00:00.000000,Sheldon M. Chumir Centre,283,0
2026-08-01 06:00:00.000000,South Calgary Health Centre,,0
2026-08-01 06:00:00.000000,South Health Campus,267,0
2026-08-01 06:00:00.000000,Stollery Children's Hospital,30,0
2026-08-01 06:00:00.000000,Strathcona Community Hospital,151,0
2026-08-01 06:00:00.000000,Sturgeon Community Hospital,81,0
2026-08-01 06:00:00.000000,University of Alberta Hospital,151,0
2026-08-01 06:00:00.000000,WestView Health Centre,240,0
2026-08-01 06:10:00.000000,Airdrie Community Health Centre,194,0
2026-08-01 06:10:00.000000,Alberta Children's Hospital,59,0
2026-08-01 06:10:00.000000,Chinook Regional Hospital,99,0
2026-08-01 06:10:00.000000,Cochrane Community Health Centre,,0
2026-08-01 06:10:00.000000,Devon General Hospital,31,0
2026-08-01 06:10:00.000000,Foothills Medical Centre,383,0
2026-08-01 06:10:00.000000,Fort Sask Community Hospital,71,0
2026-08-01 06:10:00.000000,Grande Prairie Regional Hospital,61,0
2026-08-01 06:10:00.000000,Grey Nuns Community Hospital,114,0
2026-08-01 06:10:00.000000,Innisfail Health Centre,,1
2026-08-01 06:10:00.000000,Lacombe Hospital and Care Centre,,1
2026-08-01 06:10:00.000000,Leduc Community Hospital,61,0
2026-08-01 06:10:00.000000,Medicine Hat Regional Hospital,156,0
2026-08-01 06:10:00.000000,Misericordia Community Hospital,336,0
2026-08-01 06:10:00.000000,Northeast Community Health Centre,146,0
2026-08-01 06:10:00.000000,Northern Lights Regional Health Centre,30,0
2026-08-01 06:10:00.000000,Okotoks Health and Wellness Centre,,0
2026-08-01 06:10:00.000000,Peter Lougheed Centre,328,0
2026-08-01 06:10:00.000000,Red Deer Regional Hospital,145,0
2026-08-01 06:10:00.000000,Rockyview General Hospital,237,0
2026-08-01 06:10:00.000000,Royal Alexandra Hospital,236,0
2026-08-01 06:10:00.000000,Sheldon M. Chumir Centre,270,0
2026-08-01 06:10:00.000000,South Calgary Health Centre,,0
2026-08-01 06:10:00.000000,South Health Campus,262,0
2026-08-01 06:10:00.000000,Stollery Children's Hospital,30,0
2026-08-01 06:10:00.000000,Strathcona Community Hospital,151,0
2026-08-01 06:10:00.000000,Sturgeon Community Hospital,54,0
2026-08-01 06:10:00.000000,University of Alberta Hospital,153,0
2026-08-01 06:10:00.000000,WestView Health Centre,206,0
2026-08-01 06:20:00.000000,Airdrie Community Health Centre,150,0
2026-08-01 06:20:00.000000,Alberta Children's Hospital,59,0
2026-08-01 06:20:00.000000,Chinook Regional Hospital,113,0
2026-08-01 06:20:00.000000,Cochrane Community Health Centre,,0
2026-08-01 06:20:00.000000,Devon General Hospital,31,0
2026-08-01 06:20:00.000000,Foothills Medical Centre,376,0
2026-08-01 06:20:00.000000,Fort Sask Community Hospital,71,0
2026-08-01 06:20:00.000000,Grande Prairie Regional Hospital,61,0
2026-08-01 06:20:00.000000,Grey Nuns Community Hospital,125,0
2026-08-01 06:20:00.000000,Innisfail Health Centre,,1
2026-08-01 06:20:00.000000,Lacombe Hospital and Care Centre,,1
2026-08-01 06:20:00.000000,Leduc Community Hospital,61,0
2026-08-01 06:20:00.000000,Medicine Hat Regional Hospital,151,0
2026-08-01 06:20:00.000000,Misericordia Community Hospital,354,0
2026-08-01 06:20:00.000000,Northeast Community Health Centre,159,0
2026-08-01 06:20:00.000000,Northern Lights Regional Health Centre,30,0
2026-08-01 06:20:00.000000,Okotoks Health and Wellness Centre,,0
2026-08-01 06:20:00.000000,Peter Lougheed Centre,317,0
2026-08-01 06:20:00.000000,Red Deer Regional Hospital,141,0
2026-08-01 06:20:00.000000,Rockyview General Hospital,231,0
2026-08-01 06:20:00.000000,Royal Alexandra Hospital,215,0
2026-08-01 06:20:00.000000,Sheldon M. Chumir Centre,264,0
2026-08-01 06:20:00.000000,South Calgary Health Centre,,0
2026-08-01 06:20:00.000000,South Health Campus,251,0
2026-08-01 06:20:00.000000,Stollery Children's Hospital,30,0
2026-08-01 06:20:00.000000,Strathcona Community Hospital,151,0
2026-08-01 06:20:00.000000,Sturgeon Community Hospital,68,0
2026-08-01 06:20:00.000000,University of Alberta Hospital,138,0
2026-08-01 06:20:00.000000,WestView Health Centre,206,0
2026-08-01 06:30:00.000000,Airdrie Community Health Centre,130,0
2026-08-01 06:30:00.000000,Alberta Children's Hospital,59,0
2026-08-01 06:30:00.000000,Chinook Regional Hospital,99,0
2026-08-01 06:30:00.000000,Cochrane Community Health Centre,,0
2026-08-01 06:30:00.000000,Devon General Hospital,31,0
2026-08-01 06:30:00.000000,Foothills Medical Centre,364,0
2026-08-01 06:30:00.000000,Fort Sask Community Hospital,71,0
2026-08-01 06:30:00.000000,Grande Prairie Regional Hospital,30,0
2026-08-01 06:30:00.000000,Grey Nuns Community Hospital,136,0
2026-08-01 06:30:00.000000,Innisfail Health Centre,,1
2026-08-01 06:30:00.000000,Lacombe Hospital and Care Centre,,1
2026-08-01 06:30:00.000000,Leduc Community Hospital,61,0
2026-08-01 06:30:00.000000,Medicine Hat Regional Hospital,147,0
2026-08-01 06:30:00.000000,Misericordia Community Hospital,371,0
2026-08-01 06:30:00.000000,Northeast Community Health Centre,146,0
2026-08-01 06:30:00.000000,Northern Lights Regional Health Centre,30,0
2026-08-01 06:30:00.000000,Okotoks Health and Wellness Centre,,0
2026-08-01 06:30:00.000000,Peter Lougheed Centre,300,0
2026-08-01 06:30:00.000000,Red Deer Regional Hospital,125,0
2026-08-01 06:30:00.000000,Rockyview General Hospital,222,0
2026-08-01 06:30:00.000000,Royal Alexandra Hospital,200,0
2026-08-01 06:30:00.000000,Sheldon M. Chumir Centre,258,0
2026-08-01 06:30:00.000000,South Calgary Health Centre,,0
2026-08-01 06:30:00.000000,South Health Campus,247,0
2026-08-01 06:30:00.000000,Stollery Children's Hospital,30,0
2026-08-01 06:30:00.000000,Strathcona Community Hospital,129,0
2026-08-01 06:30:00.000000,Sturgeon Community Hospital,30,0
2026-08-01 06:30:00.000000,University of Alberta Hospital,135,0
2026-08-01 06:30:00.000000,WestView Health Centre,206,0
2026-08-01 06:40:00.000000,Airdrie Community Health Centre,141,0
2026-08-01 06:40:00.000000,Alberta Children's Hospital,30,0
2026-08-01 06:40:00.000000,Chinook Regional Hospital,107,0
2026-08-01 06:40:00.000000,Cochrane Community Health Centre,,0
2026-08-01 06:40:00.000000,Devon General Hospital,30,0
2026-08-01 06:40:00.000000,Foothills Medical Centre,351,0
2026-08-01 06:40:00.000000,Fort Sask Community Hospital,107,0
2026-08-01 06:40:00.000000,Grande Prairie Regional Hospital,30,0
2026-08-01 06:40:00.000000,Grey Nuns Community Hospital,136,0
2026-08-01 06:40:00.000000,Innisfail Health Centre,,1
2026-08-01 06:40:00.000000,Lacombe Hospital and Care Centre,,1
2026-08-01 06:40:00.000000,Leduc Community Hospital,41,0
2026-08-01 06:40:00.000000,Medicine Hat Regional Hospital,143,0
2026-08-01 06:40:00.000000,Misericordia Community Hospital,318,0
2026-08-01 06:40:00.000000,Northeast Community Health Centre,183,0
2026-08-01 06:40:00.000000,Northern Lights Regional Health Centre,30,0
2026-08-01 06:40:00.000000,Okotoks Health and Wellness Centre,,0
2026-08-01 06:40:00.000000,Peter Lougheed Centre,286,0
2026-08-01 06:40:00.000000,Red Deer Regional Hospital,120,0
2026-08-01 06:40:00.000000,Rockyview General Hospital,216,0
2026-08-01 06:40:00.000000,Royal Alexandra Hospital,180,0
2026-08-01 06:40:00.000000,Sheldon M. Chumir Centre,252,0
2026-08-01 06:40:00.000000,South Calgary Health Centre,,0
2026-08-01 06:40:00.000000,South Health Campus,236,0
2026-08-01 06:40:00.000000,Stollery Children's Hospital,30,0
2026-08-01 06:40:00.000000,Strathcona Community Hospital,129,0
2026-08-01 06:40:00.000000,Sturgeon Community Hospital,68,0
2026-08-01 06:40:00.000000,University of Alberta Hospital,127,0
2026-08-01 06:40:00.000000,WestView Health Centre,172,0
2026-08-01 06:50:00.000000,Airdrie Community Health Centre,124,0
2026-08-01 06:50:00.000000,Alberta Children's Hospital,30,0
2026-08-01 06:50:00.000000,Chinook Regional Hospital,97,0
2026-08-01 06:50:00.000000,Cochrane Community Health Centre,,0
2026-08-01 06:50:00.000000,Devon General Hospital,30,0
2026-08-01 06:50:00.000000,Foothills Medical Centre,345,0
2026-08-01 06:50:00.000000,Fort Sask Community Hospital,107,0
2026-08-01 06:50:00.000000,Grande Prairie Regional Hospital,30,0
2026-08-01 06:50:00.000000,Grey Nuns Community Hospital,114,0
2026-08-01 06:50:00.000000,Innisfail Health Centre,,1
2026-08-01 06:50:00.000000,Lacombe Hospital and Care Centre,,1
2026-08-01 06:50:00.000000,Leduc Community Hospital,61,0
2026-08-01 06:50:00.000000,Medicine Hat Regional Hospital,139,0
2026-08-01 06:50:00.000000,Misericordia Community Hospital,354,0
2026-08-01 06:50:00.000000,Northeast Community Health Centre,172,0
2026-08-01 06:50:00.000000,Northern Lights Regional Health Centre,30,0
2026-08-01 06:50:00.000000,Okotoks Health and Wellness Centre,,0
2026-08-01 06:50:00.000000,Peter Lougheed Centre,280,0
2026-08-01 06:50:00.000000,Red Deer Regional Hospital,116,0
2026-08-01 06:50:00.000000,Rockyview General Hospital,211,0
2026-08-01 06:50:00.000000,Royal Alexandra Hospital,170,0
2026-08-01 06:50:00.000000,Sheldon M. Chumir Centre,246,0
2026-08-01 06:50:00.000000,South Calgary Health Centre,,0
2026-08-01 06:50:00.000000,South Health Campus,232,0
2026-08-01 06:50:00.000000,Stollery Children's Hospital,32,0
2026-08-01 06:50:00.000000,Strathcona Community Hospital,108,0
2026-08-01 06:50:00.000000,Sturgeon Community Hospital,81,0
2026-08-01 06:50:00.000000,University of Alberta Hospital,130,0
2026-08-01 06:50:00.000000,WestView Health Centre,172,0
2026-08-01 07:00:00.000000,Airdrie Community Health Centre,132,0
2026-08-01 07:00:00.000000,Alberta Children's Hospital,44,0
2026-08-01 07:00:00.000000,Chinook Regional Hospital,93,0
2026-08-01 07:00:00.000000,Cochrane Community Health Centre,,0
2026-08-01 07:00:00.000000,Devon General Hospital,30,0
2026-08-01 07:00:00.000000,Foothills Medical Centre,351,0
2026-08-01 07:00:00.000000,Fort Sask Community Hospital,107,0
2026-08-01 07:00:00.000000,Grande Prairie Regional Hospital,30,0
2026-08-01 07:00:00.000000,Grey Nuns Community Hospital,136,0
2026-08-01 07:00:00.000000,Innisfail Health Centre,,1
2026-08-01 07:00:00.000000,Lacombe Hospital and Care Centre,,1
2026-08-01 07:00:00.000000,Leduc Community Hospital,61,0
2026-08-01 07:00:00.000000,Medicine Hat Regional Hospital,135,0
2026-08-01 07:00:00.000000,Misericordia Community Hospital,354,0
2026-08-01 07:00:00.000000,Northeast Community Health Centre,162,0
2026-08-01 07:00:00.000000,Northern Lights Regional Health Centre,31,0
2026-08-01 07:00:00.000000,Okotoks Health and Wellness Centre,,0
2026-08-01 07:00:00.000000,Peter Lougheed Centre,269,0
2026-08-01 07:00:00.000000,Red Deer Regional Hospital,75,0
2026-08-01 07:00:00.000000,Rockyview General Hospital,212,0
2026-08-01 07:00:00.000000,Royal Alexandra Hospital,180,0
2026-08-01 07:00:00.000000,Sheldon M. Chumir Centre,210,0
2026-08-01 07:00:00.000000,South Calgary Health Centre,,0
2026-08-01 07:00:00.000000,South Health Campus,231,0
2026-08-01 07:00:00.000000,Stollery Children's Hospital,43,0
2026-08-01 07:00:00.000000,Strathcona Community Hospital,86,0
2026-08-01 07:00:00.000000,Sturgeon Community Hospital,68,0
2026-08-01 07:00:00.000000,University of Alberta Hospital,136,0
2026-08-01 07:00:00.000000,WestView Health Centre,137,0
2026-08-01 07:10:00.000000,Airdrie Community Health Centre,210,0
2026-08-01 07:10:00.000000,Alberta Children's Hospital,53,0
2026-08-01 07:10:00.000000,Chinook Regional Hospital,86,0
2026-08-01 07:10:00.000000,Cochrane Community Health Centre,,0
2026-08-01 07:10:00.000000,Devon General Hospital,30,0
2026-08-01 07:10:00.000000,Foothills Medical Centre,443,0
2026-08-01 07:10:00.000000,Fort Sask Community Hospital,83,0
2026-08-01 07:10:00.000000,Grande Prairie Regional Hospital,30,0
2026-08-01 07:10:00.000000,Grey Nuns Community Hospital,105,0
2026-08-01 07:10:00.000000,Innisfail Health Centre,,1
2026-08-01 07:10:00.000000,Lacombe Hospital and Care Centre,,1
2026-08-01 07:10:00.000000,Leduc Community Hospital,77,0
2026-08-01 07:10:00.000000,Medicine Hat Regional Hospital,131,0
2026-08-01 07:10:00.000000,Misericordia Community Hospital,316,0
2026-08-01 07:10:00.000000,Northeast Community Health Centre,303,0
2026-08-01 07:10:00.000000,Northern Lights Regional Health Centre,51,0
2026-08-01 07:10:00.000000,Okotoks Health and Wellness Centre,,0
2026-08-01 07:10:00.000000,Peter Lougheed Centre,336,0
2026-08-01 07:10:00.000000,Red Deer Regional Hospital,95,0
2026-08-01 07:10:00.000000,Rockyview General Hospital,355,0
2026-08-01 07:10:00.000000,Royal Alexandra Hospital,266,0
2026-08-01 07:10:00.000000,Sheldon M. Chumir Centre,304,0
2026-08-01 07:10:00.000000,South Calgary Health Centre,,0
2026-08-01 07:10:00.000000,South Health Campus,384,0
2026-08-01 07:10:00.000000,Stollery Children's Hospital,30,0
2026-08-01 07:10:00.000000,Strathcona Community Hospital,92,0
2026-08-01 07:10:00.000000,Sturgeon Community Hospital,71,0
2026-08-01 07:10:00.000000,University of Alberta Hospital,175,0
2026-08-01 07:10:00.000000,WestView Health Centre,142,0
2026-08-01 07:20:00.000000,Airdrie Community Health Centre,202,0
2026-08-01 07:20:00.000000,Alberta Children's Hospital,35,0
2026-08-01 07:20:00.000000,Chinook Regional Hospital,90,0
2026-08-01 07:20:00.000000,Cochrane Community Health Centre,,0
2026-08-01 07:20:00.000000,Devon General Hospital,36,0
2026-08-01 07:20:00.000000,Foothills Medical Centre,424,0
2026-08-01 07:20:00.000000,Fort Sask Community Hospital,111,0
2026-08-01 07:20:00.000000,Grande Prairie Regional Hospital,30,0
2026-08-01 07:20:00.000000,Grey Nuns Community Hospital,105,0
2026-08-01 07:20:00.000000,Innisfail Health Centre,,1
2026-08-01 07:20:00.000000,Lacombe Hospital and Care Centre,,1
2026-08-01 07:20:00.000000,Leduc Community Hospital,38,0
2026-08-01 07:20:00.000000,Medicine Hat Regional Hospital,126,0
2026-08-01 07:20:00.000000,Misericordia Community Hospital,299,0
2026-08-01 07:20:00.000000,Northeast Community Health Centre,293,0
2026-08-01 07:20:00.000000,Northern Lights Regional Health Centre,68,0
2026-08-01 07:20:00.000000,Okotoks Health and Wellness Centre,,0
2026-08-01 07:20:00.000000,Peter Lougheed Centre,331,0
2026-08-01 07:20:00.000000,Red Deer Regional Hospital,108,0
2026-08-01 07:20:00.000000,Rockyview General Hospital,331,0
2026-08-01 07:20:00.000000,Royal Alexandra Hospital,272,0
2026-08-01 07:20:00.000000,Sheldon M. Chumir Centre,304,0
2026-08-01 07:20:00.000000,South Calgary Health Centre,,0
2026-08-01 07:20:00.000000,South Health Campus,382,0
2026-08-01 07:20:00.000000,Stollery Children's Hospital,36,0
2026-08-01 07:20:00.000000,Strathcona Community Hospital,69,0
2026-08-01 07:20:00.000000,Sturgeon Community Hospital,92,0
2026-08-01 07:20:00.000000,University of Alberta Hospital,178,0
2026-08-01 07:20:00.000000,WestView Health Centre,106,0
2026-08-01 07:30:00.000000,Airdrie Community Health Centre,216,0
2026-08-01 07:30:00.000000,Alberta Children's Hospital,35,0
2026-08-01 07:30:00.000000,Chinook Regional Hospital,86,0
2026-08-01 07:30:00.000000,Cochrane Community Health Centre,,0
2026-08-01 07:30:00.000000,Devon General Hospital,73,0
2026-08-01 07:30:00.000000,Foothills Medical Centre,434,0
2026-08-01 07:30:00.000000,Fort Sask Community Hospital,111,0
2026-08-01 07:30:00.000000,Grande Prairie Regional Hospital,30,0
2026-08-01 07:30:00.000000,Grey Nuns Community Hospital,105,0
2026-08-01 07:30:00.000000,Innisfail Health Centre,,1
2026-08-01 07:30:00.000000,Lacombe Hospital and Care Centre,,1
2026-08-01 07:30:00.000000,Leduc Community Hospital,30,0
2026-08-01 07:30:00.000000,Medicine Hat Regional Hospital,122,0
2026-08-01 07:30:00.000000,Misericordia Community Hospital,299,0
2026-08-01 07:30:00.000000,Northeast Community Health Centre,266,0
2026-08-01 07:30:00.000000,Northern Lights Regional Health Centre,51,0
2026-08-01 07:30:00.000000,Okotoks Health and Wellness Centre,,0
2026-08-01 07:30:00.000000,Peter Lougheed Centre,328,0
2026-08-01 07:30:00.000000,Red Deer Regional Hospital,122,0
2026-08-01 07:30:00.000000,Rockyview General Hospital,335,0
2026-08-01 07:30:00.000000,Royal Alexandra Hospital,282,0
2026-08-01 07:30:00.000000,Sheldon M. Chumir Centre,285,0
2026-08-01 07:30:00.000000,South Calgary Health Centre,,0
2026-08-01 07:30:00.000000,South Health Campus,366,0
2026-08-01 07:30:00.000000,Stollery Children's Hospital,36,0
2026-08-01 07:30:00.000000,Strathcona Community Hospital,69,0
2026-08-01 07:30:00.000000,Sturgeon Community Hospital,99,0
2026-08-01 07:30:00.000000,University of Alberta Hospital,180,0
2026-08-01 07:30:00.000000,WestView Health Centre,106,0
2026-08-01 07:40:00.000000,Airdrie Community Health Centre,189,0
2026-08-01 07:40:00.000000,Alberta Children's Hospital,30,0
2026-08-01 07:40:00.000000,Chinook Regional Hospital,75,0
2026-08-01 07:40:00.000000,Cochrane Community Health Centre,,0
2026-08-01 07:40:00.000000,Devon General Hospital,109,0
2026-08-01 07:40:00.000000,Foothills Medical Centre,450,0
2026-08-01 07:40:00.000000,Fort Sask Community Hospital,111,0
2026-08-01 07:40:00.000000,Grande Prairie Regional Hospital,30,0
2026-08-01 07:40:00.000000,Grey Nuns Community Hospital,105,0
2026-08-01 07:40:00.000000,Innisfail Health Centre,,1
2026-08-01 07:40:00.000000,Lacombe Hospital and Care Centre,,1
2026-08-01 07:40:00.000000,Leduc Community Hospital,38,0
2026-08-01 07:40:00.000000,Medicine Hat Regional Hospital,130,0
2026-08-01 07:40:00.000000,Misericordia Community Hospital,299,0
2026-08-01 07:40:00.000000,Northeast Community Health Centre,256,0
2026-08-01 07:40:00.000000,Northern Lights Regional Health Centre,68,0
2026-08-01 07:40:00.000000,Okotoks Health and Wellness Centre,,0
2026-08-01 07:40:00.000000,Peter Lougheed Centre,324,0
2026-08-01 07:40:00.000000,Red Deer Regional Hospital,114,0
2026-08-01 07:40:00.000000,Rockyview General Hospital,318,0
2026-08-01 07:40:00.000000,Royal Alexandra Hospital,286,0
2026-08-01 07:40:00.000000,Sheldon M. Chumir Centre,286,0
2026-08-01 07:40:00.000000,South Calgary Health Centre,,0
2026-08-01 07:40:00.000000,South Health Campus,339,0
2026-08-01 07:40:00.000000,Stollery Children's Hospital,36,0
2026-08-01 07:40:00.000000,Strathcona Community Hospital,69,0
2026-08-01 07:40:00.000000,Sturgeon Community Hospital,125,0
2026-08-01 07:40:00.000000,University of Alberta Hospital,186,0
2026-08-01 07:40:00.000000,WestView Health Centre,71,0
2026-08-01 07:50:00.000000,Airdrie Community Health Centre,164,0
2026-08-01 07:50:00.000000,Alberta Children's Hospital,30,0
2026-08-01 07:50:00.000000,Chinook Regional Hospital,64,0
2026-08-01 07:50:00.000000,Cochrane Community Health Centre,,0
2026-08-01 07:50:00.000000,Devon General Hospital,109,0
2026-08-01 07:50:00.000000,Foothills Medical Centre,443,0
2026-08-01 07:50:00.000000,Fort Sask Community Hospital,111,0
2026-08-01 07:50:00.000000,Grande Prairie Regional Hospital,30,0
2026-08-01 07:50:00.000000,Grey Nuns Community Hospital,97,0
2026-08-01 07:50:00.000000,Innisfail Health Centre,,1
2026-08-01 07:50:00.000000,Lacombe Hospital and Care Centre,,1
2026-08-01 07:50:00.000000,Leduc Community Hospital,38,0
2026-08-01 07:50:00.000000,Medicine Hat Regional Hospital,139,0
2026-08-01 07:50:00.000000,Misericordia Community Hospital,299,0
2026-08-01 07:50:00.000000,Northeast Community Health Centre,266,0
2026-08-01 07:50:00.000000,Northern Lights Regional Health Centre,51,0
2026-08-01 07:50:00.000000,Okotoks Health and Wellness Centre,,0
2026-08-01 07:50:00.000000,Peter Lougheed Centre,308,0
2026-08-01 07:50:00.000000,Red Deer Regional Hospital,108,0
2026-08-01 07:50:00.000000,Rockyview General Hospital,303,0
2026-08-01 07:50:00.000000,Royal Alexandra Hospital,284,0
2026-08-01 07:50:00.000000,Sheldon M. Chumir Centre,268,0
2026-08-01 07:50:00.000000,South Calgary Health Centre,,0
2026-08-01 07:50:00.000000,South Health Campus,331,0
2026-08-01 07:50:00.000000,Stollery Children's Hospital,40,0
2026-08-01 07:50:00.000000,Strathcona Community Hospital,30,0
2026-08-01 07:50:00.000000,Sturgeon Community Hospital,131,0
2026-08-01 07:50:00.000000,University of Alberta Hospital,198,0
2026-08-01 07:50:00.000000,WestView Health Centre,71,0
2026-08-01 08:00:00.000000,Airdrie Community Health Centre,137,0
2026-08-01 08:00:00.000000,Alberta Children's Hospital,30,0
2026-08-01 08:00:00.000000,Chinook Regional Hospital,60,0
2026-08-01 08:00:00.000000,Cochrane Community Health Centre,,0
2026-08-01 08:00:00.000000,Devon General Hospital,109,0
2026-08-01 08:00:00.000000,Foothills Medical Centre,425,0
2026-08-01 08:00:00.000000,Fort Sask Community Hospital,111,0
2026-08-01 08:00:00.000000,Grande Prairie Regional Hospital,30,0
2026-08-01 08:00:00.000000,Grey Nuns Community Hospital,105,0
2026-08-01 08:00:00.000000,Innisfail Health Centre,,1
2026-08-01 08:00:00.000000,Lacombe Hospital and Care Centre,,1
2026-08-01 08:00:00.000000,Leduc Community Hospital,38,0
2026-08-01 08:00:00.000000,Medicine Hat Regional Hospital,108,0
2026-08-01 08:00:00.000000,Misericordia Community Hospital,299,0
2026-08-01 08:00:00.000000,Northeast Community Health Centre,256,0
2026-08-01 08:00:00.000000,Northern Lights Regional Health Centre,68,0
2026-08-01 08:00:00.000000,Okotoks Health and Wellness Centre,,0
2026-08-01 08:00:00.000000,Peter Lougheed Centre,308,0
2026-08-01 08:00:00.000000,Red Deer Regional Hospital,100,0
2026-08-01 08:00:00.000000,Rockyview General Hospital,292,0
2026-08-01 08:00:00.000000,Royal Alexandra Hospital,270,0
2026-08-01 08:00:00.000000,Sheldon M. Chumir Centre,246,0
2026-08-01 08:00:00.000000,South Calgary Health Centre,,0
2026-08-01 08:00:00.000000,South Health Campus,330,0
2026-08-01 08:00:00.000000,Stollery Children's Hospital,88,0
2026-08-01 08:00:00.000000,Strathcona Community Hospital,30,0
2026-08-01 08:00:00.000000,Sturgeon Community Hospital,140,0
2026-08-01 08:00:00.000000,University of Alberta Hospital,204,0
2026-08-01 08:00:00.000000,WestView Health Centre,106,0
2026-08-01 08:10:00.000000,Airdrie Community Health Centre,132,0
2026-08-01 08:10:00.000000,Alberta Children's Hospital,30,0
2026-08-01 08:10:00.000000,Chinook Regional Hospital,49,0
2026-08-01 08:10:00.000000,Cochrane Community Health Centre,30,0
2026-08-01 08:10:00.000000,Devon General Hospital,73,0
2026-08-01 08:10:00.000000,Foothills Medical Centre,430,0
2026-08-01 08:10:00.000000,Fort Sask Community Hospital,111,0
2026-08-01 08:10:00.000000,Grande Prairie Regional Hospital,30,0
2026-08-01 08:10:00.000000,Grey Nuns Community Hospital,97,0
2026-08-01 08:10:00.000000,Innisfail Health Centre,,1
2026-08-01 08:10:00.000000,Lacombe Hospital and Care Centre,,1
2026-08-01 08:10:00.000000,Leduc Community Hospital,38,0
2026-08-01 08:10:00.000000,Medicine Hat Regional Hospital,120,0
2026-08-01 08:10:00.000000,Misericordia Community Hospital,334,0
2026-08-01 08:10:00.000000,Northeast Community Health Centre,247,0
2026-08-01 08:10:00.000000,Northern Lights Regional Health Centre,85,0
2026-08-01 08:10:00.000000,Okotoks Health and Wellness Centre,30,0
2026-08-01 08:10:00.000000,Peter Lougheed Centre,293,0
2026-08-01 08:10:00.000000,Red Deer Regional Hospital,99,0
2026-08-01 08:10:00.000000,Rockyview General Hospital,295,0
2026-08-01 08:10:00.000000,Royal Alexandra Hospital,273,0
2026-08-01 08:10:00.000000,Sheldon M. Chumir Centre,231,0
2026-08-01 08:10:00.000000,South Calgary Health Centre,30,0
2026-08-01 08:10:00.000000,South Health Campus,305,0
2026-08-01 08:10:00.000000,Stollery Children's Hospital,91,0
2026-08-01 08:10:00.000000,Strathcona Community Hospital,30,0
2026-08-01 08:10:00.000000,Sturgeon Community Hospital,143,0
2026-08-01 08:10:00.000000,University of Alberta Hospital,202,0
2026-08-01 08:10:00.000000,WestView Health Centre,142,0
2026-08-01 08:20:00.000000,Airdrie Community Health Centre,107,0
2026-08-01 08:20:00.000000,Alberta Children's Hospital,30,0
2026-08-01 08:20:00.000000,Chinook Regional Hospital,46,0
2026-08-01 08:20:00.000000,Cochrane Community Health Centre,30,0
2026-08-01 08:20:00.000000,Devon General Hospital,36,0
2026-08-01 08:20:00.000000,Foothills Medical Centre,423,0
2026-08-01 08:20:00.000000,Fort Sask Community Hospital,83,0
2026-08-01 08:20:00.000000,Grande Prairie Regional Hospital,30,0
2026-08-01 08:20:00.000000,Grey Nuns Community Hospital,97,0
2026-08-01 08:20:00.000000,Innisfail Health Centre,,1
2026-08-01 08:20:00.000000,Lacombe Hospital and Care Centre,,1
2026-08-01 08:20:00.000000,Leduc Community Hospital,58,0
2026-08-01 08:20:00.000000,Medicine Hat Regional Hospital,133,0
2026-08-01 08:20:00.000000,Misericordia Community Hospital,369,0
2026-08-01 08:20:00.000000,Northeast Community Health Centre,239,0
2026-08-01 08:20:00.000000,Northern Lights Regional Health Centre,98,0
2026-08-01 08:20:00.000000,Okotoks Health and Wellness Centre,30,0
2026-08-01 08:20:00.000000,Peter Lougheed Centre,282,0
2026-08-01 08:20:00.000000,Red Deer Regional Hospital,99,0
2026-08-01 08:20:00.000000,Rockyview General Hospital,280,0
2026-08-01 08:20:00.000000,Royal Alexandra Hospital,247,0
2026-08-01 08:20:00.000000,Sheldon M. Chumir Centre,238,0
2026-08-01 08:20:00.000000,South Calgary Health Centre,40,0
2026-08-01 08:20:00.000000,South Health Campus,289,0
2026-08-01 08:20:00.000000,Stollery Children's Hospital,72,0
2026-08-01 08:20:00.000000,Strathcona Community Hospital,46,0
2026-08-01 08:20:00.000000,Sturgeon Community Hospital,143,0
2026-08-01 08:20:00.000000,University of Alberta Hospital,204,0
2026-08-01 08:20:00.000000,WestView Health Centre,142,0
2026-08-01 08:30:00.000000,Airdrie Community Health Centre,60,0
2026-08-01 08:30:00.000000,Alberta Children's Hospital,30,0
2026-08-01 08:30:00.000000,Chinook Regional Hospital,30,0
2026-08-01 08:30:00.000000,Cochrane Community Health Centre,47,0
2026-08-01 08:30:00.000000,Devon General Hospital,30,0
2026-08-01 08:30:00.000000,Foothills Medical Centre,415,0
2026-08-01 08:30:00.000000,Fort Sask Community Hospital,55,0
2026-08-01 08:30:00.000000,Grande Prairie Regional Hospital,30,0
2026-08-01 08:30:00.000000,Grey Nuns Community Hospital,97,0
2026-08-01 08:30:00.000000,Innisfail Health Centre,,1
2026-08-01 08:30:00.000000,Lacombe Hospital and Care Centre,,1
2026-08-01 08:30:00.000000,Leduc Community Hospital,97,0
2026-08-01 08:30:00.000000,Medicine Hat Regional Hospital,106,0
2026-08-01 08:30:00.000000,Misericordia Community Hospital,395,0
2026-08-01 08:30:00.000000,Northeast Community Health Centre,266,0
2026-08-01 08:30:00.000000,Northern Lights Regional Health Centre,51,0
2026-08-01 08:30:00.000000,Okotoks Health and Wellness Centre,30,0
2026-08-01 08:30:00.000000,Peter Lougheed Centre,265,0
2026-08-01 08:30:00.000000,Red Deer Regional Hospital,138,0
2026-08-01 08:30:00.000000,Rockyview General Hospital,274,0
2026-08-01 08:30:00.000000,Royal Alexandra Hospital,260,0
2026-08-01 08:30:00.000000,Sheldon M. Chumir Centre,233,0
2026-08-01 08:30:00.000000,South Calgary Health Centre,86,0
2026-08-01 08:30:00.000000,South Health Campus,287,0
2026-08-01 08:30:00.000000,Stollery Children's Hospital,54,0
2026-08-01 08:30:00.000000,Strathcona Community Hospital,69,0
2026-08-01 08:30:00.000000,Sturgeon Community Hospital,153,0
2026-08-01 08:30:00.000000,University of Alberta Hospital,210,0
2026-08-01 08:30:00.000000,WestView Health Centre,213,0
2026-08-01 08:40:00.000000,Airdrie Community Health Centre,54,0
2026-08-01 08:40:00.000000,Alberta Children's Hospital,30,0
2026-08-01 08:40:00.000000,Chinook Regional Hospital,31,0
2026-08-01 08:40:00.000000,Cochrane Community Health Centre,57,0
2026-08-01 08:40:00.000000,Devon General Hospital,36,0
2026-08-01 08:40:00.000000,Foothills Medical Centre,399,0
2026-08-01 08:40:00.000000,Fort Sask Community Hospital,55,0
2026-08-01 08:40:00.000000,Grande Prairie Regional Hospital,30,0
2026-08-01 08:40:00.000000,Grey Nuns Community Hospital,97,0
2026-08-01 08:40:00.000000,Innisfail Health Centre,,1
2026-08-01 08:40:00.000000,Lacombe Hospital and Care Centre,,1
2026-08-01 08:40:00.000000,Leduc Community Hospital,116,0
2026-08-01 08:40:00.000000,Medicine Hat Regional Hospital,106,0
2026-08-01 08:40:00.000000,Misericordia Community Hospital,390,0
2026-08-01 08:40:00.000000,Northeast Community Health Centre,257,0
2026-08-01 08:40:00.000000,Northern Lights Regional Health Centre,68,0
2026-08-01 08:40:00.000000,Okotoks Health and Wellness Centre,44,0
2026-08-01 08:40:00.000000,Peter Lougheed Centre,269,0
2026-08-01 08:40:00.000000,Red Deer Regional Hospital,138,0
2026-08-01 08:40:00.000000,Rockyview General Hospital,265,0
2026-08-01 08:40:00.000000,Royal Alexandra Hospital,245,0
2026-08-01 08:40:00.000000,Sheldon M. Chumir Centre,229,0
2026-08-01 08:40:00.000000,South Calgary Health Centre,101,0
2026-08-01 08:40:00.000000,South Health Campus,271,0
2026-08-01 08:40:00.000000,Stollery Children's Hospital,91,0
2026-08-01 08:40:00.000000,Strathcona Community Hospital,65,0
2026-08-01 08:40:00.000000,Sturgeon Community Hospital,161,0
2026-08-01 08:40:00.000000,University of Alberta Hospital,212,0
2026-08-01 08:40:00.000000,WestView Health Centre,249,0
2026-08-01 08:50:00.000000,Airdrie Community Health Centre,47,0
2026-08-01 08:50:00.000000,Alberta Children's Hospital,30,0
2026-08-01 08:50:00.000000,Chinook Regional Hospital,30,0
2026-08-01 08:50:00.000000,Cochrane Community Health Centre,30,0
2026-08-01 08:50:00.000000,Devon General Hospital,73,0
2026-08-01 08:50:00.000000,Foothills Medical Centre,381,0
2026-08-01 08:50:00.000000,Fort Sask Community Hospital,83,0
2026-08-01 08:50:00.000000,Grande Prairie Regional Hospital,30,0
2026-08-01 08:50:00.000000,Grey Nuns Community Hospital,97,0
2026-08-01 08:50:00.000000,Innisfail Health Centre,,1
2026-08-01 08:50:00.000000,Lacombe Hospital and Care Centre,,1
2026-08-01 08:50:00.000000,Leduc Community Hospital,116,0
2026-08-01 08:50:00.000000,Medicine Hat Regional Hospital,120,0
2026-08-01 08:50:00.000000,Misericordia Community Hospital,383,0
2026-08-01 08:50:00.000000,Northeast Community Health Centre,244,0
2026-08-01 08:50:00.000000,Northern Lights Regional Health Centre,80,0
2026-08-01 08:50:00.000000,Okotoks Health and Wellness Centre,71,0
2026-08-01 08:50:00.000000,Peter Lougheed Centre,262,0
2026-08-01 08:50:00.000000,Red Deer Regional Hospital,138,0
2026-08-01 08:50:00.000000,Rockyview General Hospital,255,0
2026-08-01 08:50:00.000000,Royal Alexandra Hospital,246,0
2026-08-01 08:50:00.000000,Sheldon M. Chumir Centre,224,0
2026-08-01 08:50:00.000000,South Calgary Health Centre,110,0
2026-08-01 08:50:00.000000,South Health Campus,278,0
2026-08-01 08:50:00.000000,Stollery Children's Hospital,127,0
2026-08-01 08:50:00.000000,Strathcona Community Hospital,40,0
2026-08-01 08:50:00.000000,Sturgeon Community Hospital,143,0
2026-08-01 08:50:00.000000,University of Alberta Hospital,198,0
2026-08-01 08:50:00.000000,WestView Health Centre,249,0
2026-08-01 09:00:00.000000,Airdrie Community Health Centre,41,0
2026-08-01 09:00:00.000000,Alberta Children's Hospital,30,0
2026-08-01 09:00:00.000000,Chinook Regional Hospital,38,0
2026-08-01 09:00:00.000000,Cochrane Community Health Centre,32,0
2026-08-01 09:00:00.000000,Devon General Hospital,73,0
2026-08-01 09:00:00.000000,Foothills Medical Centre,364,0
2026-08-01 09:00:00.000000,Fort Sask Community Hospital,83,0
2026-08-01 09:00:00.000000,Grande Prairie Regional Hospital,30,0
2026-08-01 09:00:00.000000,Grey Nuns Community Hospital,97,0
2026-08-01 09:00:00.000000,Innisfail Health Centre,,1
2026-08-01 09:00:00.000000,Lacombe Hospital and Care Centre,,1
2026-08-01 09:00:00.000000,Leduc Community Hospital,116,0
2026-08-01 09:00:00.000000,Medicine Hat Regional Hospital,146,0
2026-08-01 09:00:00.000000,Misericordia Community Hospital,401,0
2026-08-01 09:00:00.000000,Northeast Community Health Centre,234,0
2026-08-01 09:00:00.000000,Northern Lights Regional Health Centre,86,0
2026-08-01 09:00:00.000000,Okotoks Health and Wellness Centre,79,0
2026-08-01 09:00:00.000000,Peter Lougheed Centre,256,0
2026-08-01 09:00:00.000000,Red Deer Regional Hospital,138,0
2026-08-01 09:00:00.000000,Rockyview General Hospital,240,0
2026-08-01 09:00:00.000000,Royal Alexandra Hospital,243,0
2026-08-01 09:00:00.000000,Sheldon M. Chumir Centre,199,0
2026-08-01 09:00:00.000000,South Calgary Health Centre,127,0
2026-08-01 09:00:00.000000,South Health Campus,269,0
2026-08-01 09:00:00.000000,Stollery Children's Hospital,109,0
2026-08-01 09:00:00.000000,Strathcona Community Hospital,30,0
2026-08-01 09:00:00.000000,Sturgeon Community Hospital,139,0
2026-08-01 09:00:00.000000,University of Alberta Hospital,206,0
2026-08-01 09:00:00.000000,WestView Health Centre,249,0
2026-08-01 09:10:00.000000,Airdrie Community Health Centre,30,0
2026-08-01 09:10:00.000000,Alberta Children's Hospital,35,0
2026-08-01 09:10:00.000000,Chinook Regional Hospital,37,0
2026-08-01 09:10:00.000000,Cochrane Community Health Centre,30,0
2026-08-01 09:10:00.000000,Devon General Hospital,73,0
2026-08-01 09:10:00.000000,Foothills Medical Centre,367,0
2026-08-01 09:10:00.000000,Fort Sask Community Hospital,139,0
2026-08-01 09:10:00.000000,Grande Prairie Regional Hospital,41,0
2026-08-01 09:10:00.000000,Grey Nuns Community Hospital,105,0
2026-08-01 09:10:00.000000,Innisfail Health Centre,,1
2026-08-01 09:10:00.000000,Lacombe Hospital and Care Centre,,1
2026-08-01 09:10:00.000000,Leduc Community Hospital,116,0
2026-08-01 09:10:00.000000,Medicine Hat Regional Hospital,173,0
2026-08-01 09:10:00.000000,Misericordia Community Hospital,394,0
2026-08-01 09:10:00.000000,Northeast Community Health Centre,249,0
2026-08-01 09:10:00.000000,Northern Lights Regional Health Centre,92,0
2026-08-01 09:10:00.000000,Okotoks Health and Wellness Centre,86,0
2026-08-01 09:10:00.000000,Peter Lougheed Centre,255,0
2026-08-01 09:10:00.000000,Red Deer Regional Hospital,138,0
2026-08-01 09:10:00.000000,Rockyview General Hospital,219,0
2026-08-01 09:10:00.000000,Royal Alexandra Hospital,227,0
2026-08-01 09:10:00.000000,Sheldon M. Chumir Centre,183,0
2026-08-01 09:10:00.000000,South Calgary Health Centre,127,0
2026-08-01 09:10:00.000000,South Health Campus,229,0
2026-08-01 09:10:00.000000,Stollery Children's Hospital,117,0
2026-08-01 09:10:00.000000,Strathcona Community Hospital,61,0
2026-08-01 09:10:00.000000,Sturgeon Community Hospital,145,0
2026-08-01 09:10:00.000000,University of Alberta Hospital,197,0
2026-08-01 09:10:00.000000,WestView Health Centre,249,0
2026-08-01 09:20:00.000000,Airdrie Community Health Centre,30,0
2026-08-01 09:20:00.000000,Alberta Children's Hospital,35,0
2026-08-01 09:20:00.000000,Chinook Regional Hospital,37,0
2026-08-01 09:20:00.000000,Cochrane Community Health Centre,30,0
2026-08-01 09:20:00.000000,Devon General Hospital,73,0
2026-08-01 09:20:00.000000,Foothills Medical Centre,361,0
2026-08-01 09:20:00.000000,Fort Sask Community Hospital,167,0
2026-08-01 09:20:00.000000,Grande Prairie Regional Hospital,46,0
2026-08-01 09:20:00.000000,Grey Nuns Community Hospital,105,0
2026-08-01 09:20:00.000000,Innisfail Health Centre,,1
2026-08-01 09:20:00.000000,Lacombe Hospital and Care Centre,,1
2026-08-01 09:20:00.000000,Leduc Community Hospital,116,0
2026-08-01 09:20:00.000000,Medicine Hat Regional Hospital,160,0
2026-08-01 09:20:00.000000,Misericordia Community Hospital,401,0
2026-08-01 09:20:00.000000,Northeast Community Health Centre,244,0
2026-08-01 09:20:00.000000,Northern Lights Regional Health Centre,81,0
2026-08-01 09:20:00.000000,Okotoks Health and Wellness Centre,72,0
2026-08-01 09:20:00.000000,Peter Lougheed Centre,251,0
2026-08-01 09:20:00.000000,Red Deer Regional Hospital,138,0
2026-08-01 09:20:00.000000,Rockyview General Hospital,218,0
2026-08-01 09:20:00.000000,Royal Alexandra Hospital,218,0
2026-08-01 09:20:00.000000,Sheldon M. Chumir Centre,179,0
2026-08-01 09:20:00.000000,South Calgary Health Centre,127,0
2026-08-01 09:20:00.000000,South Health Campus,232,0
2026-08-01 09:20:00.000000,Stollery Children's Hospital,112,0
2026-08-01 09:20:00.000000,Strathcona Community Hospital,77,0
2026-08-01 09:20:00.000000,Sturgeon Community Hospital,141,0
2026-08-01 09:20:00.000000,University of Alberta Hospital,179,0
2026-08-01 09:20:00.000000,WestView Health Centre,284,0
2026-08-01 09:30:00.000000,Airdrie Community Health Centre,30,0
2026-08-01 09:30:00.000000,Alberta Children's Hospital,35,0
2026-08-01 09:30:00.000000,Chinook Regional Hospital,37,0
2026-08-01 09:30:00.000000,Cochrane Community Health Centre,30,0
2026-08-01 09:30:00.000000,Devon General Hospital,73,0
2026-08-01 09:30:00.000000,Foothills Medical Centre,332,0
2026-08-01 09:30:00.000000,Fort Sask Community Hospital,167,0
2026-08-01 09:30:00.000000,Grande Prairie Regional Hospital,36,0
2026-08-01 09:30:00.000000,Grey Nuns Community Hospital,113,0
2026-08-01 09:30:00.000000,Innisfail Health Centre,,1
2026-08-01 09:30:00.000000,Lacombe Hospital and Care Centre,,1
2026-08-01 09:30:00.000000,Leduc Community Hospital,116,0
2026-08-01 09:30:00.000000,Medicine Hat Regional Hospital,160,0
2026-08-01 09:30:00.000000,Misericordia Community Hospital,383,0
2026-08-01 09:30:00.000000,Northeast Community Health Centre,261,0
2026-08-01 09:30:00.000000,Northern Lights Regional Health Centre,86,0
2026-08-01 09:30:00.000000,Okotoks Health and Wellness Centre,79,0
2026-08-01 09:30:00.000000,Peter Lougheed Centre,255,0
2026-08-01 09:30:00.000000,Red Deer Regional Hospital,138,0
2026-08-01 09:30:00.000000,Rockyview General Hospital,216,0
2026-08-01 09:30:00.000000,Royal Alexandra Hospital,208,0
2026-08-01 09:30:00.000000,Sheldon M. Chumir Centre,174,0
2026-08-01 09:30:00.000000,South Calgary Health Centre,135,0
2026-08-01 09:30:00.000000,South Health Campus,239,0
2026-08-01 09:30:00.000000,Stollery Children's Hospital,117,0
2026-08-01 09:30:00.000000,Strathcona Community Hospital,61,0
2026-08-01 09:30:00.000000,Sturgeon Community Hospital,123,0
2026-08-01 09:30:00.000000,University of Alberta Hospital,181,0
2026-08-01 09:30:00.000000,WestView Health Centre,278,0
2026-08-01 09:40:00.000000,Airdrie Community Health Centre,30,0
2026-08-01 09:40:00.000000,Alberta Children's Hospital,30,0
2026-08-01 09:40:00.000000,Chinook Regional Hospital,51,0
2026-08-01 09:40:00.000000,Cochrane Community Health Centre,30,0
2026-08-01 09:40:00.000000,Devon General Hospital,73,0
2026-08-01 09:40:00.000000,Foothills Medical Centre,337,0
2026-08-01 09:40:00.000000,Fort Sask Community Hospital,194,0
2026-08-01 09:40:00.000000,Grande Prairie Regional Hospital,30,0
2026-08-01 09:40:00.000000,Grey Nuns Community Hospital,121,0
2026-08-01 09:40:00.000000,Innisfail Health Centre,,1
2026-08-01 09:40:00.000000,Lacombe Hospital and Care Centre,,1
2026-08-01 09:40:00.000000,Leduc Community Hospital,116,0
2026-08-01 09:40:00.000000,Medicine Hat Regional Hospital,146,0
2026-08-01 09:40:00.000000,Misericordia Community Hospital,366,0
2026-08-01 09:40:00.000000,Northeast Community Health Centre,232,0
2026-08-01 09:40:00.000000,Northern Lights Regional Health Centre,109,0
2026-08-01 09:40:00.000000,Okotoks Health and Wellness Centre,75,0
2026-08-01 09:40:00.000000,Peter Lougheed Centre,246,0
2026-08-01 09:40:00.000000,Red Deer Regional Hospital,118,0
2026-08-01 09:40:00.000000,Rockyview General Hospital,224,0
2026-08-01 09:40:00.000000,Royal Alexandra Hospital,211,0
2026-08-01 09:40:00.000000,Sheldon M. Chumir Centre,138,0
2026-08-01 09:40:00.000000,South Calgary Health Centre,143,0
2026-08-01 09:40:00.000000,South Health Campus,218,0
2026-08-01 09:40:00.000000,Stollery Children's Hospital,112,0
2026-08-01 09:40:00.000000,Strathcona Community Hospital,77,0
2026-08-01 09:40:00.000000,Sturgeon Community Hospital,131,0
2026-08-01 09:40:00.000000,University of Alberta Hospital,173,0
2026-08-01 09:40:00.000000,WestView Health Centre,249,0
2026-08-01 09:50:00.000000,Airdrie Community Health Centre,30,0
2026-08-01 09:50:00.000000,Alberta Children's Hospital,30,0
2026-08-01 09:50:00.000000,Chinook Regional Hospital,62,0
2026-08-01 09:50:00.000000,Cochrane Community Health Centre,30,0
2026-08-01 09:50:00.000000,Devon General Hospital,109,0
2026-08-01 09:50:00.000000,Foothills Medical Centre,360,0
2026-08-01 09:50:00.000000,Fort Sask Community Hospital,250,0
2026-08-01 09:50:00.000000,Grande Prairie Regional Hospital,30,0
2026-08-01 09:50:00.000000,Grey Nuns Community Hospital,121,0
2026-08-01 09:50:00.000000,Innisfail Health Centre,,1
2026-08-01 09:50:00.000000,Lacombe Hospital and Care Centre,,1
2026-08-01 09:50:00.000000,Leduc Community Hospital,97,0
2026-08-01 09:50:00.000000,Medicine Hat Regional Hospital,160,0
2026-08-01 09:50:00.000000,Misericordia Community Hospital,325,0
2026-08-01 09:50:00.000000,Northeast Community Health Centre,225,0
2026-08-01 09:50:00.000000,Northern Lights Regional Health Centre,106,0
2026-08-01 09:50:00.000000,Okotoks Health and Wellness Centre,71,0
2026-08-01 09:50:00.000000,Peter Lougheed Centre,241,0
2026-08-01 09:50:00.000000,Red Deer Regional Hospital,99,0
2026-08-01 09:50:00.000000,Rockyview General Hospital,216,0
2026-08-01 09:50:00.000000,Royal Alexandra Hospital,200,0
2026-08-01 09:50:00.000000,Sheldon M. Chumir Centre,123,0
2026-08-01 09:50:00.000000,South Calgary Health Centre,152,0
2026-08-01 09:50:00.000000,South Health Campus,225,0
2026-08-01 09:50:00.000000,Stollery Children's Hospital,92,0
2026-08-01 09:50:00.000000,Strathcona Community Hospital,107,0
2026-08-01 09:50:00.000000,Sturgeon Community Hospital,125,0
2026-08-01 09:50:00.000000,University of Alberta Hospital,164,0
2026-08-01 09:50:00.000000,WestView Health Centre,242,0
2026-08-01 10:00:00.000000,Airdrie Community Health Centre,58,0
2026-08-01 10:00:00.000000,Alberta Children's Hospital,30,0
2026-08-01 10:00:00.000000,Chinook Regional Hospital,70,0
2026-08-01 10:00:00.000000,Cochrane Community Health Centre,41,0
2026-08-01 10:00:00.000000,Devon General Hospital,109,0
2026-08-01 10:00:00.000000,Foothills Medical Centre,354,0
2026-08-01 10:00:00.000000,Fort Sask Community Hospital,250,0
2026-08-01 10:00:00.000000,Grande Prairie Regional Hospital,30,0
2026-08-01 10:00:00.000000,Grey Nuns Community Hospital,137,0
2026-08-01 10:00:00.000000,Innisfail Health Centre,,1
2026-08-01 10:00:00.000000,Lacombe Hospital and Care Centre,,1
2026-08-01 10:00:00.000000,Leduc Community Hospital,97,0
2026-08-01 10:00:00.000000,Medicine Hat Regional Hospital,160,0
2026-08-01 10:00:00.000000,Misericordia Community Hospital,319,0
2026-08-01 10:00:00.000000,Northeast Community Health Centre,220,0
2026-08-01 10:00:00.000000,Northern Lights Regional Health Centre,104,0
2026-08-01 10:00:00.000000,Okotoks Health and Wellness Centre,57,0
2026-08-01 10:00:00.000000,Peter Lougheed Centre,237,0
2026-08-01 10:00:00.000000,Red Deer Regional Hospital,99,0
2026-08-01 10:00:00.000000,Rockyview General Hospital,224,0
2026-08-01 10:00:00.000000,Royal Alexandra Hospital,174,0
2026-08-01 10:00:00.000000,Sheldon M. Chumir Centre,129,0
2026-08-01 10:00:00.000000,South Calgary Health Centre,143,0
2026-08-01 10:00:00.000000,South Health Campus,211,0
2026-08-01 10:00:00.000000,Stollery Children's Hospital,87,0
2026-08-01 10:00:00.000000,Strathcona Community Hospital,123,0
2026-08-01 10:00:00.000000,Sturgeon Community Hospital,133,0
2026-08-01 10:00:00.000000,University of Alberta Hospital,163,0
2026-08-01 10:00:00.000000,WestView Health Centre,235,0
2026-08-01 10:10:00.000000,Airdrie Community Health Centre,58,0
2026-08-01 10:10:00.000000,Alberta Children's Hospital,30,0
2026-08-01 10:10:00.000000,Chinook Regional Hospital,67,0
2026-08-01 10:10:00.000000,Cochrane Community Health Centre,40,0
2026-08-01 10:10:00.000000,Devon General Hospital,73,0
2026-08-01 10:10:00.000000,Foothills Medical Centre,359,0
2026-08-01 10:10:00.000000,Fort Sask Community Hospital,278,0
2026-08-01 10:10:00.000000,Grande Prairie Regional Hospital,30,0
2026-08-01 10:10:00.000000,Grey Nuns Community Hospital,137,0
2026-08-01 10:10:00.000000,Innisfail Health Centre,,1
2026-08-01 10:10:00.000000,Lacombe Hospital and Care Centre,,1
2026-08-01 10:10:00.000000,Leduc Community Hospital,97,0
2026-08-01 10:10:00.000000,Medicine Hat Regional Hospital,173,0
2026-08-01 10:10:00.000000,Misericordia Community Hospital,300,0
2026-08-01 10:10:00.000000,Northeast Community Health Centre,212,0
2026-08-01 10:10:00.000000,Northern Lights Regional Health Centre,92,0
2026-08-01 10:10:00.000000,Okotoks Health and Wellness Centre,66,0
2026-08-01 10:10:00.000000,Peter Lougheed Centre,233,0
2026-08-01 10:10:00.000000,Red Deer Regional Hospital,79,0
2026-08-01 10:10:00.000000,Rockyview General Hospital,233,0
2026-08-01 10:10:00.000000,Royal Alexandra Hospital,182,0
2026-08-01 10:10:00.000000,Sheldon M. Chumir Centre,117,0
2026-08-01 10:10:00.000000,South Calgary Health Centre,152,0
2026-08-01 10:10:00.000000,South Health Campus,205,0
2026-08-01 10:10:00.000000,Stollery Children's Hospital,72,0
2026-08-01 10:10:00.000000,Strathcona Community Hospital,107,0
2026-08-01 10:10:00.000000,Sturgeon Community Hospital,131,0
2026-08-01 10:10:00.000000,University of Alberta Hospital,160,0
2026-08-01 10:10:00.000000,WestView Health Centre,225,0
2026-08-01 10:20:00.000000,Airdrie Community Health Centre,58,0
2026-08-01 10:20:00.000000,Alberta Children's Hospital,30,0
2026-08-01 10:20:00.000000,Chinook Regional Hospital,65,0
2026-08-01 10:20:00.000000,Cochrane Community Health Centre,40,0
2026-08-01 10:20:00.000000,Devon General Hospital,109,0
2026-08-01 10:20:00.000000,Foothills Medical Centre,346,0
2026-08-01 10:20:00.000000,Fort Sask Community Hospital,250,0
2026-08-01 10:20:00.000000,Grande Prairie Regional Hospital,30,0
2026-08-01 10:20:00.000000,Grey Nuns Community Hospital,137,0
2026-08-01 10:20:00.000000,Innisfail Health Centre,,1
2026-08-01 10:20:00.000000,Lacombe Hospital and Care Centre,,1
2026-08-01 10:20:00.000000,Leduc Community Hospital,97,0
2026-08-01 10:20:00.000000,Medicine Hat Regional Hospital,173,0
2026-08-01 10:20:00.000000,Misericordia Community Hospital,283,0
2026-08-01 10:20:00.000000,Northeast Community Health Centre,207,0
2026-08-01 10:20:00.000000,Northern Lights Regional Health Centre,89,0
2026-08-01 10:20:00.000000,Okotoks Health and Wellness Centre,66,0
2026-08-01 10:20:00.000000,Peter Lougheed Centre,211,0
2026-08-01 10:20:00.000000,Red Deer Regional Hospital,99,0
2026-08-01 10:20:00.000000,Rockyview General Hospital,230,0
2026-08-01 10:20:00.000000,Royal Alexandra Hospital,192,0
2026-08-01 10:20:00.000000,Sheldon M. Chumir Centre,127,0
2026-08-01 10:20:00.000000,South Calgary Health Centre,127,0
2026-08-01 10:20:00.000000,South Health Campus,222,0
2026-08-01 10:20:00.000000,Stollery Children's Hospital,36,0
2026-08-01 10:20:00.000000,Strathcona Community Hospital,106,0
2026-08-01 10:20:00.000000,Sturgeon Community Hospital,131,0
2026-08-01 10:20:00.000000,University of Alberta Hospital,146,0
2026-08-01 10:20:00.000000,WestView Health Centre,217,0
2026-08-01 10:30:00.000000,Airdrie Community Health Centre,53,0
2026-08-01 10:30:00.000000,Alberta Children's Hospital,30,0
2026-08-01 10:30:00.000000,Chinook Regional Hospital,62,0
2026-08-01 10:30:00.000000,Cochrane Community Health Centre,50,0
2026-08-01 10:30:00.000000,Devon General Hospital,146,0
2026-08-01 10:30:00.000000,Foothills Medical Centre,332,0
2026-08-01 10:30:00.000000,Fort Sask Community Hospital,278,0
2026-08-01 10:30:00.000000,Grande Prairie Regional Hospital,30,0
2026-08-01 10:30:00.000000,Grey Nuns Community Hospital,137,0
2026-08-01 10:30:00.000000,Innisfail Health Centre,,1
2026-08-01 10:30:00.000000,Lacombe Hospital and Care Centre,,1
2026-08-01 10:30:00.000000,Leduc Community Hospital,97,0
2026-08-01 10:30:00.000000,Medicine Hat Regional Hospital,173,0
2026-08-01 10:30:00.000000,Misericordia Community Hospital,302,0
2026-08-01 10:30:00.000000,Northeast Community Health Centre,190,0
2026-08-01 10:30:00.000000,Northern Lights Regional Health Centre,69,0
2026-08-01 10:30:00.000000,Okotoks Health and Wellness Centre,66,0
2026-08-01 10:30:00.000000,Peter Lougheed Centre,203,0
2026-08-01 10:30:00.000000,Red Deer Regional Hospital,118,0
2026-08-01 10:30:00.000000,Rockyview General Hospital,232,0
2026-08-01 10:30:00.000000,Royal Alexandra Hospital,191,0
2026-08-01 10:30:00.000000,Sheldon M. Chumir Centre,117,0
2026-08-01 10:30:00.000000,South Calgary Health Centre,135,0
2026-08-01 10:30:00.000000,South Health Campus,211,0
2026-08-01 10:30:00.000000,Stollery Children's Hospital,48,0
2026-08-01 10:30:00.000000,Strathcona Community Hospital,124,0
2026-08-01 10:30:00.000000,Sturgeon Community Hospital,131,0
2026-08-01 10:30:00.000000,University of Alberta Hospital,144,0
2026-08-01 10:30:00.000000,WestView Health Centre,209,0
2026-08-01 10:40:00.000000,Airdrie Community Health Centre,49,0
2026-08-01 10:40:00.000000,Alberta Children's Hospital,59,0
2026-08-01 10:40:00.000000,Chinook Regional Hospital,59,0
2026-08-01 10:40:00.000000,Cochrane Community Health Centre,50,0
2026-08-01 10:40:00.000000,Devon General Hospital,146,0
2026-08-01 10:40:00.000000,Foothills Medical Centre,328,0
2026-08-01 10:40:00.000000,Fort Sask Community Hospital,278,0
2026-08-01 10:40:00.000000,Grande Prairie Regional Hospital,36,0
2026-08-01 10:40:00.000000,Grey Nuns Community Hospital,161,0
2026-08-01 10:40:00.000000,Innisfail Health Centre,,1
2026-08-01 10:40:00.000000,Lacombe Hospital and Care Centre,,1
2026-08-01 10:40:00.000000,Leduc Community Hospital,116,0
2026-08-01 10:40:00.000000,Medicine Hat Regional Hospital,160,0
2026-08-01 10:40:00.000000,Misericordia Community Hospital,283,0
2026-08-01 10:40:00.000000,Northeast Community Health Centre,194,0
2026-08-01 10:40:00.000000,Northern Lights Regional Health Centre,74,0
2026-08-01 10:40:00.000000,Okotoks Health and Wellness Centre,44,0
2026-08-01 10:40:00.000000,Peter Lougheed Centre,199,0
2026-08-01 10:40:00.000000,Red Deer Regional Hospital,138,0
2026-08-01 10:40:00.000000,Rockyview General Hospital,234,0
2026-08-01 10:40:00.000000,Royal Alexandra Hospital,209,0
2026-08-01 10:40:00.000000,Sheldon M. Chumir Centre,106,0
2026-08-01 10:40:00.000000,South Calgary Health Centre,143,0
2026-08-01 10:40:00.000000,South Health Campus,212,0
2026-08-01 10:40:00.000000,Stollery Children's Hospital,60,0
2026-08-01 10:40:00.000000,Strathcona Community Hospital,128,0
2026-08-01 10:40:00.000000,Sturgeon Community Hospital,156,0
2026-08-01 10:40:00.000000,University of Alberta Hospital,141,0
2026-08-01 10:40:00.000000,WestView Health Centre,216,0
2026-08-01 10:50:00.000000,Airdrie Community Health Centre,58,0
2026-08-01 10:50:00.000000,Alberta Children's Hospital,71,0
2026-08-01 10:50:00.000000,Chinook Regional Hospital,57,0
2026-08-01 10:50:00.000000,Cochrane Community Health Centre,40,0
2026-08-01 10:50:00.000000,Devon General Hospital,109,0
2026-08-01 10:50:00.000000,Foothills Medical Centre,346,0
2026-08-01 10:50:00.000000,Fort Sask Community Hospital,250,0
2026-08-01 10:50:00.000000,Grande Prairie Regional Hospital,36,0
2026-08-01 10:50:00.000000,Grey Nuns Community Hospital,161,0
2026-08-01 10:50:00.000000,Innisfail Health Centre,,1
2026-08-01 10:50:00.000000,Lacombe Hospital and Care Centre,,1
2026-08-01 10:50:00.000000,Leduc Community Hospital,97,0
2026-08-01 10:50:00.000000,Medicine Hat Regional Hospital,173,0
2026-08-01 10:50:00.000000,Misericordia Community Hospital,290,0
2026-08-01 10:50:00.000000,Northeast Community Health Centre,190,0
2026-08-01 10:50:00.000000,Northern Lights Regional Health Centre,55,0
2026-08-01 10:50:00.000000,Okotoks Health and Wellness Centre,33,0
2026-08-01 10:50:00.000000,Peter Lougheed Centre,201,0
2026-08-01 10:50:00.000000,Red Deer Regional Hospital,138,0
2026-08-01 10:50:00.000000,Rockyview General Hospital,230,0
2026-08-01 10:50:00.000000,Royal Alexandra Hospital,175,0
2026-08-01 10:50:00.000000,Sheldon M. Chumir Centre,104,0
2026-08-01 10:50:00.000000,South Calgary Health Centre,152,0
2026-08-01 10:50:00.000000,South Health Campus,208,0
2026-08-01 10:50:00.000000,Stollery Children's Hospital,48,0
2026-08-01 10:50:00.000000,Strathcona Community Hospital,135,0
2026-08-01 10:50:00.000000,Sturgeon Community Hospital,162,0
2026-08-01 10:50:00.000000,University of Alberta Hospital,146,0
2026-08-01 10:50:00.000000,WestView Health Centre,226,0
2026-08-01 11:00:00.000000,Airdrie Community Health Centre,40,0
2026-08-01 11:00:00.000000,Alberta Children's Hospital,47,0
2026-08-01 11:00:00.000000,Chinook Regional Hospital,40,0
2026-08-01 11:00:00.000000,Cochrane Community Health Centre,30,0
2026-08-01 11:00:00.000000,Devon General Hospital,146,0
2026-08-01 11:00:00.000000,Foothills Medical Centre,311,0
2026-08-01 11:00:00.000000,Fort Sask Community Hospital,250,0
2026-08-01 11:00:00.000000,Grande Prairie Regional Hospital,36,0
2026-08-01 11:00:00.000000,Grey Nuns Community Hospital,170,0
2026-08-01 11:00:00.000000,Innisfail Health Centre,,1
2026-08-01 11:00:00.000000,Lacombe Hospital and Care Centre,,1
2026-08-01 11:00:00.000000,Leduc Community Hospital,97,0
2026-08-01 11:00:00.000000,Medicine Hat Regional Hospital,186,0
2026-08-01 11:00:00.000000,Misericordia Community Hospital,283,0
2026-08-01 11:00:00.000000,Northeast Community Health Centre,194,0
2026-08-01 11:00:00.000000,Northern Lights Regional Health Centre,60,0
2026-08-01 11:00:00.000000,Okotoks Health and Wellness Centre,33,0
2026-08-01 11:00:00.000000,Peter Lougheed Centre,193,0
2026-08-01 11:00:00.000000,Red Deer Regional Hospital,138,0
2026-08-01 11:00:00.000000,Rockyview General Hospital,226,0
2026-08-01 11:00:00.000000,Royal Alexandra Hospital,194,0
2026-08-01 11:00:00.000000,Sheldon M. Chumir Centre,93,0
2026-08-01 11:00:00.000000,South Calgary Health Centre,159,0
2026-08-01 11:00:00.000000,South Health Campus,196,0
2026-08-01 11:00:00.000000,Stollery Children's Hospital,48,0
2026-08-01 11:00:00.000000,Strathcona Community Hospital,140,0
2026-08-01 11:00:00.000000,Sturgeon Community Hospital,148,0
2026-08-01 11:00:00.000000,University of Alberta Hospital,137,0
2026-08-01 11:00:00.000000,WestView Health Centre,234,0
2026-08-01 11:10:00.000000,Airdrie Community Health Centre,64,0
2026-08-01 11:10:00.000000,Alberta Children's Hospital,91,0
2026-08-01 11:10:00.000000,Chinook Regional Hospital,44,0
2026-08-01 11:10:00.000000,Cochrane Community Health Centre,30,0
2026-08-01 11:10:00.000000,Devon General Hospital,146,0
2026-08-01 11:10:00.000000,Foothills Medical Centre,331,0
2026-08-01 11:10:00.000000,Fort Sask Community Hospital,222,0
2026-08-01 11:10:00.000000,Grande Prairie Regional Hospital,36,0
2026-08-01 11:10:00.000000,Grey Nuns Community Hospital,161,0
2026-08-01 11:10:00.000000,Innisfail Health Centre,,1
2026-08-01 11:10:00.000000,Lacombe Hospital and Care Centre,,1
2026-08-01 11:10:00.000000,Leduc Community Hospital,116,0
2026-08-01 11:10:00.000000,Medicine Hat Regional Hospital,186,0
2026-08-01 11:10:00.000000,Misericordia Community Hospital,302,0
2026-08-01 11:10:00.000000,Northeast Community Health Centre,193,0
2026-08-01 11:10:00.000000,Northern Lights Regional Health Centre,68,0
2026-08-01 11:10:00.000000,Okotoks Health and Wellness Centre,55,0
2026-08-01 11:10:00.000000,Peter Lougheed Centre,191,0
2026-08-01 11:10:00.000000,Red Deer Regional Hospital,138,0
2026-08-01 11:10:00.000000,Rockyview General Hospital,224,0
2026-08-01 11:10:00.000000,Royal Alexandra Hospital,201,0
2026-08-01 11:10:00.000000,Sheldon M. Chumir Centre,98,0
2026-08-01 11:10:00.000000,South Calgary Health Centre,160,0
2026-08-01 11:10:00.000000,South Health Campus Children[;]South Health Campus,55,
2026-08-01 11:10:00.000000,Stollery Children's Hospital,48,0
2026-08-01 11:10:00.000000,Strathcona Community Hospital,127,0
2026-08-01 11:10:00.000000,Sturgeon Community Hospital,154,0
2026-08-01 11:10:00.000000,University of Alberta Hospital,143,0
2026-08-01 11:10:00.000000,WestView Health Centre,209,0
2026-08-01 11:20:00.000000,Airdrie Community Health Centre,77,0
2026-08-01 11:20:00.000000,Alberta Children's Hospital,105,0
2026-08-01 11:20:00.000000,Chinook Regional Hospital,49,0
2026-08-01 11:20:00.000000,Cochrane Community Health Centre,30,0
2026-08-01 11:20:00.000000,Devon General Hospital,146,0
2026-08-01 11:20:00.000000,Foothills Medical Centre,346,0
2026-08-01 11:20:00.000000,Fort Sask Community Hospital,278,0
2026-08-01 11:20:00.000000,Grande Prairie Regional Hospital,43,0
2026-08-01 11:20:00.000000,Grey Nuns Community Hospital,170,0
2026-08-01 11:20:00.000000,Innisfail Health Centre,,1
2026-08-01 11:20:00.000000,Lacombe Hospital and Care Centre,,1
2026-08-01 11:20:00.000000,Leduc Community Hospital,155,0
2026-08-01 11:20:00.000000,Medicine Hat Regional Hospital,208,0
2026-08-01 11:20:00.000000,Misericordia Community Hospital,317,0
2026-08-01 11:20:00.000000,Northeast Community Health Centre,205,0
2026-08-01 11:20:00.000000,Northern Lights Regional Health Centre,68,0
2026-08-01 11:20:00.000000,Okotoks Health and Wellness Centre,66,0
2026-08-01 11:20:00.000000,Peter Lougheed Centre,185,0
2026-08-01 11:20:00.000000,Red Deer Regional Hospital,118,0
2026-08-01 11:20:00.000000,Rockyview General Hospital,230,0
2026-08-01 11:20:00.000000,Royal Alexandra Hospital,230,0
2026-08-01 11:20:00.000000,Sheldon M. Chumir Centre,102,0
2026-08-01 11:20:00.000000,South Calgary Health Centre,169,0
2026-08-01 11:20:00.000000,South Health Campus Children[;]South Health Campus,30,
2026-08-01 11:20:00.000000,Stollery Children's Hospital,48,0
2026-08-01 11:20:00.000000,Strathcona Community Hospital,127,0
2026-08-01 11:20:00.000000,Sturgeon Community Hospital,161,0
2026-08-01 11:20:00.000000,University of Alberta Hospital,130,0
2026-08-01 11:20:00.000000,WestView Health Centre,216,0
2026-08-01 11:30:00.000000,Airdrie Community Health Centre,77,0
2026-08-01 11:30:00.000000,Alberta Children's Hospital,119,0
2026-08-01 11:30:00.000000,Chinook Regional Hospital,54,0
2026-08-01 11:30:00.000000,Cochrane Community Health Centre,40,0
2026-08-01 11:30:00.000000,Devon General Hospital,146,0
2026-08-01 11:30:00.000000,Foothills Medical Centre,338,0
2026-08-01 11:30:00.000000,Fort Sask Community Hospital,278,0
2026-08-01 11:30:00.000000,Grande Prairie Regional Hospital,43,0
2026-08-01 11:30:00.000000,Grey Nuns Community Hospital,178,0
2026-08-01 11:30:00.000000,Innisfail Health Centre,,1
2026-08-01 11:30:00.000000,Lacombe Hospital and Care Centre,,1
2026-08-01 11:30:00.000000,Leduc Community Hospital,135,0
2026-08-01 11:30:00.000000,Medicine Hat Regional Hospital,186,0
2026-08-01 11:30:00.000000,Misericordia Community Hospital,317,0
2026-08-01 11:30:00.000000,Northeast Community Health Centre,205,0
2026-08-01 11:30:00.000000,Northern Lights Regional Health Centre,68,0
2026-08-01 11:30:00.000000,Okotoks Health and Wellness Centre,88,0
2026-08-01 11:30:00.000000,Peter Lougheed Centre,194,0
2026-08-01 11:30:00.000000,Red Deer Regional Hospital,146,0
2026-08-01 11:30:00.000000,Rockyview General Hospital,236,0
2026-08-01 11:30:00.000000,Royal Alexandra Hospital,230,0
2026-08-01 11:30:00.000000,Sheldon M. Chumir Centre,99,0
2026-08-01 11:30:00.000000,South Calgary Health Centre,167,0
2026-08-01 11:30:00.000000,South Health Campus Children[;]South Health Campus,30,
2026-08-01 11:30:00.000000,Stollery Children's Hospital,48,0
2026-08-01 11:30:00.000000,Strathcona Community Hospital,103,0
2026-08-01 11:30:00.000000,Sturgeon Community Hospital,161,0
2026-08-01 11:30:00.000000,University of Alberta Hospital,137,0
2026-08-01 11:30:00.000000,WestView Health Centre,208,0
2026-08-01 11:40:00.000000,Airdrie Community Health Centre,90,0
2026-08-01 11:40:00.000000,Alberta Children's Hospital,124,0
2026-08-01 11:40:00.000000,Chinook Regional Hospital,59,0
2026-08-01 11:40:00.000000,Cochrane Community Health Centre,70,0
2026-08-01 11:40:00.000000,Devon General Hospital,73,0
2026-08-01 11:40:00.000000,Foothills Medical Centre,352,0
2026-08-01 11:40:00.000000,Fort Sask Community Hospital,250,0
2026-08-01 11:40:00.000000,Grande Prairie Regional Hospital,57,0
2026-08-01 11:40:00.000000,Grey Nuns Community Hospital,194,0
2026-08-01 11:40:00.000000,Innisfail Health Centre,,1
2026-08-01 11:40:00.000000,Lacombe Hospital and Care Centre,,1
2026-08-01 11:40:00.000000,Leduc Community Hospital,146,0
2026-08-01 11:40:00.000000,Medicine Hat Regional Hospital,193,0
2026-08-01 11:40:00.000000,Misericordia Community Hospital,335,0
2026-08-01 11:40:00.000000,Northeast Community Health Centre,193,0
2026-08-01 11:40:00.000000,Northern Lights Regional Health Centre,85,0
2026-08-01 11:40:00.000000,Okotoks Health and Wellness Centre,88,0
2026-08-01 11:40:00.000000,Peter Lougheed Centre,203,0
2026-08-01 11:40:00.000000,Red Deer Regional Hospital,142,0
2026-08-01 11:40:00.000000,Rockyview General Hospital,260,0
2026-08-01 11:40:00.000000,Royal Alexandra Hospital,209,0
2026-08-01 11:40:00.000000,Sheldon M. Chumir Centre,95,0
2026-08-01 11:40:00.000000,South Calgary Health Centre,157,0
2026-08-01 11:40:00.000000,South Health Campus Children[;]South Health Campus,30,
2026-08-01 11:40:00.000000,Stollery Children's Hospital,72,0
2026-08-01 11:40:00.000000,Strathcona Community Hospital,103,0
2026-08-01 11:40:00.000000,Sturgeon Community Hospital,185,0
2026-08-01 11:40:00.000000,University of Alberta Hospital,143,0
2026-08-01 11:40:00.000000,WestView Health Centre,234,0
2026-08-01 11:50:00.000000,Airdrie Community Health Centre,103,0
2026-08-01 11:50:00.000000,Alberta Children's Hospital,147,0
2026-08-01 11:50:00.000000,Chinook Regional Hospital,69,0
2026-08-01 11:50:00.000000,Cochrane Community Health Centre,70,0
2026-08-01 11:50:00.000000,Devon General Hospital,73,0
2026-08-01 11:50:00.000000,Foothills Medical Centre,369,0
2026-08-01 11:50:00.000000,Fort Sask Community Hospital,250,0
2026-08-01 11:50:00.000000,Grande Prairie Regional Hospital,64,0
2026-08-01 11:50:00.000000,Grey Nuns Community Hospital,186,0
2026-08-01 11:50:00.000000,Innisfail Health Centre,,1
2026-08-01 11:50:00.000000,Lacombe Hospital and Care Centre,,1
2026-08-01 11:50:00.000000,Leduc Community Hospital,152,0
2026-08-01 11:50:00.000000,Medicine Hat Regional Hospital,191,0
2026-08-01 11:50:00.000000,Misericordia Community Hospital,300,0
2026-08-01 11:50:00.000000,Northeast Community Health Centre,181,0
2026-08-01 11:50:00.000000,Northern Lights Regional Health Centre,85,0
2026-08-01 11:50:00.000000,Okotoks Health and Wellness Centre,99,0
2026-08-01 11:50:00.000000,Peter Lougheed Centre,191,0
2026-08-01 11:50:00.000000,Red Deer Regional Hospital,138,0
2026-08-01 11:50:00.000000,Rockyview General Hospital,248,0
2026-08-01 11:50:00.000000,Royal Alexandra Hospital,201,0
2026-08-01 11:50:00.000000,Sheldon M. Chumir Centre,76,0
2026-08-01 11:50:00.000000,South Calgary Health Centre,154,0
2026-08-01 11:50:00.000000,South Health Campus Children[;]South Health Campus,30,
2026-08-01 11:50:00.000000,Stollery Children's Hospital,84,0
2026-08-01 11:50:00.000000,Strathcona Community Hospital,115,0
2026-08-01 11:50:00.000000,Sturgeon Community Hospital,197,0
2026-08-01 11:50:00.000000,University of Alberta Hospital,149,0
2026-08-01 11:50:00.000000,WestView Health Centre,191,0
2026-08-01 12:00:00.000000,Airdrie Community Health Centre,116,0
2026-08-01 12:00:00.000000,Alberta Children's Hospital,134,0
2026-08-01 12:00:00.000000,Chinook Regional Hospital,78,0
2026-08-01 12:00:00.000000,Cochrane Community Health Centre,50,0
2026-08-01 12:00:00.000000,Devon General Hospital,36,0
2026-08-01 12:00:00.000000,Foothills Medical Centre,352,0
2026-08-01 12:00:00.000000,Fort Sask Community Hospital,250,0
2026-08-01 12:00:00.000000,Grande Prairie Regional Hospital,43,0
2026-08-01 12:00:00.000000,Grey Nuns Community Hospital,178,0
2026-08-01 12:00:00.000000,Innisfail Health Centre,,1
2026-08-01 12:00:00.000000,Lacombe Hospital and Care Centre,,1
2026-08-01 12:00:00.000000,Leduc Community Hospital,146,0
2026-08-01 12:00:00.000000,Medicine Hat Regional Hospital,169,0
2026-08-01 12:00:00.000000,Misericordia Community Hospital,335,0
2026-08-01 12:00:00.000000,Northeast Community Health Centre,181,0
2026-08-01 12:00:00.000000,Northern Lights Regional Health Centre,59,0
2026-08-01 12:00:00.000000,Okotoks Health and Wellness Centre,88,0
2026-08-01 12:00:00.000000,Peter Lougheed Centre,207,0
2026-08-01 12:00:00.000000,Red Deer Regional Hospital,146,0
2026-08-01 12:00:00.000000,Rockyview General Hospital,242,0
2026-08-01 12:00:00.000000,Royal Alexandra Hospital,201,0
2026-08-01 12:00:00.000000,Sheldon M. Chumir Centre,65,0
2026-08-01 12:00:00.000000,South Calgary Health Centre,150,0
2026-08-01 12:00:00.000000,South Health Campus Children[;]South Health Campus,30,
2026-08-01 12:00:00.000000,Stollery Children's Hospital,133,0
2026-08-01 12:00:00.000000,Strathcona Community Hospital,103,0
2026-08-01 12:00:00.000000,Sturgeon Community Hospital,173,0
2026-08-01 12:00:00.000000,University of Alberta Hospital,162,0
2026-08-01 12:00:00.000000,WestView Health Centre,145,0
2026-08-01 12:10:00.000000,Airdrie Community Health Centre,90,0
2026-08-01 12:10:00.000000,Alberta Children's Hospital,150,0
2026-08-01 12:10:00.000000,Chinook Regional Hospital,74,0
2026-08-01 12:10:00.000000,Cochrane Community Health Centre,40,0
2026-08-01 12:10:00.000000,Devon General Hospital,73,0
2026-08-01 12:10:00.000000,Foothills Medical Centre,333,0
2026-08-01 12:10:00.000000,Fort Sask Community Hospital,250,0
2026-08-01 12:10:00.000000,Grande Prairie Regional Hospital,43,0
2026-08-01 12:10:00.000000,Grey Nuns Community Hospital,170,0
2026-08-01 12:10:00.000000,Innisfail Health Centre,,1
2026-08-01 12:10:00.000000,Lacombe Hospital and Care Centre,,1
2026-08-01 12:10:00.000000,Leduc Community Hospital,152,0
2026-08-01 12:10:00.000000,Medicine Hat Regional Hospital,176,0
2026-08-01 12:10:00.000000,Misericordia Community Hospital,303,0
2026-08-01 12:10:00.000000,Northeast Community Health Centre,168,0
2026-08-01 12:10:00.000000,Northern Lights Regional Health Centre,59,0
2026-08-01 12:10:00.000000,Okotoks Health and Wellness Centre,77,0
2026-08-01 12:10:00.000000,Peter Lougheed Centre,207,0
2026-08-01 12:10:00.000000,Red Deer Regional Hospital,156,0
2026-08-01 12:10:00.000000,Rockyview General Hospital,251,0
2026-08-01 12:10:00.000000,Royal Alexandra Hospital,188,0
2026-08-01 12:10:00.000000,Sheldon M. Chumir Centre,55,0
2026-08-01 12:10:00.000000,South Calgary Health Centre,149,0
2026-08-01 12:10:00.000000,South Health Campus Children[;]South Health Campus,55,
2026-08-01 12:10:00.000000,Stollery Children's Hospital,133,0
2026-08-01 12:10:00.000000,Strathcona Community Hospital,142,0
2026-08-01 12:10:00.000000,Sturgeon Community Hospital,191,0
2026-08-01 12:10:00.000000,University of Alberta Hospital,162,0
2026-08-01 12:10:00.000000,WestView Health Centre,142,0
2026-08-01 12:20:00.000000,Airdrie Community Health Centre,64,0
2026-08-01 12:20:00.000000,Alberta Children's Hospital,161,0
2026-08-01 12:20:00.000000,Chinook Regional Hospital,69,0
2026-08-01 12:20:00.000000,Cochrane Community Health Centre,40,0
2026-08-01 12:20:00.000000,Devon General Hospital,73,0
2026-08-01 12:20:00.000000,Foothills Medical Centre,339,0
2026-08-01 12:20:00.000000,Fort Sask Community Hospital,250,0
2026-08-01 12:20:00.000000,Grande Prairie Regional Hospital,57,0
2026-08-01 12:20:00.000000,Grey Nuns Community Hospital,178,0
2026-08-01 12:20:00.000000,Innisfail Health Centre,,1
2026-08-01 12:20:00.000000,Lacombe Hospital and Care Centre,,1
2026-08-01 12:20:00.000000,Leduc Community Hospital,137,0
2026-08-01 12:20:00.000000,Medicine Hat Regional Hospital,181,0
2026-08-01 12:20:00.000000,Misericordia Community Hospital,314,0
2026-08-01 12:20:00.000000,Northeast Community Health Centre,156,0
2026-08-01 12:20:00.000000,Northern Lights Regional Health Centre,76,0
2026-08-01 12:20:00.000000,Okotoks Health and Wellness Centre,66,0
2026-08-01 12:20:00.000000,Peter Lougheed Centre,226,0
2026-08-01 12:20:00.000000,Red Deer Regional Hospital,150,0
2026-08-01 12:20:00.000000,Rockyview General Hospital,242,0
2026-08-01 12:20:00.000000,Royal Alexandra Hospital,191,0
2026-08-01 12:20:00.000000,Sheldon M. Chumir Centre,71,0
2026-08-01 12:20:00.000000,South Calgary Health Centre,140,0
2026-08-01 12:20:00.000000,South Health Campus Children[;]South Health Campus,30,
2026-08-01 12:20:00.000000,Stollery Children's Hospital,157,0
2026-08-01 12:20:00.000000,Strathcona Community Hospital,182,0
2026-08-01 12:20:00.000000,Sturgeon Community Hospital,200,0
2026-08-01 12:20:00.000000,University of Alberta Hospital,171,0
2026-08-01 12:20:00.000000,WestView Health Centre,124,0
2026-08-01 12:30:00.000000,Airdrie Community Health Centre,64,0
2026-08-01 12:30:00.000000,Alberta Children's Hospital,154,0
2026-08-01 12:30:00.000000,Chinook Regional Hospital,83,0
2026-08-01 12:30:00.000000,Cochrane Community Health Centre,40,0
2026-08-01 12:30:00.000000,Devon General Hospital,109,0
2026-08-01 12:30:00.000000,Foothills Medical Centre,336,0
2026-08-01 12:30:00.000000,Fort Sask Community Hospital,222,0
2026-08-01 12:30:00.000000,Grande Prairie Regional Hospital,64,0
2026-08-01 12:30:00.000000,Grey Nuns Community Hospital,178,0
2026-08-01 12:30:00.000000,Innisfail Health Centre,,1
2026-08-01 12:30:00.000000,Lacombe Hospital and Care Centre,,1
2026-08-01 12:30:00.000000,Leduc Community Hospital,113,0
2026-08-01 12:30:00.000000,Medicine Hat Regional Hospital,170,0
2026-08-01 12:30:00.000000,Misericordia Community Hospital,321,0
2026-08-01 12:30:00.000000,Northeast Community Health Centre,168,0
2026-08-01 12:30:00.000000,Northern Lights Regional Health Centre,76,0
2026-08-01 12:30:00.000000,Okotoks Health and Wellness Centre,66,0
2026-08-01 12:30:00.000000,Peter Lougheed Centre,217,0
2026-08-01 12:30:00.000000,Red Deer Regional Hospital,147,0
2026-08-01 12:30:00.000000,Rockyview General Hospital,229,0
2026-08-01 12:30:00.000000,Royal Alexandra Hospital,193,0
2026-08-01 12:30:00.000000,Sheldon M. Chumir Centre,71,0
2026-08-01 12:30:00.000000,South Calgary Health Centre,140,0
2026-08-01 12:30:00.000000,South Health Campus Children[;]South Health Campus,30,
2026-08-01 12:30:00.000000,Stollery Children's Hospital,133,0
2026-08-01 12:30:00.000000,Strathcona Community Hospital,173,0
2026-08-01 12:30:00.000000,Sturgeon Community Hospital,209,0
2026-08-01 12:30:00.000000,University of Alberta Hospital,173,0
2026-08-01 12:30:00.000000,WestView Health Centre,124,0
2026-08-01 12:40:00.000000,Airdrie Community Health Centre,51,0
2026-08-01 12:40:00.000000,Alberta Children's Hospital,159,0
2026-08-01 12:40:00.000000,Chinook Regional Hospital,87,0
2026-08-01 12:40:00.000000,Cochrane Community Health Centre,60,0
2026-08-01 12:40:00.000000,Devon General Hospital,183,0
2026-08-01 12:40:00.000000,Foothills Medical Centre,333,0
2026-08-01 12:40:00.000000,Fort Sask Community Hospital,194,0
2026-08-01 12:40:00.000000,Grande Prairie Regional Hospital,79,0
2026-08-01 12:40:00.000000,Grey Nuns Community Hospital,194,0
2026-08-01 12:40:00.000000,Innisfail Health Centre,,1
2026-08-01 12:40:00.000000,Lacombe Hospital and Care Centre,,1
2026-08-01 12:40:00.000000,Leduc Community Hospital,127,0
2026-08-01 12:40:00.000000,Medicine Hat Regional Hospital,158,0
2026-08-01 12:40:00.000000,Misericordia Community Hospital,310,0
2026-08-01 12:40:00.000000,Northeast Community Health Centre,168,0
2026-08-01 12:40:00.000000,Northern Lights Regional Health Centre,68,0
2026-08-01 12:40:00.000000,Okotoks Health and Wellness Centre,55,0
2026-08-01 12:40:00.000000,Peter Lougheed Centre,230,0
2026-08-01 12:40:00.000000,Red Deer Regional Hospital,142,0
2026-08-01 12:40:00.000000,Rockyview General Hospital,225,0
2026-08-01 12:40:00.000000,Royal Alexandra Hospital,195,0
2026-08-01 12:40:00.000000,Sheldon M. Chumir Centre,71,0
2026-08-01 12:40:00.000000,South Calgary Health Centre,140,0
2026-08-01 12:40:00.000000,South Health Campus Children[;]South Health Campus,30,
2026-08-01 12:40:00.000000,Stollery Children's Hospital,157,0
2026-08-01 12:40:00.000000,Strathcona Community Hospital,197,0
2026-08-01 12:40:00.000000,Sturgeon Community Hospital,221,0
2026-08-01 12:40:00.000000,University of Alberta Hospital,195,0
2026-08-01 12:40:00.000000,WestView Health Centre,124,0
2026-08-01 12:50:00.000000,Airdrie Community Health Centre,64,0
2026-08-01 12:50:00.000000,Alberta Children's Hospital,152,0
2026-08-01 12:50:00.000000,Chinook Regional Hospital,98,0
2026-08-01 12:50:00.000000,Cochrane Community Health Centre,70,0
2026-08-01 12:50:00.000000,Devon General Hospital,183,0
2026-08-01 12:50:00.000000,Foothills Medical Centre,353,0
2026-08-01 12:50:00.000000,Fort Sask Community Hospital,194,0
2026-08-01 12:50:00.000000,Grande Prairie Regional Hospital,57,0
2026-08-01 12:50:00.000000,Grey Nuns Community Hospital,186,0
2026-08-01 12:50:00.000000,Innisfail Health Centre,,1
2026-08-01 12:50:00.000000,Lacombe Hospital and Care Centre,,1
2026-08-01 12:50:00.000000,Leduc Community Hospital,123,0
2026-08-01 12:50:00.000000,Medicine Hat Regional Hospital,155,0
2026-08-01 12:50:00.000000,Misericordia Community Hospital,322,0
2026-08-01 12:50:00.000000,Northeast Community Health Centre,168,0
2026-08-01 12:50:00.000000,Northern Lights Regional Health Centre,51,0
2026-08-01 12:50:00.000000,Okotoks Health and Wellness Centre,66,0
2026-08-01 12:50:00.000000,Peter Lougheed Centre,237,0
2026-08-01 12:50:00.000000,Red Deer Regional Hospital,138,0
2026-08-01 12:50:00.000000,Rockyview General Hospital,237,0
2026-08-01 12:50:00.000000,Royal Alexandra Hospital,207,0
2026-08-01 12:50:00.000000,Sheldon M. Chumir Centre,79,0
2026-08-01 12:50:00.000000,South Calgary Health Centre,140,0
2026-08-01 12:50:00.000000,South Health Campus Children[;]South Health Campus,30,
2026-08-01 12:50:00.000000,Stollery Children's Hospital,182,0
2026-08-01 12:50:00.000000,Strathcona Community Hospital,219,0
2026-08-01 12:50:00.000000,Sturgeon Community Hospital,201,0
2026-08-01 12:50:00.000000,University of Alberta Hospital,191,0
2026-08-01 12:50:00.000000,WestView Health Centre,124,0
2026-08-01 13:00:00.000000,Airdrie Community Health Centre,51,0
2026-08-01 13:00:00.000000,Alberta Children's Hospital,145,0
2026-08-01 13:00:00.000000,Chinook Regional Hospital,98,0
2026-08-01 13:00:00.000000,Cochrane Community Health Centre,70,0
2026-08-01 13:00:00.000000,Devon General Hospital,146,0
2026-08-01 13:00:00.000000,Foothills Medical Centre,357,0
2026-08-01 13:00:00.000000,Fort Sask Community Hospital,194,0
2026-08-01 13:00:00.000000,Grande Prairie Regional Hospital,50,0
2026-08-01 13:00:00.000000,Grey Nuns Community Hospital,202,0
2026-08-01 13:00:00.000000,Innisfail Health Centre,,1
2026-08-01 13:00:00.000000,Lacombe Hospital and Care Centre,,1
2026-08-01 13:00:00.000000,Leduc Community Hospital,119,0
2026-08-01 13:00:00.000000,Medicine Hat Regional Hospital,173,0
2026-08-01 13:00:00.000000,Misericordia Community Hospital,333,0
2026-08-01 13:00:00.000000,Northeast Community Health Centre,168,0
2026-08-01 13:00:00.000000,Northern Lights Regional Health Centre,42,0
2026-08-01 13:00:00.000000,Okotoks Health and Wellness Centre,77,0
2026-08-01 13:00:00.000000,Peter Lougheed Centre,245,0
2026-08-01 13:00:00.000000,Red Deer Regional Hospital,134,0
2026-08-01 13:00:00.000000,Rockyview General Hospital,229,0
2026-08-01 13:00:00.000000,Royal Alexandra Hospital,218,0
2026-08-01 13:00:00.000000,Sheldon M. Chumir Centre,87,0
2026-08-01 13:00:00.000000,South Calgary Health Centre,157,0
2026-08-01 13:00:00.000000,South Health Campus Children[;]South Health Campus,30,
2026-08-01 13:00:00.000000,Stollery Children's Hospital,169,0
2026-08-01 13:00:00.000000,Strathcona Community Hospital,226,0
2026-08-01 13:00:00.000000,Sturgeon Community Hospital,206,0
2026-08-01 13:00:00.000000,University of Alberta Hospital,203,0
2026-08-01 13:00:00.000000,WestView Health Centre,142,0
2026-08-01 13:10:00.000000,Airdrie Community Health Centre,85,0
2026-08-01 13:10:00.000000,Alberta Children's Hospital,150,0
2026-08-01 13:10:00.000000,Chinook Regional Hospital,113,0
2026-08-01 13:10:00.000000,Cochrane Community Health Centre,80,0
2026-08-01 13:10:00.000000,Devon General Hospital,219,0
2026-08-01 13:10:00.000000,Foothills Medical Centre,336,0
2026-08-01 13:10:00.000000,Fort Sask Community Hospital,194,0
2026-08-01 13:10:00.000000,Grande Prairie Regional Hospital,50,0
2026-08-01 13:10:00.000000,Grey Nuns Community Hospital,178,0
2026-08-01 13:10:00.000000,Innisfail Health Centre,,1
2026-08-01 13:10:00.000000,Lacombe Hospital and Care Centre,,1
2026-08-01 13:10:00.000000,Leduc Community Hospital,104,0
2026-08-01 13:10:00.000000,Medicine Hat Regional Hospital,187,0
2026-08-01 13:10:00.000000,Misericordia Community Hospital,333,0
2026-08-01 13:10:00.000000,Northeast Community Health Centre,156,0
2026-08-01 13:10:00.000000,Northern Lights Regional Health Centre,34,0
2026-08-01 13:10:00.000000,Okotoks Health and Wellness Centre,77,0
2026-08-01 13:10:00.000000,Peter Lougheed Centre,207,0
2026-08-01 13:10:00.000000,Red Deer Regional Hospital,132,0
2026-08-01 13:10:00.000000,Rockyview General Hospital,232,0
2026-08-01 13:10:00.000000,Royal Alexandra Hospital,218,0
2026-08-01 13:10:00.000000,Sheldon M. Chumir Centre,127,0
2026-08-01 13:10:00.000000,South Calgary Health Centre,161,0
2026-08-01 13:10:00.000000,South Health Campus Children[;]South Health Campus,30,
2026-08-01 13:10:00.000000,Stollery Children's Hospital,157,0
2026-08-01 13:10:00.000000,Strathcona Community Hospital,231,0
2026-08-01 13:10:00.000000,Sturgeon Community Hospital,221,0
2026-08-01 13:10:00.000000,University of Alberta Hospital,217,0
2026-08-01 13:10:00.000000,WestView Health Centre,124,0
2026-08-01 13:20:00.000000,Airdrie Community Health Centre,91,0
2026-08-01 13:20:00.000000,Alberta Children's Hospital,132,0
2026-08-01 13:20:00.000000,Chinook Regional Hospital,98,0
2026-08-01 13:20:00.000000,Cochrane Community Health Centre,80,0
2026-08-01 13:20:00.000000,Devon General Hospital,256,0
2026-08-01 13:20:00.000000,Foothills Medical Centre,330,0
2026-08-01 13:20:00.000000,Fort Sask Community Hospital,250,0
2026-08-01 13:20:00.000000,Grande Prairie Regional Hospital,43,0
2026-08-01 13:20:00.000000,Grey Nuns Community Hospital,186,0
2026-08-01 13:20:00.000000,Innisfail Health Centre,,1
2026-08-01 13:20:00.000000,Lacombe Hospital and Care Centre,,1
2026-08-01 13:20:00.000000,Leduc Community Hospital,98,0
2026-08-01 13:20:00.000000,Medicine Hat Regional Hospital,214,0
2026-08-01 13:20:00.000000,Misericordia Community Hospital,350,0
2026-08-01 13:20:00.000000,Northeast Community Health Centre,181,0
2026-08-01 13:20:00.000000,Northern Lights Regional Health Centre,42,0
2026-08-01 13:20:00.000000,Okotoks Health and Wellness Centre,66,0
2026-08-01 13:20:00.000000,Peter Lougheed Centre,221,0
2026-08-01 13:20:00.000000,Red Deer Regional Hospital,118,0
2026-08-01 13:20:00.000000,Rockyview General Hospital,235,0
2026-08-01 13:20:00.000000,Royal Alexandra Hospital,212,0
2026-08-01 13:20:00.000000,Sheldon M. Chumir Centre,119,0
2026-08-01 13:20:00.000000,South Calgary Health Centre,154,0
2026-08-01 13:20:00.000000,South Health Campus Children[;]South Health Campus,30,
2026-08-01 13:20:00.000000,Stollery Children's Hospital,157,0
2026-08-01 13:20:00.000000,Strathcona Community Hospital,277,0
2026-08-01 13:20:00.000000,Sturgeon Community Hospital,221,0
2026-08-01 13:20:00.000000,University of Alberta Hospital,223,0
2026-08-01 13:20:00.000000,WestView Health Centre,154,0
2026-08-01 13:30:00.000000,Airdrie Community Health Centre,79,0
2026-08-01 13:30:00.000000,Alberta Children's Hospital,101,0
2026-08-01 13:30:00.000000,Chinook Regional Hospital,108,0
2026-08-01 13:30:00.000000,Cochrane Community Health Centre,70,0
2026-08-01 13:30:00.000000,Devon General Hospital,256,0
2026-08-01 13:30:00.000000,Foothills Medical Centre,341,0
2026-08-01 13:30:00.000000,Fort Sask Community Hospital,250,0
2026-08-01 13:30:00.000000,Grande Prairie Regional Hospital,43,0
2026-08-01 13:30:00.000000,Grey Nuns Community Hospital,178,0
2026-08-01 13:30:00.000000,Innisfail Health Centre,,1
2026-08-01 13:30:00.000000,Lacombe Hospital and Care Centre,,1
2026-08-01 13:30:00.000000,Leduc Community Hospital,94,0
2026-08-01 13:30:00.000000,Medicine Hat Regional Hospital,214,0
2026-08-01 13:30:00.000000,Misericordia Community Hospital,410,0
2026-08-01 13:30:00.000000,Northeast Community Health Centre,181,0
2026-08-01 13:30:00.000000,Northern Lights Regional Health Centre,34,0
2026-08-01 13:30:00.000000,Okotoks Health and Wellness Centre,77,0
2026-08-01 13:30:00.000000,Peter Lougheed Centre,222,0
2026-08-01 13:30:00.000000,Red Deer Regional Hospital,105,0
2026-08-01 13:30:00.000000,Rockyview General Hospital,238,0
2026-08-01 13:30:00.000000,Royal Alexandra Hospital,195,0
2026-08-01 13:30:00.000000,Sheldon M. Chumir Centre,111,0
2026-08-01 13:30:00.000000,South Calgary Health Centre,169,0
2026-08-01 13:30:00.000000,South Health Campus Children[;]South Health Campus,30,
2026-08-01 13:30:00.000000,Stollery Children's Hospital,157,0
2026-08-01 13:30:00.000000,Strathcona Community Hospital,277,0
2026-08-01 13:30:00.000000,Sturgeon Community Hospital,221,0
2026-08-01 13:30:00.000000,University of Alberta Hospital,192,0
2026-08-01 13:30:00.000000,WestView Health Centre,206,0
2026-08-01 13:40:00.000000,Airdrie Community Health Centre,75,0
2026-08-01 13:40:00.000000,Alberta Children's Hospital,95,0
2026-08-01 13:40:00.000000,Chinook Regional Hospital,123,0
2026-08-01 13:40:00.000000,Cochrane Community Health Centre,90,0
2026-08-01 13:40:00.000000,Devon General Hospital,256,0
2026-08-01 13:40:00.000000,Foothills Medical Centre,335,0
2026-08-01 13:40:00.000000,Fort Sask Community Hospital,250,0
2026-08-01 13:40:00.000000,Grande Prairie Regional Hospital,50,0
2026-08-01 13:40:00.000000,Grey Nuns Community Hospital,161,0
2026-08-01 13:40:00.000000,Innisfail Health Centre,,1
2026-08-01 13:40:00.000000,Lacombe Hospital and Care Centre,,1
2026-08-01 13:40:00.000000,Leduc Community Hospital,117,0
2026-08-01 13:40:00.000000,Medicine Hat Regional Hospital,254,0
2026-08-01 13:40:00.000000,Misericordia Community Hospital,385,0
2026-08-01 13:40:00.000000,Northeast Community Health Centre,205,0
2026-08-01 13:40:00.000000,Northern Lights Regional Health Centre,51,0
2026-08-01 13:40:00.000000,Okotoks Health and Wellness Centre,77,0
2026-08-01 13:40:00.000000,Peter Lougheed Centre,229,0
2026-08-01 13:40:00.000000,Red Deer Regional Hospital,105,0
2026-08-01 13:40:00.000000,Rockyview General Hospital,242,0
2026-08-01 13:40:00.000000,Royal Alexandra Hospital,212,0
2026-08-01 13:40:00.000000,Sheldon M. Chumir Centre,119,0
2026-08-01 13:40:00.000000,South Calgary Health Centre,168,0
2026-08-01 13:40:00.000000,South Health Campus Children[;]South Health Campus,30,
2026-08-01 13:40:00.000000,Stollery Children's Hospital,169,0
2026-08-01 13:40:00.000000,Strathcona Community Hospital,323,0
2026-08-01 13:40:00.000000,Sturgeon Community Hospital,209,0
2026-08-01 13:40:00.000000,University of Alberta Hospital,198,0
2026-08-01 13:40:00.000000,WestView Health Centre,190,0
2026-08-01 13:50:00.000000,Airdrie Community Health Centre,62,0
2026-08-01 13:50:00.000000,Alberta Children's Hospital,99,0
2026-08-01 13:50:00.000000,Chinook Regional Hospital,128,0
2026-08-01 13:50:00.000000,Cochrane Community Health Centre,90,0
2026-08-01 13:50:00.000000,Devon General Hospital,292,0
2026-08-01 13:50:00.000000,Foothills Medical Centre,350,0
2026-08-01 13:50:00.000000,Fort Sask Community Hospital,250,0
2026-08-01 13:50:00.000000,Grande Prairie Regional Hospital,57,0
2026-08-01 13:50:00.000000,Grey Nuns Community Hospital,178,0
2026-08-01 13:50:00.000000,Innisfail Health Centre,,1
2026-08-01 13:50:00.000000,Lacombe Hospital and Care Centre,,1
2026-08-01 13:50:00.000000,Leduc Community Hospital,113,0
2026-08-01 13:50:00.000000,Medicine Hat Regional Hospital,240,0
2026-08-01 13:50:00.000000,Misericordia Community Hospital,393,0
2026-08-01 13:50:00.000000,Northeast Community Health Centre,205,0
2026-08-01 13:50:00.000000,Northern Lights Regional Health Centre,68,0
2026-08-01 13:50:00.000000,Okotoks Health and Wellness Centre,66,0
2026-08-01 13:50:00.000000,Peter Lougheed Centre,234,0
2026-08-01 13:50:00.000000,Red Deer Regional Hospital,105,0
2026-08-01 13:50:00.000000,Rockyview General Hospital,235,0
2026-08-01 13:50:00.000000,Royal Alexandra Hospital,195,0
2026-08-01 13:50:00.000000,Sheldon M. Chumir Centre,127,0
2026-08-01 13:50:00.000000,South Calgary Health Centre,179,0
2026-08-01 13:50:00.000000,South Health Campus Children[;]South Health Campus,30,
2026-08-01 13:50:00.000000,Stollery Children's Hospital,157,0
2026-08-01 13:50:00.000000,Strathcona Community Hospital,308,0
2026-08-01 13:50:00.000000,Sturgeon Community Hospital,221,0
2026-08-01 13:50:00.000000,University of Alberta Hospital,205,0
2026-08-01 13:50:00.000000,WestView Health Centre,170,0
2026-08-01 14:00:00.000000,Airdrie Community Health Centre,68,0
2026-08-01 14:00:00.000000,Alberta Children's Hospital,105,0
2026-08-01 14:00:00.000000,Chinook Regional Hospital,147,0
2026-08-01 14:00:00.000000,Cochrane Community Health Centre,100,0
2026-08-01 14:00:00.000000,Devon General Hospital,292,0
2026-08-01 14:00:00.000000,Foothills Medical Centre,343,0
2026-08-01 14:00:00.000000,Fort Sask Community Hospital,222,0
2026-08-01 14:00:00.000000,Grande Prairie Regional Hospital,50,0
2026-08-01 14:00:00.000000,Grey Nuns Community Hospital,161,0
2026-08-01 14:00:00.000000,Innisfail Health Centre,,1
2026-08-01 14:00:00.000000,Lacombe Hospital and Care Centre,,1
2026-08-01 14:00:00.000000,Leduc Community Hospital,108,0
2026-08-01 14:00:00.000000,Medicine Hat Regional Hospital,254,0
2026-08-01 14:00:00.000000,Misericordia Community Hospital,420,0
2026-08-01 14:00:00.000000,Northeast Community Health Centre,217,0
2026-08-01 14:00:00.000000,Northern Lights Regional Health Centre,68,0
2026-08-01 14:00:00.000000,Okotoks Health and Wellness Centre,55,0
2026-08-01 14:00:00.000000,Peter Lougheed Centre,239,0
2026-08-01 14:00:00.000000,Red Deer Regional Hospital,105,0
2026-08-01 14:00:00.000000,Rockyview General Hospital,238,0
2026-08-01 14:00:00.000000,Royal Alexandra Hospital,189,0
2026-08-01 14:00:00.000000,Sheldon M. Chumir Centre,127,0
2026-08-01 14:00:00.000000,South Calgary Health Centre,176,0
2026-08-01 14:00:00.000000,South Health Campus Children[;]South Health Campus,30,
2026-08-01 14:00:00.000000,Stollery Children's Hospital,157,0
2026-08-01 14:00:00.000000,Strathcona Community Hospital,292,0
2026-08-01 14:00:00.000000,Sturgeon Community Hospital,221,0
2026-08-01 14:00:00.000000,University of Alberta Hospital,214,0
2026-08-01 14:00:00.000000,WestView Health Centre,221,0
2026-08-01 14:10:00.000000,Airdrie Community Health Centre,48,0
2026-08-01 14:10:00.000000,Alberta Children's Hospital,94,0
2026-08-01 14:10:00.000000,Chinook Regional Hospital,140,0
2026-08-01 14:10:00.000000,Cochrane Community Health Centre,110,0
2026-08-01 14:10:00.000000,Devon General Hospital,292,0
2026-08-01 14:10:00.000000,Foothills Medical Centre,344,0
2026-08-01 14:10:00.000000,Fort Sask Community Hospital,250,0
2026-08-01 14:10:00.000000,Grande Prairie Regional Hospital,64,0
2026-08-01 14:10:00.000000,Grey Nuns Community Hospital,161,0
2026-08-01 14:10:00.000000,Innisfail Health Centre,,1
2026-08-01 14:10:00.000000,Lacombe Hospital and Care Centre,,1
2026-08-01 14:10:00.000000,Leduc Community Hospital,116,0
2026-08-01 14:10:00.000000,Medicine Hat Regional Hospital,254,0
2026-08-01 14:10:00.000000,Misericordia Community Hospital,440,0
2026-08-01 14:10:00.000000,Northeast Community Health Centre,217,0
2026-08-01 14:10:00.000000,Northern Lights Regional Health Centre,76,0
2026-08-01 14:10:00.000000,Okotoks Health and Wellness Centre,66,0
2026-08-01 14:10:00.000000,Peter Lougheed Centre,237,0
2026-08-01 14:10:00.000000,Red Deer Regional Hospital,105,0
2026-08-01 14:10:00.000000,Rockyview General Hospital,242,0
2026-08-01 14:10:00.000000,Royal Alexandra Hospital,194,0
2026-08-01 14:10:00.000000,Sheldon M. Chumir Centre,143,0
2026-08-01 14:10:00.000000,South Calgary Health Centre,186,0
2026-08-01 14:10:00.000000,South Health Campus Children[;]South Health Campus,30,
2026-08-01 14:10:00.000000,Stollery Children's Hospital,145,0
2026-08-01 14:10:00.000000,Strathcona Community Hospital,292,0
2026-08-01 14:10:00.000000,Sturgeon Community Hospital,223,0
2026-08-01 14:10:00.000000,University of Alberta Hospital,207,0
2026-08-01 14:10:00.000000,WestView Health Centre,221,0
2026-08-01 14:20:00.000000,Airdrie Community Health Centre,48,0
2026-08-01 14:20:00.000000,Alberta Children's Hospital,106,0
2026-08-01 14:20:00.000000,Chinook Regional Hospital,155,0
2026-08-01 14:20:00.000000,Cochrane Community Health Centre,90,0
2026-08-01 14:20:00.000000,Devon General Hospital,292,0
2026-08-01 14:20:00.000000,Foothills Medical Centre,345,0
2026-08-01 14:20:00.000000,Fort Sask Community Hospital,278,0
2026-08-01 14:20:00.000000,Grande Prairie Regional Hospital,86,0
2026-08-01 14:20:00.000000,Grey Nuns Community Hospital,153,0
2026-08-01 14:20:00.000000,Innisfail Health Centre,,1
2026-08-01 14:20:00.000000,Lacombe Hospital and Care Centre,,1
2026-08-01 14:20:00.000000,Leduc Community Hospital,106,0
2026-08-01 14:20:00.000000,Medicine Hat Regional Hospital,254,0
2026-08-01 14:20:00.000000,Misericordia Community Hospital,476,0
2026-08-01 14:20:00.000000,Northeast Community Health Centre,217,0
2026-08-01 14:20:00.000000,Northern Lights Regional Health Centre,76,0
2026-08-01 14:20:00.000000,Okotoks Health and Wellness Centre,88,0
2026-08-01 14:20:00.000000,Peter Lougheed Centre,240,0
2026-08-01 14:20:00.000000,Red Deer Regional Hospital,79,0
2026-08-01 14:20:00.000000,Rockyview General Hospital,242,0
2026-08-01 14:20:00.000000,Royal Alexandra Hospital,192,0
2026-08-01 14:20:00.000000,Sheldon M. Chumir Centre,127,0
2026-08-01 14:20:00.000000,South Calgary Health Centre,177,0
2026-08-01 14:20:00.000000,South Health Campus Children[;]South Health Campus,30,
2026-08-01 14:20:00.000000,Stollery Children's Hospital,145,0
2026-08-01 14:20:00.000000,Strathcona Community Hospital,277,0
2026-08-01 14:20:00.000000,Sturgeon Community Hospital,239,0
2026-08-01 14:20:00.000000,University of Alberta Hospital,206,0
2026-08-01 14:20:00.000000,WestView Health Centre,239,0
2026-08-01 14:30:00.000000,Airdrie Community Health Centre,62,0
2026-08-01 14:30:00.000000,Alberta Children's Hospital,106,0
2026-08-01 14:30:00.000000,Chinook Regional Hospital,148,0
2026-08-01 14:30:00.000000,Cochrane Community Health Centre,100,0
2026-08-01 14:30:00.000000,Devon General Hospital,292,0
2026-08-01 14:30:00.000000,Foothills Medical Centre,317,0
2026-08-01 14:30:00.000000,Fort Sask Community Hospital,306,0
2026-08-01 14:30:00.000000,Grande Prairie Regional Hospital,50,0
2026-08-01 14:30:00.000000,Grey Nuns Community Hospital,129,0
2026-08-01 14:30:00.000000,Innisfail Health Centre,,1
2026-08-01 14:30:00.000000,Lacombe Hospital and Care Centre,,1
2026-08-01 14:30:00.000000,Leduc Community Hospital,106,0
2026-08-01 14:30:00.000000,Medicine Hat Regional Hospital,227,0
2026-08-01 14:30:00.000000,Misericordia Community Hospital,499,0
2026-08-01 14:30:00.000000,Northeast Community Health Centre,217,0
2026-08-01 14:30:00.000000,Northern Lights Regional Health Centre,76,0
2026-08-01 14:30:00.000000,Okotoks Health and Wellness Centre,88,0
2026-08-01 14:30:00.000000,Peter Lougheed Centre,236,0
2026-08-01 14:30:00.000000,Red Deer Regional Hospital,92,0
2026-08-01 14:30:00.000000,Rockyview General Hospital,236,0
2026-08-01 14:30:00.000000,Royal Alexandra Hospital,196,0
2026-08-01 14:30:00.000000,Sheldon M. Chumir Centre,127,0
2026-08-01 14:30:00.000000,South Calgary Health Centre,194,0
2026-08-01 14:30:00.000000,South Health Campus Children[;]South Health Campus,30,
2026-08-01 14:30:00.000000,Stollery Children's Hospital,145,0
2026-08-01 14:30:00.000000,Strathcona Community Hospital,292,0
2026-08-01 14:30:00.000000,Sturgeon Community Hospital,249,0
2026-08-01 14:30:00.000000,University of Alberta Hospital,224,0
2026-08-01 14:30:00.000000,WestView Health Centre,257,0
2026-08-01 14:40:00.000000,Airdrie Community Health Centre,92,0
2026-08-01 14:40:00.000000,Alberta Children's Hospital,138,0
2026-08-01 14:40:00.000000,Chinook Regional Hospital,140,0
2026-08-01 14:40:00.000000,Cochrane Community Health Centre,90,0
2026-08-01 14:40:00.000000,Devon General Hospital,292,0
2026-08-01 14:40:00.000000,Foothills Medical Centre,318,0
2026-08-01 14:40:00.000000,Fort Sask Community Hospital,306,0
2026-08-01 14:40:00.000000,Grande Prairie Regional Hospital,57,0
2026-08-01 14:40:00.000000,Grey Nuns Community Hospital,129,0
2026-08-01 14:40:00.000000,Innisfail Health Centre,,1
2026-08-01 14:40:00.000000,Lacombe Hospital and Care Centre,,1
2026-08-01 14:40:00.000000,Leduc Community Hospital,106,0
2026-08-01 14:40:00.000000,Medicine Hat Regional Hospital,214,0
2026-08-01 14:40:00.000000,Misericordia Community Hospital,495,0
2026-08-01 14:40:00.000000,Northeast Community Health Centre,205,0
2026-08-01 14:40:00.000000,Northern Lights Regional Health Centre,85,0
2026-08-01 14:40:00.000000,Okotoks Health and Wellness Centre,99,0
2026-08-01 14:40:00.000000,Peter Lougheed Centre,234,0
2026-08-01 14:40:00.000000,Red Deer Regional Hospital,118,0
2026-08-01 14:40:00.000000,Rockyview General Hospital,224,0
2026-08-01 14:40:00.000000,Royal Alexandra Hospital,212,0
2026-08-01 14:40:00.000000,Sheldon M. Chumir Centre,127,0
2026-08-01 14:40:00.000000,South Calgary Health Centre,204,0
2026-08-01 14:40:00.000000,South Health Campus Children[;]South Health Campus,30,
2026-08-01 14:40:00.000000,Stollery Children's Hospital,145,0
2026-08-01 14:40:00.000000,Strathcona Community Hospital,292,0
2026-08-01 14:40:00.000000,Sturgeon Community Hospital,258,0
2026-08-01 14:40:00.000000,University of Alberta Hospital,217,0
2026-08-01 14:40:00.000000,WestView Health Centre,235,0
2026-08-01 14:50:00.000000,Airdrie Community Health Centre,109,0
2026-08-01 14:50:00.000000,Alberta Children's Hospital,134,0
2026-08-01 14:50:00.000000,Chinook Regional Hospital,146,0
2026-08-01 14:50:00.000000,Cochrane Community Health Centre,80,0
2026-08-01 14:50:00.000000,Devon General Hospital,292,0
2026-08-01 14:50:00.000000,Foothills Medical Centre,325,0
2026-08-01 14:50:00.000000,Fort Sask Community Hospital,306,0
2026-08-01 14:50:00.000000,Grande Prairie Regional Hospital,43,0
2026-08-01 14:50:00.000000,Grey Nuns Community Hospital,105,0
2026-08-01 14:50:00.000000,Innisfail Health Centre,,1
2026-08-01 14:50:00.000000,Lacombe Hospital and Care Centre,,1
2026-08-01 14:50:00.000000,Leduc Community Hospital,106,0
2026-08-01 14:50:00.000000,Medicine Hat Regional Hospital,200,0
2026-08-01 14:50:00.000000,Misericordia Community Hospital,501,0
2026-08-01 14:50:00.000000,Northeast Community Health Centre,217,0
2026-08-01 14:50:00.000000,Northern Lights Regional Health Centre,68,0
2026-08-01 14:50:00.000000,Okotoks Health and Wellness Centre,111,0
2026-08-01 14:50:00.000000,Peter Lougheed Centre,238,0
2026-08-01 14:50:00.000000,Red Deer Regional Hospital,118,0
2026-08-01 14:50:00.000000,Rockyview General Hospital,213,0
2026-08-01 14:50:00.000000,Royal Alexandra Hospital,233,0
2026-08-01 14:50:00.000000,Sheldon M. Chumir Centre,127,0
2026-08-01 14:50:00.000000,South Calgary Health Centre,208,0
2026-08-01 14:50:00.000000,South Health Campus Children[;]South Health Campus,30,
2026-08-01 14:50:00.000000,Stollery Children's Hospital,133,0
2026-08-01 14:50:00.000000,Strathcona Community Hospital,277,0
2026-08-01 14:50:00.000000,Sturgeon Community Hospital,267,0
2026-08-01 14:50:00.000000,University of Alberta Hospital,226,0
2026-08-01 14:50:00.000000,WestView Health Centre,227,0
2026-08-01 15:00:00.000000,Airdrie Community Health Centre,114,0
2026-08-01 15:00:00.000000,Alberta Children's Hospital,156,0
2026-08-01 15:00:00.000000,Chinook Regional Hospital,138,0
2026-08-01 15:00:00.000000,Cochrane Community Health Centre,100,0
2026-08-01 15:00:00.000000,Devon General Hospital,292,0
2026-08-01 15:00:00.000000,Foothills Medical Centre,333,0
2026-08-01 15:00:00.000000,Fort Sask Community Hospital,306,0
2026-08-01 15:00:00.000000,Grande Prairie Regional Hospital,30,0
2026-08-01 15:00:00.000000,Grey Nuns Community Hospital,105,0
2026-08-01 15:00:00.000000,Innisfail Health Centre,,1
2026-08-01 15:00:00.000000,Lacombe Hospital and Care Centre,,1
2026-08-01 15:00:00.000000,Leduc Community Hospital,116,0
2026-08-01 15:00:00.000000,Medicine Hat Regional Hospital,200,0
2026-08-01 15:00:00.000000,Misericordia Community Hospital,471,0
2026-08-01 15:00:00.000000,Northeast Community Health Centre,229,0
2026-08-01 15:00:00.000000,Northern Lights Regional Health Centre,76,0
2026-08-01 15:00:00.000000,Okotoks Health and Wellness Centre,133,0
2026-08-01 15:00:00.000000,Peter Lougheed Centre,252,0
2026-08-01 15:00:00.000000,Red Deer Regional Hospital,145,0
2026-08-01 15:00:00.000000,Rockyview General Hospital,224,0
2026-08-01 15:00:00.000000,Royal Alexandra Hospital,225,0
2026-08-01 15:00:00.000000,Sheldon M. Chumir Centre,135,0
2026-08-01 15:00:00.000000,South Calgary Health Centre,204,0
2026-08-01 15:00:00.000000,South Health Campus Children[;]South Health Campus,30,
2026-08-01 15:00:00.000000,Stollery Children's Hospital,133,0
2026-08-01 15:00:00.000000,Strathcona Community Hospital,292,0
2026-08-01 15:00:00.000000,Sturgeon Community Hospital,258,0
2026-08-01 15:00:00.000000,University of Alberta Hospital,239,0
2026-08-01 15:00:00.000000,WestView Health Centre,216,0
2026-08-01 15:10:00.000000,Airdrie Community Health Centre,153,0
2026-08-01 15:10:00.000000,Alberta Children's Hospital,153,0
2026-08-01 15:10:00.000000,Chinook Regional Hospital,137,0
2026-08-01 15:10:00.000000,Cochrane Community Health Centre,110,0
2026-08-01 15:10:00.000000,Devon General Hospital,292,0
2026-08-01 15:10:00.000000,Foothills Medical Centre,330,0
2026-08-01 15:10:00.000000,Fort Sask Community Hospital,334,0
2026-08-01 15:10:00.000000,Grande Prairie Regional Hospital,36,0
2026-08-01 15:10:00.000000,Grey Nuns Community Hospital,121,0
2026-08-01 15:10:00.000000,Innisfail Health Centre,,1
2026-08-01 15:10:00.000000,Lacombe Hospital and Care Centre,,1
2026-08-01 15:10:00.000000,Leduc Community Hospital,77,0
2026-08-01 15:10:00.000000,Medicine Hat Regional Hospital,189,0
2026-08-01 15:10:00.000000,Misericordia Community Hospital,476,0
2026-08-01 15:10:00.000000,Northeast Community Health Centre,229,0
2026-08-01 15:10:00.000000,Northern Lights Regional Health Centre,102,0
2026-08-01 15:10:00.000000,Okotoks Health and Wellness Centre,144,0
2026-08-01 15:10:00.000000,Peter Lougheed Centre,252,0
2026-08-01 15:10:00.000000,Red Deer Regional Hospital,132,0
2026-08-01 15:10:00.000000,Rockyview General Hospital,225,0
2026-08-01 15:10:00.000000,Royal Alexandra Hospital,217,0
2026-08-01 15:10:00.000000,Sheldon M. Chumir Centre,151,0
2026-08-01 15:10:00.000000,South Calgary Health Centre,207,0
2026-08-01 15:10:00.000000,South Health Campus Children[;]South Health Campus,30,
2026-08-01 15:10:00.000000,Stollery Children's Hospital,133,0
2026-08-01 15:10:00.000000,Strathcona Community Hospital,277,0
2026-08-01 15:10:00.000000,Sturgeon Community Hospital,239,0
2026-08-01 15:10:00.000000,University of Alberta Hospital,237,0
2026-08-01 15:10:00.000000,WestView Health Centre,226,0
2026-08-01 15:20:00.000000,Airdrie Community Health Centre,140,0
2026-08-01 15:20:00.000000,Alberta Children's Hospital,150,0
2026-08-01 15:20:00.000000,Chinook Regional Hospital,147,0
2026-08-01 15:20:00.000000,Cochrane Community Health Centre,100,0
2026-08-01 15:20:00.000000,Devon General Hospital,256,0
2026-08-01 15:20:00.000000,Foothills Medical Centre,306,0
2026-08-01 15:20:00.000000,Fort Sask Community Hospital,334,0
2026-08-01 15:20:00.000000,Grande Prairie Regional Hospital,43,0
2026-08-01 15:20:00.000000,Grey Nuns Community Hospital,129,0
2026-08-01 15:20:00.000000,Innisfail Health Centre,,1
2026-08-01 15:20:00.000000,Lacombe Hospital and Care Centre,,1
2026-08-01 15:20:00.000000,Leduc Community Hospital,77,0
2026-08-01 15:20:00.000000,Medicine Hat Regional Hospital,180,0
2026-08-01 15:20:00.000000,Misericordia Community Hospital,495,0
2026-08-01 15:20:00.000000,Northeast Community Health Centre,205,0
2026-08-01 15:20:00.000000,Northern Lights Regional Health Centre,119,0
2026-08-01 15:20:00.000000,Okotoks Health and Wellness Centre,144,0
2026-08-01 15:20:00.000000,Peter Lougheed Centre,229,0
2026-08-01 15:20:00.000000,Red Deer Regional Hospital,145,0
2026-08-01 15:20:00.000000,Rockyview General Hospital,227,0
2026-08-01 15:20:00.000000,Royal Alexandra Hospital,233,0
2026-08-01 15:20:00.000000,Sheldon M. Chumir Centre,143,0
2026-08-01 15:20:00.000000,South Calgary Health Centre,205,0
2026-08-01 15:20:00.000000,South Health Campus Children[;]South Health Campus,55,
2026-08-01 15:20:00.000000,Stollery Children's Hospital,145,0
2026-08-01 15:20:00.000000,Strathcona Community Hospital,277,0
2026-08-01 15:20:00.000000,Sturgeon Community Hospital,245,0
2026-08-01 15:20:00.000000,University of Alberta Hospital,261,0
2026-08-01 15:20:00.000000,WestView Health Centre,201,0
2026-08-01 15:30:00.000000,Airdrie Community Health Centre,136,0
2026-08-01 15:30:00.000000,Alberta Children's Hospital,128,0
2026-08-01 15:30:00.000000,Chinook Regional Hospital,137,0
2026-08-01 15:30:00.000000,Cochrane Community Health Centre,90,0
2026-08-01 15:30:00.000000,Devon General Hospital,256,0
2026-08-01 15:30:00.000000,Foothills Medical Centre,296,0
2026-08-01 15:30:00.000000,Fort Sask Community Hospital,306,0
2026-08-01 15:30:00.000000,Grande Prairie Regional Hospital,43,0
2026-08-01 15:30:00.000000,Grey Nuns Community Hospital,153,0
2026-08-01 15:30:00.000000,Innisfail Health Centre,,1
2026-08-01 15:30:00.000000,Lacombe Hospital and Care Centre,,1
2026-08-01 15:30:00.000000,Leduc Community Hospital,87,0
2026-08-01 15:30:00.000000,Medicine Hat Regional Hospital,158,0
2026-08-01 15:30:00.000000,Misericordia Community Hospital,512,0
2026-08-01 15:30:00.000000,Northeast Community Health Centre,217,0
2026-08-01 15:30:00.000000,Northern Lights Regional Health Centre,102,0
2026-08-01 15:30:00.000000,Okotoks Health and Wellness Centre,133,0
2026-08-01 15:30:00.000000,Peter Lougheed Centre,240,0
2026-08-01 15:30:00.000000,Red Deer Regional Hospital,184,0
2026-08-01 15:30:00.000000,Rockyview General Hospital,223,0
2026-08-01 15:30:00.000000,Royal Alexandra Hospital,219,0
2026-08-01 15:30:00.000000,Sheldon M. Chumir Centre,159,0
2026-08-01 15:30:00.000000,South Calgary Health Centre,213,0
2026-08-01 15:30:00.000000,South Health Campus Children[;]South Health Campus,82,
2026-08-01 15:30:00.000000,Stollery Children's Hospital,157,0
2026-08-01 15:30:00.000000,Strathcona Community Hospital,308,0
2026-08-01 15:30:00.000000,Sturgeon Community Hospital,244,0
2026-08-01 15:30:00.000000,University of Alberta Hospital,219,0
2026-08-01 15:30:00.000000,WestView Health Centre,190,0
2026-08-01 15:40:00.000000,Airdrie Community Health Centre,143,0
2026-08-01 15:40:00.000000,Alberta Children's Hospital,106,0
2026-08-01 15:40:00.000000,Chinook Regional Hospital,132,0
2026-08-01 15:40:00.000000,Cochrane Community Health Centre,70,0
2026-08-01 15:40:00.000000,Devon General Hospital,256,0
2026-08-01 15:40:00.000000,Foothills Medical Centre,294,0
2026-08-01 15:40:00.000000,Fort Sask Community Hospital,278,0
2026-08-01 15:40:00.000000,Grande Prairie Regional Hospital,50,0
2026-08-01 15:40:00.000000,Grey Nuns Community Hospital,129,0
2026-08-01 15:40:00.000000,Innisfail Health Centre,,1
2026-08-01 15:40:00.000000,Lacombe Hospital and Care Centre,,1
2026-08-01 15:40:00.000000,Leduc Community Hospital,111,0
2026-08-01 15:40:00.000000,Medicine Hat Regional Hospital,175,0
2026-08-01 15:40:00.000000,Misericordia Community Hospital,462,0
2026-08-01 15:40:00.000000,Northeast Community Health Centre,217,0
2026-08-01 15:40:00.000000,Northern Lights Regional Health Centre,94,0
2026-08-01 15:40:00.000000,Okotoks Health and Wellness Centre,122,0
2026-08-01 15:40:00.000000,Peter Lougheed Centre,252,0
2026-08-01 15:40:00.000000,Red Deer Regional Hospital,184,0
2026-08-01 15:40:00.000000,Rockyview General Hospital,231,0
2026-08-01 15:40:00.000000,Royal Alexandra Hospital,189,0
2026-08-01 15:40:00.000000,Sheldon M. Chumir Centre,151,0
2026-08-01 15:40:00.000000,South Calgary Health Centre,217,0
2026-08-01 15:40:00.000000,South Health Campus Children[;]South Health Campus,55,
2026-08-01 15:40:00.000000,Stollery Children's Hospital,169,0
2026-08-01 15:40:00.000000,Strathcona Community Hospital,292,0
2026-08-01 15:40:00.000000,Sturgeon Community Hospital,232,0
2026-08-01 15:40:00.000000,University of Alberta Hospital,217,0
2026-08-01 15:40:00.000000,WestView Health Centre,200,0
2026-08-01 15:50:00.000000,Airdrie Community Health Centre,149,0
2026-08-01 15:50:00.000000,Alberta Children's Hospital,93,0
2026-08-01 15:50:00.000000,Chinook Regional Hospital,128,0
2026-08-01 15:50:00.000000,Cochrane Community Health Centre,50,0
2026-08-01 15:50:00.000000,Devon General Hospital,256,0
2026-08-01 15:50:00.000000,Foothills Medical Centre,305,0
2026-08-01 15:50:00.000000,Fort Sask Community Hospital,278,0
2026-08-01 15:50:00.000000,Grande Prairie Regional Hospital,57,0
2026-08-01 15:50:00.000000,Grey Nuns Community Hospital,137,0
2026-08-01 15:50:00.000000,Innisfail Health Centre,,1
2026-08-01 15:50:00.000000,Lacombe Hospital and Care Centre,,1
2026-08-01 15:50:00.000000,Leduc Community Hospital,102,0
2026-08-01 15:50:00.000000,Medicine Hat Regional Hospital,181,0
2026-08-01 15:50:00.000000,Misericordia Community Hospital,473,0
2026-08-01 15:50:00.000000,Northeast Community Health Centre,181,0
2026-08-01 15:50:00.000000,Northern Lights Regional Health Centre,76,0
2026-08-01 15:50:00.000000,Okotoks Health and Wellness Centre,111,0
2026-08-01 15:50:00.000000,Peter Lougheed Centre,268,0
2026-08-01 15:50:00.000000,Red Deer Regional Hospital,198,0
2026-08-01 15:50:00.000000,Rockyview General Hospital,239,0
2026-08-01 15:50:00.000000,Royal Alexandra Hospital,181,0
2026-08-01 15:50:00.000000,Sheldon M. Chumir Centre,159,0
2026-08-01 15:50:00.000000,South Calgary Health Centre,201,0
2026-08-01 15:50:00.000000,South Health Campus Children[;]South Health Campus,75,
2026-08-01 15:50:00.000000,Stollery Children's Hospital,145,0
2026-08-01 15:50:00.000000,Strathcona Community Hospital,323,0
2026-08-01 15:50:00.000000,Sturgeon Community Hospital,232,0
2026-08-01 15:50:00.000000,University of Alberta Hospital,230,0
2026-08-01 15:50:00.000000,WestView Health Centre,171,0
2026-08-01 16:00:00.000000,Airdrie Community Health Centre,146,0
2026-08-01 16:00:00.000000,Alberta Children's Hospital,98,0
2026-08-01 16:00:00.000000,Chinook Regional Hospital,118,0
2026-08-01 16:00:00.000000,Cochrane Community Health Centre,60,0
2026-08-01 16:00:00.000000,Devon General Hospital,256,0
2026-08-01 16:00:00.000000,Foothills Medical Centre,303,0
2026-08-01 16:00:00.000000,Fort Sask Community Hospital,306,0
2026-08-01 16:00:00.000000,Grande Prairie Regional Hospital,64,0
2026-08-01 16:00:00.000000,Grey Nuns Community Hospital,145,0
2026-08-01 16:00:00.000000,Innisfail Health Centre,,1
2026-08-01 16:00:00.000000,Lacombe Hospital and Care Centre,,1
2026-08-01 16:00:00.000000,Leduc Community Hospital,111,0
2026-08-01 16:00:00.000000,Medicine Hat Regional Hospital,185,0
2026-08-01 16:00:00.000000,Misericordia Community Hospital,515,0
2026-08-01 16:00:00.000000,Northeast Community Health Centre,193,0
2026-08-01 16:00:00.000000,Northern Lights Regional Health Centre,85,0
2026-08-01 16:00:00.000000,Okotoks Health and Wellness Centre,99,0
2026-08-01 16:00:00.000000,Peter Lougheed Centre,280,0
2026-08-01 16:00:00.000000,Red Deer Regional Hospital,198,0
2026-08-01 16:00:00.000000,Rockyview General Hospital,223,0
2026-08-01 16:00:00.000000,Royal Alexandra Hospital,179,0
2026-08-01 16:00:00.000000,Sheldon M. Chumir Centre,159,0
2026-08-01 16:00:00.000000,South Calgary Health Centre,204,0
2026-08-01 16:00:00.000000,South Health Campus Children[;]South Health Campus,30,
2026-08-01 16:00:00.000000,Stollery Children's Hospital,157,0
2026-08-01 16:00:00.000000,Strathcona Community Hospital,323,0
2026-08-01 16:00:00.000000,Sturgeon Community Hospital,244,0
2026-08-01 16:00:00.000000,University of Alberta Hospital,242,0
2026-08-01 16:00:00.000000,WestView Health Centre,145,0
2026-08-01 16:10:00.000000,Airdrie Community Health Centre,134,0
2026-08-01 16:10:00.000000,Alberta Children's Hospital,101,0
2026-08-01 16:10:00.000000,Chinook Regional Hospital,108,0
2026-08-01 16:10:00.000000,Cochrane Community Health Centre,50,0
2026-08-01 16:10:00.000000,Devon General Hospital,256,0
2026-08-01 16:10:00.000000,Foothills Medical Centre,295,0
2026-08-01 16:10:00.000000,Fort Sask Community Hospital,306,0
2026-08-01 16:10:00.000000,Grande Prairie Regional Hospital,72,0
2026-08-01 16:10:00.000000,Grey Nuns Community Hospital,137,0
2026-08-01 16:10:00.000000,Innisfail Health Centre,,1
2026-08-01 16:10:00.000000,Lacombe Hospital and Care Centre,,1
2026-08-01 16:10:00.000000,Leduc Community Hospital,139,0
2026-08-01 16:10:00.000000,Medicine Hat Regional Hospital,173,0
2026-08-01 16:10:00.000000,Misericordia Community Hospital,541,0
2026-08-01 16:10:00.000000,Northeast Community Health Centre,193,0
2026-08-01 16:10:00.000000,Northern Lights Regional Health Centre,94,0
2026-08-01 16:10:00.000000,Okotoks Health and Wellness Centre,99,0
2026-08-01 16:10:00.000000,Peter Lougheed Centre,285,0
2026-08-01 16:10:00.000000,Red Deer Regional Hospital,184,0
2026-08-01 16:10:00.000000,Rockyview General Hospital,219,0
2026-08-01 16:10:00.000000,Royal Alexandra Hospital,178,0
2026-08-01 16:10:00.000000,Sheldon M. Chumir Centre,182,0
2026-08-01 16:10:00.000000,South Calgary Health Centre,195,0
2026-08-01 16:10:00.000000,South Health Campus Children[;]South Health Campus,30,
2026-08-01 16:10:00.000000,Stollery Children's Hospital,145,0
2026-08-01 16:10:00.000000,Strathcona Community Hospital,323,0
2026-08-01 16:10:00.000000,Sturgeon Community Hospital,244,0
2026-08-01 16:10:00.000000,University of Alberta Hospital,242,0
2026-08-01 16:10:00.000000,WestView Health Centre,160,0
2026-08-01 16:20:00.000000,Airdrie Community Health Centre,130,0
2026-08-01 16:20:00.000000,Alberta Children's Hospital,105,0
2026-08-01 16:20:00.000000,Chinook Regional Hospital,108,0
2026-08-01 16:20:00.000000,Cochrane Community Health Centre,60,0
2026-08-01 16:20:00.000000,Devon General Hospital,219,0
2026-08-01 16:20:00.000000,Foothills Medical Centre,286,0
2026-08-01 16:20:00.000000,Fort Sask Community Hospital,306,0
2026-08-01 16:20:00.000000,Grande Prairie Regional Hospital,64,0
2026-08-01 16:20:00.000000,Grey Nuns Community Hospital,153,0
2026-08-01 16:20:00.000000,Innisfail Health Centre,,1
2026-08-01 16:20:00.000000,Lacombe Hospital and Care Centre,,1
2026-08-01 16:20:00.000000,Leduc Community Hospital,131,0
2026-08-01 16:20:00.000000,Medicine Hat Regional Hospital,186,0
2026-08-01 16:20:00.000000,Misericordia Community Hospital,551,0
2026-08-01 16:20:00.000000,Northeast Community Health Centre,217,0
2026-08-01 16:20:00.000000,Northern Lights Regional Health Centre,94,0
2026-08-01 16:20:00.000000,Okotoks Health and Wellness Centre,99,0
2026-08-01 16:20:00.000000,Peter Lougheed Centre,291,0
2026-08-01 16:20:00.000000,Red Deer Regional Hospital,158,0
2026-08-01 16:20:00.000000,Rockyview General Hospital,216,0
2026-08-01 16:20:00.000000,Royal Alexandra Hospital,184,0
2026-08-01 16:20:00.000000,Sheldon M. Chumir Centre,156,0
2026-08-01 16:20:00.000000,South Calgary Health Centre,172,0
2026-08-01 16:20:00.000000,South Health Campus Children[;]South Health Campus,30,
2026-08-01 16:20:00.000000,Stollery Children's Hospital,182,0
2026-08-01 16:20:00.000000,Strathcona Community Hospital,323,0
2026-08-01 16:20:00.000000,Sturgeon Community Hospital,261,0
2026-08-01 16:20:00.000000,University of Alberta Hospital,252,0
2026-08-01 16:20:00.000000,WestView Health Centre,160,0
2026-08-01 16:30:00.000000,Airdrie Community Health Centre,127,0
2026-08-01 16:30:00.000000,Alberta Children's Hospital,88,0
2026-08-01 16:30:00.000000,Chinook Regional Hospital,103,0
2026-08-01 16:30:00.000000,Cochrane Community Health Centre,70,0
2026-08-01 16:30:00.000000,Devon General Hospital,183,0
2026-08-01 16:30:00.000000,Foothills Medical Centre,284,0
2026-08-01 16:30:00.000000,Fort Sask Community Hospital,306,0
2026-08-01 16:30:00.000000,Grande Prairie Regional Hospital,57,0
2026-08-01 16:30:00.000000,Grey Nuns Community Hospital,170,0
2026-08-01 16:30:00.000000,Innisfail Health Centre,,1
2026-08-01 16:30:00.000000,Lacombe Hospital and Care Centre,,1
2026-08-01 16:30:00.000000,Leduc Community Hospital,140,0
2026-08-01 16:30:00.000000,Medicine Hat Regional Hospital,200,0
2026-08-01 16:30:00.000000,Misericordia Community Hospital,577,0
2026-08-01 16:30:00.000000,Northeast Community Health Centre,217,0
2026-08-01 16:30:00.000000,Northern Lights Regional Health Centre,76,0
2026-08-01 16:30:00.000000,Okotoks Health and Wellness Centre,111,0
2026-08-01 16:30:00.000000,Peter Lougheed Centre,296,0
2026-08-01 16:30:00.000000,Red Deer Regional Hospital,171,0
2026-08-01 16:30:00.000000,Rockyview General Hospital,211,0
2026-08-01 16:30:00.000000,Royal Alexandra Hospital,172,0
2026-08-01 16:30:00.000000,Sheldon M. Chumir Centre,159,0
2026-08-01 16:30:00.000000,South Calgary Health Centre,163,0
2026-08-01 16:30:00.000000,South Health Campus Children[;]South Health Campus,30,
2026-08-01 16:30:00.000000,Stollery Children's Hospital,157,0
2026-08-01 16:30:00.000000,Strathcona Community Hospital,354,0
2026-08-01 16:30:00.000000,Sturgeon Community Hospital,267,0
2026-08-01 16:30:00.000000,University of Alberta Hospital,250,0
2026-08-01 16:30:00.000000,WestView Health Centre,160,0
2026-08-01 16:40:00.000000,Airdrie Community Health Centre,133,0
2026-08-01 16:40:00.000000,Alberta Children's Hospital,85,0
2026-08-01 16:40:00.000000,Chinook Regional Hospital,98,0
2026-08-01 16:40:00.000000,Cochrane Community Health Centre,50,0
2026-08-01 16:40:00.000000,Devon General Hospital,109,0
2026-08-01 16:40:00.000000,Foothills Medical Centre,288,0
2026-08-01 16:40:00.000000,Fort Sask Community Hospital,334,0
2026-08-01 16:40:00.000000,Grande Prairie Regional Hospital,36,0
2026-08-01 16:40:00.000000,Grey Nuns Community Hospital,170,0
2026-08-01 16:40:00.000000,Innisfail Health Centre,,1
2026-08-01 16:40:00.000000,Lacombe Hospital and Care Centre,,1
2026-08-01 16:40:00.000000,Leduc Community Hospital,190,0
2026-08-01 16:40:00.000000,Medicine Hat Regional Hospital,173,0
2026-08-01 16:40:00.000000,Misericordia Community Hospital,564,0
2026-08-01 16:40:00.000000,Northeast Community Health Centre,217,0
2026-08-01 16:40:00.000000,Northern Lights Regional Health Centre,68,0
2026-08-01 16:40:00.000000,Okotoks Health and Wellness Centre,122,0
2026-08-01 16:40:00.000000,Peter Lougheed Centre,302,0
2026-08-01 16:40:00.000000,Red Deer Regional Hospital,171,0
2026-08-01 16:40:00.000000,Rockyview General Hospital,225,0
2026-08-01 16:40:00.000000,Royal Alexandra Hospital,184,0
2026-08-01 16:40:00.000000,Sheldon M. Chumir Centre,164,0
2026-08-01 16:40:00.000000,South Calgary Health Centre,153,0
2026-08-01 16:40:00.000000,South Health Campus Children[;]South Health Campus,30,
2026-08-01 16:40:00.000000,Stollery Children's Hospital,183,0
2026-08-01 16:40:00.000000,Strathcona Community Hospital,343,0
2026-08-01 16:40:00.000000,Sturgeon Community Hospital,280,0
2026-08-01 16:40:00.000000,University of Alberta Hospital,241,0
2026-08-01 16:40:00.000000,WestView Health Centre,178,0
2026-08-01 16:50:00.000000,Airdrie Community Health Centre,130,0
2026-08-01 16:50:00.000000,Alberta Children's Hospital,96,0
2026-08-01 16:50:00.000000,Chinook Regional Hospital,98,0
2026-08-01 16:50:00.000000,Cochrane Community Health Centre,50,0
2026-08-01 16:50:00.000000,Devon General Hospital,109,0
2026-08-01 16:50:00.000000,Foothills Medical Centre,299,0
2026-08-01 16:50:00.000000,Fort Sask Community Hospital,306,0
2026-08-01 16:50:00.000000,Grande Prairie Regional Hospital,30,0
2026-08-01 16:50:00.000000,Grey Nuns Community Hospital,161,0
2026-08-01 16:50:00.000000,Innisfail Health Centre,,1
2026-08-01 16:50:00.000000,Lacombe Hospital and Care Centre,,1
2026-08-01 16:50:00.000000,Leduc Community Hospital,218,0
2026-08-01 16:50:00.000000,Medicine Hat Regional Hospital,200,0
2026-08-01 16:50:00.000000,Misericordia Community Hospital,559,0
2026-08-01 16:50:00.000000,Northeast Community Health Centre,193,0
2026-08-01 16:50:00.000000,Northern Lights Regional Health Centre,76,0
2026-08-01 16:50:00.000000,Okotoks Health and Wellness Centre,122,0
2026-08-01 16:50:00.000000,Peter Lougheed Centre,319,0
2026-08-01 16:50:00.000000,Red Deer Regional Hospital,171,0
2026-08-01 16:50:00.000000,Rockyview General Hospital,251,0
2026-08-01 16:50:00.000000,Royal Alexandra Hospital,167,0
2026-08-01 16:50:00.000000,Sheldon M. Chumir Centre,190,0
2026-08-01 16:50:00.000000,South Calgary Health Centre,157,0
2026-08-01 16:50:00.000000,South Health Campus Children[;]South Health Campus,30,
2026-08-01 16:50:00.000000,Stollery Children's Hospital,188,0
2026-08-01 16:50:00.000000,Strathcona Community Hospital,375,0
2026-08-01 16:50:00.000000,Sturgeon Community Hospital,260,0
2026-08-01 16:50:00.000000,University of Alberta Hospital,252,0
2026-08-01 16:50:00.000000,WestView Health Centre,178,0
2026-08-01 17:00:00.000000,Airdrie Community Health Centre,107,0
2026-08-01 17:00:00.000000,Alberta Children's Hospital,86,0
2026-08-01 17:00:00.000000,Chinook Regional Hospital,102,0
2026-08-01 17:00:00.000000,Cochrane Community Health Centre,60,0
2026-08-01 17:00:00.000000,Devon General Hospital,73,0
2026-08-01 17:00:00.000000,Foothills Medical Centre,299,0
2026-08-01 17:00:00.000000,Fort Sask Community Hospital,306,0
2026-08-01 17:00:00.000000,Grande Prairie Regional Hospital,30,0
2026-08-01 17:00:00.000000,Grey Nuns Community Hospital,170,0
2026-08-01 17:00:00.000000,Innisfail Health Centre,,1
2026-08-01 17:00:00.000000,Lacombe Hospital and Care Centre,,1
2026-08-01 17:00:00.000000,Leduc Community Hospital,226,0
2026-08-01 17:00:00.000000,Medicine Hat Regional Hospital,200,0
2026-08-01 17:00:00.000000,Misericordia Community Hospital,566,0
2026-08-01 17:00:00.000000,Northeast Community Health Centre,168,0
2026-08-01 17:00:00.000000,Northern Lights Regional Health Centre,85,0
2026-08-01 17:00:00.000000,Okotoks Health and Wellness Centre,133,0
2026-08-01 17:00:00.000000,Peter Lougheed Centre,313,0
2026-08-01 17:00:00.000000,Red Deer Regional Hospital,198,0
2026-08-01 17:00:00.000000,Rockyview General Hospital,263,0
2026-08-01 17:00:00.000000,Royal Alexandra Hospital,167,0
2026-08-01 17:00:00.000000,Sheldon M. Chumir Centre,194,0
2026-08-01 17:00:00.000000,South Calgary Health Centre,153,0
2026-08-01 17:00:00.000000,South Health Campus Children[;]South Health Campus,30,
2026-08-01 17:00:00.000000,Stollery Children's Hospital,184,0
2026-08-01 17:00:00.000000,Strathcona Community Hospital,385,0
2026-08-01 17:00:00.000000,Sturgeon Community Hospital,265,0
2026-08-01 17:00:00.000000,University of Alberta Hospital,258,0
2026-08-01 17:00:00.000000,WestView Health Centre,195,0
2026-08-01 17:10:00.000000,Airdrie Community Health Centre,96,0
2026-08-01 17:10:00.000000,Alberta Children's Hospital,63,0
2026-08-01 17:10:00.000000,Chinook Regional Hospital,111,0
2026-08-01 17:10:00.000000,Cochrane Community Health Centre,60,0
2026-08-01 17:10:00.000000,Devon General Hospital,73,0
2026-08-01 17:10:00.000000,Foothills Medical Centre,278,0
2026-08-01 17:10:00.000000,Fort Sask Community Hospital,306,0
2026-08-01 17:10:00.000000,Grande Prairie Regional Hospital,30,0
2026-08-01 17:10:00.000000,Grey Nuns Community Hospital,170,0
2026-08-01 17:10:00.000000,Innisfail Health Centre,,1
2026-08-01 17:10:00.000000,Lacombe Hospital and Care Centre,,1
2026-08-01 17:10:00.000000,Leduc Community Hospital,213,0
2026-08-01 17:10:00.000000,Medicine Hat Regional Hospital,200,0
2026-08-01 17:10:00.000000,Misericordia Community Hospital,559,0
2026-08-01 17:10:00.000000,Northeast Community Health Centre,181,0
2026-08-01 17:10:00.000000,Northern Lights Regional Health Centre,94,0
2026-08-01 17:10:00.000000,Okotoks Health and Wellness Centre,144,0
2026-08-01 17:10:00.000000,Peter Lougheed Centre,314,0
2026-08-01 17:10:00.000000,Red Deer Regional Hospital,198,0
2026-08-01 17:10:00.000000,Rockyview General Hospital,224,0
2026-08-01 17:10:00.000000,Royal Alexandra Hospital,167,0
2026-08-01 17:10:00.000000,Sheldon M. Chumir Centre,188,0
2026-08-01 17:10:00.000000,South Calgary Health Centre,162,0
2026-08-01 17:10:00.000000,South Health Campus Children[;]South Health Campus,40,
2026-08-01 17:10:00.000000,Stollery Children's Hospital,160,0
2026-08-01 17:10:00.000000,Strathcona Community Hospital,376,0
2026-08-01 17:10:00.000000,Sturgeon Community Hospital,289,0
2026-08-01 17:10:00.000000,University of Alberta Hospital,276,0
2026-08-01 17:10:00.000000,WestView Health Centre,213,0
2026-08-01 17:20:00.000000,Airdrie Community Health Centre,86,0
2026-08-01 17:20:00.000000,Alberta Children's Hospital,63,0
2026-08-01 17:20:00.000000,Chinook Regional Hospital,118,0
2026-08-01 17:20:00.000000,Cochrane Community Health Centre,70,0
2026-08-01 17:20:00.000000,Devon General Hospital,73,0
2026-08-01 17:20:00.000000,Foothills Medical Centre,272,0
2026-08-01 17:20:00.000000,Fort Sask Community Hospital,306,0
2026-08-01 17:20:00.000000,Grande Prairie Regional Hospital,30,0
2026-08-01 17:20:00.000000,Grey Nuns Community Hospital,153,0
2026-08-01 17:20:00.000000,Innisfail Health Centre,,1
2026-08-01 17:20:00.000000,Lacombe Hospital and Care Centre,,1
2026-08-01 17:20:00.000000,Leduc Community Hospital,252,0
2026-08-01 17:20:00.000000,Medicine Hat Regional Hospital,173,0
2026-08-01 17:20:00.000000,Misericordia Community Hospital,577,0
2026-08-01 17:20:00.000000,Northeast Community Health Centre,156,0
2026-08-01 17:20:00.000000,Northern Lights Regional Health Centre,102,0
2026-08-01 17:20:00.000000,Okotoks Health and Wellness Centre,155,0
2026-08-01 17:20:00.000000,Peter Lougheed Centre,310,0
2026-08-01 17:20:00.000000,Red Deer Regional Hospital,211,0
2026-08-01 17:20:00.000000,Rockyview General Hospital,218,0
2026-08-01 17:20:00.000000,Royal Alexandra Hospital,183,0
2026-08-01 17:20:00.000000,Sheldon M. Chumir Centre,203,0
2026-08-01 17:20:00.000000,South Calgary Health Centre,140,0
2026-08-01 17:20:00.000000,South Health Campus Children[;]South Health Campus,30,
2026-08-01 17:20:00.000000,Stollery Children's Hospital,174,0
2026-08-01 17:20:00.000000,Strathcona Community Hospital,363,0
2026-08-01 17:20:00.000000,Sturgeon Community Hospital,282,0
2026-08-01 17:20:00.000000,University of Alberta Hospital,286,0
2026-08-01 17:20:00.000000,WestView Health Centre,178,0
2026-08-01 17:30:00.000000,Airdrie Community Health Centre,67,0
2026-08-01 17:30:00.000000,Alberta Children's Hospital,55,0
2026-08-01 17:30:00.000000,Chinook Regional Hospital,118,0
2026-08-01 17:30:00.000000,Cochrane Community Health Centre,70,0
2026-08-01 17:30:00.000000,Devon General Hospital,109,0
2026-08-01 17:30:00.000000,Foothills Medical Centre,272,0
2026-08-01 17:30:00.000000,Fort Sask Community Hospital,278,0
2026-08-01 17:30:00.000000,Grande Prairie Regional Hospital,30,0
2026-08-01 17:30:00.000000,Grey Nuns Community Hospital,153,0
2026-08-01 17:30:00.000000,Innisfail Health Centre,,1
2026-08-01 17:30:00.000000,Lacombe Hospital and Care Centre,,1
2026-08-01 17:30:00.000000,Leduc Community Hospital,271,0
2026-08-01 17:30:00.000000,Medicine Hat Regional Hospital,173,0
2026-08-01 17:30:00.000000,Misericordia Community Hospital,583,0
2026-08-01 17:30:00.000000,Northeast Community Health Centre,132,0
2026-08-01 17:30:00.000000,Northern Lights Regional Health Centre,111,0
2026-08-01 17:30:00.000000,Okotoks Health and Wellness Centre,144,0
2026-08-01 17:30:00.000000,Peter Lougheed Centre,284,0
2026-08-01 17:30:00.000000,Red Deer Regional Hospital,211,0
2026-08-01 17:30:00.000000,Rockyview General Hospital,207,0
2026-08-01 17:30:00.000000,Royal Alexandra Hospital,200,0
2026-08-01 17:30:00.000000,Sheldon M. Chumir Centre,175,0
2026-08-01 17:30:00.000000,South Calgary Health Centre,136,0
2026-08-01 17:30:00.000000,South Health Campus Children[;]South Health Campus,30,
2026-08-01 17:30:00.000000,Stollery Children's Hospital,125,0
2026-08-01 17:30:00.000000,Strathcona Community Hospital,374,0
2026-08-01 17:30:00.000000,Sturgeon Community Hospital,262,0
2026-08-01 17:30:00.000000,University of Alberta Hospital,292,0
2026-08-01 17:30:00.000000,WestView Health Centre,178,0
2026-08-01 17:40:00.000000,Airdrie Community Health Centre,57,0
2026-08-01 17:40:00.000000,Alberta Children's Hospital,52,0
2026-08-01 17:40:00.000000,Chinook Regional Hospital,111,0
2026-08-01 17:40:00.000000,Cochrane Community Health Centre,80,0
2026-08-01 17:40:00.000000,Devon General Hospital,73,0
2026-08-01 17:40:00.000000,Foothills Medical Centre,246,0
2026-08-01 17:40:00.000000,Fort Sask Community Hospital,306,0
2026-08-01 17:40:00.000000,Grande Prairie Regional Hospital,30,0
2026-08-01 17:40:00.000000,Grey Nuns Community Hospital,153,0
2026-08-01 17:40:00.000000,Innisfail Health Centre,,1
2026-08-01 17:40:00.000000,Lacombe Hospital and Care Centre,,1
2026-08-01 17:40:00.000000,Leduc Community Hospital,310,0
2026-08-01 17:40:00.000000,Medicine Hat Regional Hospital,200,0
2026-08-01 17:40:00.000000,Misericordia Community Hospital,576,0
2026-08-01 17:40:00.000000,Northeast Community Health Centre,108,0
2026-08-01 17:40:00.000000,Northern Lights Regional Health Centre,85,0
2026-08-01 17:40:00.000000,Okotoks Health and Wellness Centre,155,0
2026-08-01 17:40:00.000000,Peter Lougheed Centre,286,0
2026-08-01 17:40:00.000000,Red Deer Regional Hospital,250,0
2026-08-01 17:40:00.000000,Rockyview General Hospital,200,0
2026-08-01 17:40:00.000000,Royal Alexandra Hospital,210,0
2026-08-01 17:40:00.000000,Sheldon M. Chumir Centre,199,0
2026-08-01 17:40:00.000000,South Calgary Health Centre,132,0
2026-08-01 17:40:00.000000,South Health Campus Children[;]South Health Campus,30,
2026-08-01 17:40:00.000000,Stollery Children's Hospital,111,0
2026-08-01 17:40:00.000000,Strathcona Community Hospital,411,0
2026-08-01 17:40:00.000000,Sturgeon Community Hospital,244,0
2026-08-01 17:40:00.000000,University of Alberta Hospital,305,0
2026-08-01 17:40:00.000000,WestView Health Centre,195,0
2026-08-01 17:50:00.000000,Airdrie Community Health Centre,57,0
2026-08-01 17:50:00.000000,Alberta Children's Hospital,56,0
2026-08-01 17:50:00.000000,Chinook Regional Hospital,89,0
2026-08-01 17:50:00.000000,Cochrane Community Health Centre,90,0
2026-08-01 17:50:00.000000,Devon General Hospital,36,0
2026-08-01 17:50:00.000000,Foothills Medical Centre,246,0
2026-08-01 17:50:00.000000,Fort Sask Community Hospital,306,0
2026-08-01 17:50:00.000000,Grande Prairie Regional Hospital,30,0
2026-08-01 17:50:00.000000,Grey Nuns Community Hospital,170,0
2026-08-01 17:50:00.000000,Innisfail Health Centre,,1
2026-08-01 17:50:00.000000,Lacombe Hospital and Care Centre,,1
2026-08-01 17:50:00.000000,Leduc Community Hospital,329,0
2026-08-01 17:50:00.000000,Medicine Hat Regional Hospital,186,0
2026-08-01 17:50:00.000000,Misericordia Community Hospital,583,0
2026-08-01 17:50:00.000000,Northeast Community Health Centre,108,0
2026-08-01 17:50:00.000000,Northern Lights Regional Health Centre,68,0
2026-08-01 17:50:00.000000,Okotoks Health and Wellness Centre,133,0
2026-08-01 17:50:00.000000,Peter Lougheed Centre,302,0
2026-08-01 17:50:00.000000,Red Deer Regional Hospital,250,0
2026-08-01 17:50:00.000000,Rockyview General Hospital,194,0
2026-08-01 17:50:00.000000,Royal Alexandra Hospital,219,0
2026-08-01 17:50:00.000000,Sheldon M. Chumir Centre,207,0
2026-08-01 17:50:00.000000,South Calgary Health Centre,136,0
2026-08-01 17:50:00.000000,South Health Campus Children[;]South Health Campus,30,
2026-08-01 17:50:00.000000,Stollery Children's Hospital,106,0
2026-08-01 17:50:00.000000,Strathcona Community Hospital,444,0
2026-08-01 17:50:00.000000,Sturgeon Community Hospital,249,0
2026-08-01 17:50:00.000000,University of Alberta Hospital,298,0
2026-08-01 17:50:00.000000,WestView Health Centre,195,0
2026-08-01 18:00:00.000000,Airdrie Community Health Centre,57,0
2026-08-01 18:00:00.000000,Alberta Children's Hospital,59,0
2026-08-01 18:00:00.000000,Chinook Regional Hospital,66,0
2026-08-01 18:00:00.000000,Cochrane Community Health Centre,80,0
2026-08-01 18:00:00.000000,Devon General Hospital,30,0
2026-08-01 18:00:00.000000,Foothills Medical Centre,226,0
2026-08-01 18:00:00.000000,Fort Sask Community Hospital,306,0
2026-08-01 18:00:00.000000,Grande Prairie Regional Hospital,30,0
2026-08-01 18:00:00.000000,Grey Nuns Community Hospital,153,0
2026-08-01 18:00:00.000000,Innisfail Health Centre,,1
2026-08-01 18:00:00.000000,Lacombe Hospital and Care Centre,,1
2026-08-01 18:00:00.000000,Leduc Community Hospital,368,0
2026-08-01 18:00:00.000000,Medicine Hat Regional Hospital,146,0
2026-08-01 18:00:00.000000,Misericordia Community Hospital,591,0
2026-08-01 18:00:00.000000,Northeast Community Health Centre,120,0
2026-08-01 18:00:00.000000,Northern Lights Regional Health Centre,85,0
2026-08-01 18:00:00.000000,Okotoks Health and Wellness Centre,144,0
2026-08-01 18:00:00.000000,Peter Lougheed Centre,287,0
2026-08-01 18:00:00.000000,Red Deer Regional Hospital,275,0
2026-08-01 18:00:00.000000,Rockyview General Hospital,192,0
2026-08-01 18:00:00.000000,Royal Alexandra Hospital,207,0
2026-08-01 18:00:00.000000,Sheldon M. Chumir Centre,199,0
2026-08-01 18:00:00.000000,South Calgary Health Centre,132,0
2026-08-01 18:00:00.000000,South Health Campus Children[;]South Health Campus,30,
2026-08-01 18:00:00.000000,Stollery Children's Hospital,92,0
2026-08-01 18:00:00.000000,Strathcona Community Hospital,430,0
2026-08-01 18:00:00.000000,Sturgeon Community Hospital,267,0
2026-08-01 18:00:00.000000,University of Alberta Hospital,298,0
2026-08-01 18:00:00.000000,WestView Health Centre,195,0
2026-08-01 18:10:00.000000,Airdrie Community Health Centre,57,0
2026-08-01 18:10:00.000000,Alberta Children's Hospital,58,0
2026-08-01 18:10:00.000000,Chinook Regional Hospital,61,0
2026-08-01 18:10:00.000000,Cochrane Community Health Centre,80,0
2026-08-01 18:10:00.000000,Devon General Hospital,30,0
2026-08-01 18:10:00.000000,Foothills Medical Centre,232,0
2026-08-01 18:10:00.000000,Fort Sask Community Hospital,306,0
2026-08-01 18:10:00.000000,Grande Prairie Regional Hospital,50,0
2026-08-01 18:10:00.000000,Grey Nuns Community Hospital,153,0
2026-08-01 18:10:00.000000,Innisfail Health Centre,,1
2026-08-01 18:10:00.000000,Lacombe Hospital and Care Centre,,1
2026-08-01 18:10:00.000000,Leduc Community Hospital,329,0
2026-08-01 18:10:00.000000,Medicine Hat Regional Hospital,133,0
2026-08-01 18:10:00.000000,Misericordia Community Hospital,591,0
2026-08-01 18:10:00.000000,Northeast Community Health Centre,144,0
2026-08-01 18:10:00.000000,Northern Lights Regional Health Centre,76,0
2026-08-01 18:10:00.000000,Okotoks Health and Wellness Centre,144,0
2026-08-01 18:10:00.000000,Peter Lougheed Centre,276,0
2026-08-01 18:10:00.000000,Red Deer Regional Hospital,300,0
2026-08-01 18:10:00.000000,Rockyview General Hospital,190,0
2026-08-01 18:10:00.000000,Royal Alexandra Hospital,217,0
2026-08-01 18:10:00.000000,Sheldon M. Chumir Centre,181,0
2026-08-01 18:10:00.000000,South Calgary Health Centre,,0
2026-08-01 18:10:00.000000,South Health Campus Children[;]South Health Campus,30,
2026-08-01 18:10:00.000000,Stollery Children's Hospital,91,0
2026-08-01 18:10:00.000000,Strathcona Community Hospital,415,0
2026-08-01 18:10:00.000000,Sturgeon Community Hospital,256,0
2026-08-01 18:10:00.000000,University of Alberta Hospital,301,0
2026-08-01 18:10:00.000000,WestView Health Centre,195,0
2026-08-01 18:20:00.000000,Airdrie Community Health Centre,57,0
2026-08-01 18:20:00.000000,Alberta Children's Hospital,58,0
2026-08-01 18:20:00.000000,Chinook Regional Hospital,79,0
2026-08-01 18:20:00.000000,Cochrane Community Health Centre,80,0
2026-08-01 18:20:00.000000,Devon General Hospital,36,0
2026-08-01 18:20:00.000000,Foothills Medical Centre,217,0
2026-08-01 18:20:00.000000,Fort Sask Community Hospital,334,0
2026-08-01 18:20:00.000000,Grande Prairie Regional Hospital,50,0
2026-08-01 18:20:00.000000,Grey Nuns Community Hospital,145,0
2026-08-01 18:20:00.000000,Innisfail Health Centre,,1
2026-08-01 18:20:00.000000,Lacombe Hospital and Care Centre,,1
2026-08-01 18:20:00.000000,Leduc Community Hospital,310,0
2026-08-01 18:20:00.000000,Medicine Hat Regional Hospital,146,0
2026-08-01 18:20:00.000000,Misericordia Community Hospital,573,0
2026-08-01 18:20:00.000000,Northeast Community Health Centre,156,0
2026-08-01 18:20:00.000000,Northern Lights Regional Health Centre,68,0
2026-08-01 18:20:00.000000,Okotoks Health and Wellness Centre,133,0
2026-08-01 18:20:00.000000,Peter Lougheed Centre,278,0
2026-08-01 18:20:00.000000,Red Deer Regional Hospital,303,0
2026-08-01 18:20:00.000000,Rockyview General Hospital,194,0
2026-08-01 18:20:00.000000,Royal Alexandra Hospital,212,0
2026-08-01 18:20:00.000000,Sheldon M. Chumir Centre,186,0
2026-08-01 18:20:00.000000,South Calgary Health Centre,,0
2026-08-01 18:20:00.000000,South Health Campus Children[;]South Health Campus,30,
2026-08-01 18:20:00.000000,Stollery Children's Hospital,81,0
2026-08-01 18:20:00.000000,Strathcona Community Hospital,399,0
2026-08-01 18:20:00.000000,Sturgeon Community Hospital,253,0
2026-08-01 18:20:00.000000,University of Alberta Hospital,304,0
2026-08-01 18:20:00.000000,WestView Health Centre,202,0
2026-08-01 18:30:00.000000,Airdrie Community Health Centre,48,0
2026-08-01 18:30:00.000000,Alberta Children's Hospital,58,0
2026-08-01 18:30:00.000000,Chinook Regional Hospital,83,0
2026-08-01 18:30:00.000000,Cochrane Community Health Centre,60,0
2026-08-01 18:30:00.000000,Devon General Hospital,30,0
2026-08-01 18:30:00.000000,Foothills Medical Centre,208,0
2026-08-01 18:30:00.000000,Fort Sask Community Hospital,334,0
2026-08-01 18:30:00.000000,Grande Prairie Regional Hospital,50,0
2026-08-01 18:30:00.000000,Grey Nuns Community Hospital,145,0
2026-08-01 18:30:00.000000,Innisfail Health Centre,,1
2026-08-01 18:30:00.000000,Lacombe Hospital and Care Centre,,1
2026-08-01 18:30:00.000000,Leduc Community Hospital,310,0
2026-08-01 18:30:00.000000,Medicine Hat Regional Hospital,173,0
2026-08-01 18:30:00.000000,Misericordia Community Hospital,608,0
2026-08-01 18:30:00.000000,Northeast Community Health Centre,181,0
2026-08-01 18:30:00.000000,Northern Lights Regional Health Centre,76,0
2026-08-01 18:30:00.000000,Okotoks Health and Wellness Centre,133,0
2026-08-01 18:30:00.000000,Peter Lougheed Centre,274,0
2026-08-01 18:30:00.000000,Red Deer Regional Hospital,316,0
2026-08-01 18:30:00.000000,Rockyview General Hospital,202,0
2026-08-01 18:30:00.000000,Royal Alexandra Hospital,207,0
2026-08-01 18:30:00.000000,Sheldon M. Chumir Centre,166,0
2026-08-01 18:30:00.000000,South Calgary Health Centre,,0
2026-08-01 18:30:00.000000,South Health Campus Children[;]South Health Campus,30,
2026-08-01 18:30:00.000000,Stollery Children's Hospital,72,0
2026-08-01 18:30:00.000000,Strathcona Community Hospital,399,0
2026-08-01 18:30:00.000000,Sturgeon Community Hospital,258,0
2026-08-01 18:30:00.000000,University of Alberta Hospital,306,0
2026-08-01 18:30:00.000000,WestView Health Centre,224,0
2026-08-01 18:40:00.000000,Airdrie Community Health Centre,57,0
2026-08-01 18:40:00.000000,Alberta Children's Hospital,52,0
2026-08-01 18:40:00.000000,Chinook Regional Hospital,94,0
2026-08-01 18:40:00.000000,Cochrane Community Health Centre,60,0
2026-08-01 18:40:00.000000,Devon General Hospital,30,0
2026-08-01 18:40:00.000000,Foothills Medical Centre,226,0
2026-08-01 18:40:00.000000,Fort Sask Community Hospital,334,0
2026-08-01 18:40:00.000000,Grande Prairie Regional Hospital,57,0
2026-08-01 18:40:00.000000,Grey Nuns Community Hospital,145,0
2026-08-01 18:40:00.000000,Innisfail Health Centre,,1
2026-08-01 18:40:00.000000,Lacombe Hospital and Care Centre,,1
2026-08-01 18:40:00.000000,Leduc Community Hospital,232,0
2026-08-01 18:40:00.000000,Medicine Hat Regional Hospital,173,0
2026-08-01 18:40:00.000000,Misericordia Community Hospital,623,0
2026-08-01 18:40:00.000000,Northeast Community Health Centre,193,0
2026-08-01 18:40:00.000000,Northern Lights Regional Health Centre,68,0
2026-08-01 18:40:00.000000,Okotoks Health and Wellness Centre,122,0
2026-08-01 18:40:00.000000,Peter Lougheed Centre,283,0
2026-08-01 18:40:00.000000,Red Deer Regional Hospital,303,0
2026-08-01 18:40:00.000000,Rockyview General Hospital,195,0
2026-08-01 18:40:00.000000,Royal Alexandra Hospital,195,0
2026-08-01 18:40:00.000000,Sheldon M. Chumir Centre,188,0
2026-08-01 18:40:00.000000,South Calgary Health Centre,,0
2026-08-01 18:40:00.000000,South Health Campus Children[;]South Health Campus,30,
2026-08-01 18:40:00.000000,Stollery Children's Hospital,81,0
2026-08-01 18:40:00.000000,Strathcona Community Hospital,399,0
2026-08-01 18:40:00.000000,Sturgeon Community Hospital,254,0
2026-08-01 18:40:00.000000,University of Alberta Hospital,309,0
2026-08-01 18:40:00.000000,WestView Health Centre,240,0
2026-08-01 18:50:00.000000,Airdrie Community Health Centre,95,0
2026-08-01 18:50:00.000000,Alberta Children's Hospital,41,0
2026-08-01 18:50:00.000000,Chinook Regional Hospital,91,0
2026-08-01 18:50:00.000000,Cochrane Community Health Centre,80,0
2026-08-01 18:50:00.000000,Devon General Hospital,73,0
2026-08-01 18:50:00.000000,Foothills Medical Centre,210,0
2026-08-01 18:50:00.000000,Fort Sask Community Hospital,334,0
2026-08-01 18:50:00.000000,Grande Prairie Regional Hospital,57,0
2026-08-01 18:50:00.000000,Grey Nuns Community Hospital,153,0
2026-08-01 18:50:00.000000,Innisfail Health Centre,,1
2026-08-01 18:50:00.000000,Lacombe Hospital and Care Centre,,1
2026-08-01 18:50:00.000000,Leduc Community Hospital,232,0
2026-08-01 18:50:00.000000,Medicine Hat Regional Hospital,181,0
2026-08-01 18:50:00.000000,Misericordia Community Hospital,640,0
2026-08-01 18:50:00.000000,Northeast Community Health Centre,205,0
2026-08-01 18:50:00.000000,Northern Lights Regional Health Centre,30,0
2026-08-01 18:50:00.000000,Okotoks Health and Wellness Centre,133,0
2026-08-01 18:50:00.000000,Peter Lougheed Centre,285,0
2026-08-01 18:50:00.000000,Red Deer Regional Hospital,276,0
2026-08-01 18:50:00.000000,Rockyview General Hospital,201,0
2026-08-01 18:50:00.000000,Royal Alexandra Hospital,191,0
2026-08-01 18:50:00.000000,Sheldon M. Chumir Centre,200,0
2026-08-01 18:50:00.000000,South Calgary Health Centre,,0
2026-08-01 18:50:00.000000,South Health Campus Children[;]South Health Campus,30,
2026-08-01 18:50:00.000000,Stollery Children's Hospital,81,0
2026-08-01 18:50:00.000000,Strathcona Community Hospital,384,0
2026-08-01 18:50:00.000000,Sturgeon Community Hospital,259,0
2026-08-01 18:50:00.000000,University of Alberta Hospital,299,0
2026-08-01 18:50:00.000000,WestView Health Centre,226,0
2026-08-01 19:00:00.000000,Airdrie Community Health Centre,101,0
2026-08-01 19:00:00.000000,Alberta Children's Hospital,30,0
2026-08-01 19:00:00.000000,Chinook Regional Hospital,101,0
2026-08-01 19:00:00.000000,Cochrane Community Health Centre,90,0
2026-08-01 19:00:00.000000,Devon General Hospital,73,0
2026-08-01 19:00:00.000000,Foothills Medical Centre,208,0
2026-08-01 19:00:00.000000,Fort Sask Community Hospital,361,0
2026-08-01 19:00:00.000000,Grande Prairie Regional Hospital,72,0
2026-08-01 19:00:00.000000,Grey Nuns Community Hospital,137,0
2026-08-01 19:00:00.000000,Innisfail Health Centre,,1
2026-08-01 19:00:00.000000,Lacombe Hospital and Care Centre,,1
2026-08-01 19:00:00.000000,Leduc Community Hospital,213,0
2026-08-01 19:00:00.000000,Medicine Hat Regional Hospital,179,0
2026-08-01 19:00:00.000000,Misericordia Community Hospital,623,0
2026-08-01 19:00:00.000000,Northeast Community Health Centre,229,0
2026-08-01 19:00:00.000000,Northern Lights Regional Health Centre,34,0
2026-08-01 19:00:00.000000,Okotoks Health and Wellness Centre,111,0
2026-08-01 19:00:00.000000,Peter Lougheed Centre,274,0
2026-08-01 19:00:00.000000,Red Deer Regional Hospital,263,0
2026-08-01 19:00:00.000000,Rockyview General Hospital,213,0
2026-08-01 19:00:00.000000,Royal Alexandra Hospital,200,0
2026-08-01 19:00:00.000000,Sheldon M. Chumir Centre,205,0
2026-08-01 19:00:00.000000,South Calgary Health Centre,,0
2026-08-01 19:00:00.000000,South Health Campus Children[;]South Health Campus,30,
2026-08-01 19:00:00.000000,Stollery Children's Hospital,72,0
2026-08-01 19:00:00.000000,Strathcona Community Hospital,353,0
2026-08-01 19:00:00.000000,Sturgeon Community Hospital,265,0
2026-08-01 19:00:00.000000,University of Alberta Hospital,290,0
2026-08-01 19:00:00.000000,WestView Health Centre,204,0
2026-08-01 19:10:00.000000,Airdrie Community Health Centre,121,0
2026-08-01 19:10:00.000000,Alberta Children's Hospital,41,0
2026-08-01 19:10:00.000000,Chinook Regional Hospital,103,0
2026-08-01 19:10:00.000000,Cochrane Community Health Centre,70,0
2026-08-01 19:10:00.000000,Devon General Hospital,73,0
2026-08-01 19:10:00.000000,Foothills Medical Centre,181,0
2026-08-01 19:10:00.000000,Fort Sask Community Hospital,389,0
2026-08-01 19:10:00.000000,Grande Prairie Regional Hospital,64,0
2026-08-01 19:10:00.000000,Grey Nuns Community Hospital,145,0
2026-08-01 19:10:00.000000,Innisfail Health Centre,,1
2026-08-01 19:10:00.000000,Lacombe Hospital and Care Centre,,1
2026-08-01 19:10:00.000000,Leduc Community Hospital,213,0
2026-08-01 19:10:00.000000,Medicine Hat Regional Hospital,167,0
2026-08-01 19:10:00.000000,Misericordia Community Hospital,655,0
2026-08-01 19:10:00.000000,Northeast Community Health Centre,205,0
2026-08-01 19:10:00.000000,Northern Lights Regional Health Centre,30,0
2026-08-01 19:10:00.000000,Okotoks Health and Wellness Centre,122,0
2026-08-01 19:10:00.000000,Peter Lougheed Centre,229,0
2026-08-01 19:10:00.000000,Red Deer Regional Hospital,250,0
2026-08-01 19:10:00.000000,Rockyview General Hospital,219,0
2026-08-01 19:10:00.000000,Royal Alexandra Hospital,202,0
2026-08-01 19:10:00.000000,Sheldon M. Chumir Centre,218,0
2026-08-01 19:10:00.000000,South Calgary Health Centre,,0
2026-08-01 19:10:00.000000,South Health Campus Children[;]South Health Campus,30,
2026-08-01 19:10:00.000000,Stollery Children's Hospital,72,0
2026-08-01 19:10:00.000000,Strathcona Community Hospital,351,0
2026-08-01 19:10:00.000000,Sturgeon Community Hospital,276,0
2026-08-01 19:10:00.000000,University of Alberta Hospital,293,0
2026-08-01 19:10:00.000000,WestView Health Centre,256,0
2026-08-01 19:20:00.000000,Airdrie Community Health Centre,126,0
2026-08-01 19:20:00.000000,Alberta Children's Hospital,47,0
2026-08-01 19:20:00.000000,Chinook Regional Hospital,79,0
2026-08-01 19:20:00.000000,Cochrane Community Health Centre,70,0
2026-08-01 19:20:00.000000,Devon General Hospital,36,0
2026-08-01 19:20:00.000000,Foothills Medical Centre,189,0
2026-08-01 19:20:00.000000,Fort Sask Community Hospital,368,0
2026-08-01 19:20:00.000000,Grande Prairie Regional Hospital,64,0
2026-08-01 19:20:00.000000,Grey Nuns Community Hospital,176,0
2026-08-01 19:20:00.000000,Innisfail Health Centre,,1
2026-08-01 19:20:00.000000,Lacombe Hospital and Care Centre,,1
2026-08-01 19:20:00.000000,Leduc Community Hospital,232,0
2026-08-01 19:20:00.000000,Medicine Hat Regional Hospital,133,0
2026-08-01 19:20:00.000000,Misericordia Community Hospital,628,0
2026-08-01 19:20:00.000000,Northeast Community Health Centre,192,0
2026-08-01 19:20:00.000000,Northern Lights Regional Health Centre,30,0
2026-08-01 19:20:00.000000,Okotoks Health and Wellness Centre,99,0
2026-08-01 19:20:00.000000,Peter Lougheed Centre,251,0
2026-08-01 19:20:00.000000,Red Deer Regional Hospital,265,0
2026-08-01 19:20:00.000000,Rockyview General Hospital,207,0
2026-08-01 19:20:00.000000,Royal Alexandra Hospital,191,0
2026-08-01 19:20:00.000000,Sheldon M. Chumir Centre,198,0
2026-08-01 19:20:00.000000,South Calgary Health Centre,,0
2026-08-01 19:20:00.000000,South Health Campus Children[;]South Health Campus,30,
2026-08-01 19:20:00.000000,Stollery Children's Hospital,72,0
2026-08-01 19:20:00.000000,Strathcona Community Hospital,346,0
2026-08-01 19:20:00.000000,Sturgeon Community Hospital,292,0
2026-08-01 19:20:00.000000,University of Alberta Hospital,301,0
2026-08-01 19:20:00.000000,WestView Health Centre,277,0
2026-08-01 19:30:00.000000,Airdrie Community Health Centre,109,0
2026-08-01 19:30:00.000000,Alberta Children's Hospital,59,0
2026-08-01 19:30:00.000000,Chinook Regional Hospital,79,0
2026-08-01 19:30:00.000000,Cochrane Community Health Centre,70,0
2026-08-01 19:30:00.000000,Devon General Hospital,30,0
2026-08-01 19:30:00.000000,Foothills Medical Centre,198,0
2026-08-01 19:30:00.000000,Fort Sask Community Hospital,368,0
2026-08-01 19:30:00.000000,Grande Prairie Regional Hospital,57,0
2026-08-01 19:30:00.000000,Grey Nuns Community Hospital,176,0
2026-08-01 19:30:00.000000,Innisfail Health Centre,,1
2026-08-01 19:30:00.000000,Lacombe Hospital and Care Centre,,1
2026-08-01 19:30:00.000000,Leduc Community Hospital,232,0
2026-08-01 19:30:00.000000,Medicine Hat Regional Hospital,143,0
2026-08-01 19:30:00.000000,Misericordia Community Hospital,639,0
2026-08-01 19:30:00.000000,Northeast Community Health Centre,192,0
2026-08-01 19:30:00.000000,Northern Lights Regional Health Centre,30,0
2026-08-01 19:30:00.000000,Okotoks Health and Wellness Centre,111,0
2026-08-01 19:30:00.000000,Peter Lougheed Centre,247,0
2026-08-01 19:30:00.000000,Red Deer Regional Hospital,252,0
2026-08-01 19:30:00.000000,Rockyview General Hospital,213,0
2026-08-01 19:30:00.000000,Royal Alexandra Hospital,214,0
2026-08-01 19:30:00.000000,Sheldon M. Chumir Centre,187,0
2026-08-01 19:30:00.000000,South Calgary Health Centre,,0
2026-08-01 19:30:00.000000,South Health Campus Children[;]South Health Campus,30,
2026-08-01 19:30:00.000000,Stollery Children's Hospital,54,0
2026-08-01 19:30:00.000000,Strathcona Community Hospital,339,0
2026-08-01 19:30:00.000000,Sturgeon Community Hospital,296,0
2026-08-01 19:30:00.000000,University of Alberta Hospital,291,0
2026-08-01 19:30:00.000000,WestView Health Centre,301,0
2026-08-01 19:40:00.000000,Airdrie Community Health Centre,115,0
2026-08-01 19:40:00.000000,Alberta Children's Hospital,70,0
2026-08-01 19:40:00.000000,Chinook Regional Hospital,86,0
2026-08-01 19:40:00.000000,Cochrane Community Health Centre,80,0
2026-08-01 19:40:00.000000,Devon General Hospital,30,0
2026-08-01 19:40:00.000000,Foothills Medical Centre,172,0
2026-08-01 19:40:00.000000,Fort Sask Community Hospital,368,0
2026-08-01 19:40:00.000000,Grande Prairie Regional Hospital,74,0
2026-08-01 19:40:00.000000,Grey Nuns Community Hospital,193,0
2026-08-01 19:40:00.000000,Innisfail Health Centre,,1
2026-08-01 19:40:00.000000,Lacombe Hospital and Care Centre,,1
2026-08-01 19:40:00.000000,Leduc Community Hospital,252,0
2026-08-01 19:40:00.000000,Medicine Hat Regional Hospital,158,0
2026-08-01 19:40:00.000000,Misericordia Community Hospital,639,0
2026-08-01 19:40:00.000000,Northeast Community Health Centre,204,0
2026-08-01 19:40:00.000000,Northern Lights Regional Health Centre,51,0
2026-08-01 19:40:00.000000,Okotoks Health and Wellness Centre,99,0
2026-08-01 19:40:00.000000,Peter Lougheed Centre,249,0
2026-08-01 19:40:00.000000,Red Deer Regional Hospital,238,0
2026-08-01 19:40:00.000000,Rockyview General Hospital,215,0
2026-08-01 19:40:00.000000,Royal Alexandra Hospital,210,0
2026-08-01 19:40:00.000000,Sheldon M. Chumir Centre,191,0
2026-08-01 19:40:00.000000,South Calgary Health Centre,,0
2026-08-01 19:40:00.000000,South Health Campus Children[;]South Health Campus,54,
2026-08-01 19:40:00.000000,Stollery Children's Hospital,58,0
2026-08-01 19:40:00.000000,Strathcona Community Hospital,299,0
2026-08-01 19:40:00.000000,Sturgeon Community Hospital,314,0
2026-08-01 19:40:00.000000,University of Alberta Hospital,296,0
2026-08-01 19:40:00.000000,WestView Health Centre,283,0
2026-08-01 19:50:00.000000,Airdrie Community Health Centre,125,0
2026-08-01 19:50:00.000000,Alberta Children's Hospital,79,0
2026-08-01 19:50:00.000000,Chinook Regional Hospital,72,0
2026-08-01 19:50:00.000000,Cochrane Community Health Centre,60,0
2026-08-01 19:50:00.000000,Devon General Hospital,36,0
2026-08-01 19:50:00.000000,Foothills Medical Centre,173,0
2026-08-01 19:50:00.000000,Fort Sask Community Hospital,339,0
2026-08-01 19:50:00.000000,Grande Prairie Regional Hospital,79,0
2026-08-01 19:50:00.000000,Grey Nuns Community Hospital,201,0
2026-08-01 19:50:00.000000,Innisfail Health Centre,,1
2026-08-01 19:50:00.000000,Lacombe Hospital and Care Centre,,1
2026-08-01 19:50:00.000000,Leduc Community Hospital,252,0
2026-08-01 19:50:00.000000,Medicine Hat Regional Hospital,155,0
2026-08-01 19:50:00.000000,Misericordia Community Hospital,639,0
2026-08-01 19:50:00.000000,Northeast Community Health Centre,216,0
2026-08-01 19:50:00.000000,Northern Lights Regional Health Centre,76,0
2026-08-01 19:50:00.000000,Okotoks Health and Wellness Centre,99,0
2026-08-01 19:50:00.000000,Peter Lougheed Centre,251,0
2026-08-01 19:50:00.000000,Red Deer Regional Hospital,225,0
2026-08-01 19:50:00.000000,Rockyview General Hospital,217,0
2026-08-01 19:50:00.000000,Royal Alexandra Hospital,219,0
2026-08-01 19:50:00.000000,Sheldon M. Chumir Centre,213,0
2026-08-01 19:50:00.000000,South Calgary Health Centre,,0
2026-08-01 19:50:00.000000,South Health Campus Children[;]South Health Campus,54,
2026-08-01 19:50:00.000000,Stollery Children's Hospital,51,0
2026-08-01 19:50:00.000000,Strathcona Community Hospital,292,0
2026-08-01 19:50:00.000000,Sturgeon Community Hospital,283,0
2026-08-01 19:50:00.000000,University of Alberta Hospital,296,0
2026-08-01 19:50:00.000000,WestView Health Centre,283,0
2026-08-01 20:00:00.000000,Airdrie Community Health Centre,105,0
2026-08-01 20:00:00.000000,Alberta Children's Hospital,104,0
2026-08-01 20:00:00.000000,Chinook Regional Hospital,72,0
2026-08-01 20:00:00.000000,Cochrane Community Health Centre,60,0
2026-08-01 20:00:00.000000,Devon General Hospital,73,0
2026-08-01 20:00:00.000000,Foothills Medical Centre,162,0
2026-08-01 20:00:00.000000,Fort Sask Community Hospital,311,0
2026-08-01 20:00:00.000000,Grande Prairie Regional Hospital,84,0
2026-08-01 20:00:00.000000,Grey Nuns Community Hospital,218,0
2026-08-01 20:00:00.000000,Innisfail Health Centre,,1
2026-08-01 20:00:00.000000,Lacombe Hospital and Care Centre,,1
2026-08-01 20:00:00.000000,Leduc Community Hospital,252,0
2026-08-01 20:00:00.000000,Medicine Hat Regional Hospital,143,0
2026-08-01 20:00:00.000000,Misericordia Community Hospital,651,0
2026-08-01 20:00:00.000000,Northeast Community Health Centre,230,0
2026-08-01 20:00:00.000000,Northern Lights Regional Health Centre,85,0
2026-08-01 20:00:00.000000,Okotoks Health and Wellness Centre,108,0
2026-08-01 20:00:00.000000,Peter Lougheed Centre,234,0
2026-08-01 20:00:00.000000,Red Deer Regional Hospital,185,0
2026-08-01 20:00:00.000000,Rockyview General Hospital,241,0
2026-08-01 20:00:00.000000,Royal Alexandra Hospital,207,0
2026-08-01 20:00:00.000000,Sheldon M. Chumir Centre,213,0
2026-08-01 20:00:00.000000,South Calgary Health Centre,,0
2026-08-01 20:00:00.000000,South Health Campus Children[;]South Health Campus,30,
2026-08-01 20:00:00.000000,Stollery Children's Hospital,46,0
2026-08-01 20:00:00.000000,Strathcona Community Hospital,299,0
2026-08-01 20:00:00.000000,Sturgeon Community Hospital,241,0
2026-08-01 20:00:00.000000,University of Alberta Hospital,291,0
2026-08-01 20:00:00.000000,WestView Health Centre,319,0
2026-08-01 20:10:00.000000,Airdrie Community Health Centre,116,0
2026-08-01 20:10:00.000000,Alberta Children's Hospital,127,0
2026-08-01 20:10:00.000000,Chinook Regional Hospital,79,0
2026-08-01 20:10:00.000000,Cochrane Community Health Centre,,0
2026-08-01 20:10:00.000000,Devon General Hospital,109,0
2026-08-01 20:10:00.000000,Foothills Medical Centre,156,0
2026-08-01 20:10:00.000000,Fort Sask Community Hospital,339,0
2026-08-01 20:10:00.000000,Grande Prairie Regional Hospital,103,0
2026-08-01 20:10:00.000000,Grey Nuns Community Hospital,218,0
2026-08-01 20:10:00.000000,Innisfail Health Centre,,1
2026-08-01 20:10:00.000000,Lacombe Hospital and Care Centre,,1
2026-08-01 20:10:00.000000,Leduc Community Hospital,252,0
2026-08-01 20:10:00.000000,Medicine Hat Regional Hospital,140,0
2026-08-01 20:10:00.000000,Misericordia Community Hospital,614,0
2026-08-01 20:10:00.000000,Northeast Community Health Centre,204,0
2026-08-01 20:10:00.000000,Northern Lights Regional Health Centre,68,0
2026-08-01 20:10:00.000000,Okotoks Health and Wellness Centre,,0
2026-08-01 20:10:00.000000,Peter Lougheed Centre,229,0
2026-08-01 20:10:00.000000,Red Deer Regional Hospital,172,0
2026-08-01 20:10:00.000000,Rockyview General Hospital,236,0
2026-08-01 20:10:00.000000,Royal Alexandra Hospital,208,0
2026-08-01 20:10:00.000000,Sheldon M. Chumir Centre,203,0
2026-08-01 20:10:00.000000,South Calgary Health Centre,,0
2026-08-01 20:10:00.000000,South Health Campus Children[;]South Health Campus,30,
2026-08-01 20:10:00.000000,Stollery Children's Hospital,48,0
2026-08-01 20:10:00.000000,Strathcona Community Hospital,292,0
2026-08-01 20:10:00.000000,Sturgeon Community Hospital,243,0
2026-08-01 20:10:00.000000,University of Alberta Hospital,281,0
2026-08-01 20:10:00.000000,WestView Health Centre,315,0
2026-08-01 20:20:00.000000,Airdrie Community Health Centre,110,0
2026-08-01 20:20:00.000000,Alberta Children's Hospital,134,0
2026-08-01 20:20:00.000000,Chinook Regional Hospital,93,0
2026-08-01 20:20:00.000000,Cochrane Community Health Centre,,0
2026-08-01 20:20:00.000000,Devon General Hospital,109,0
2026-08-01 20:20:00.000000,Foothills Medical Centre,158,0
2026-08-01 20:20:00.000000,Fort Sask Community Hospital,368,0
2026-08-01 20:20:00.000000,Grande Prairie Regional Hospital,78,0
2026-08-01 20:20:00.000000,Grey Nuns Community Hospital,201,0
2026-08-01 20:20:00.000000,Innisfail Health Centre,,1
2026-08-01 20:20:00.000000,Lacombe Hospital and Care Centre,,1
2026-08-01 20:20:00.000000,Leduc Community Hospital,252,0
2026-08-01 20:20:00.000000,Medicine Hat Regional Hospital,147,0
2026-08-01 20:20:00.000000,Misericordia Community Hospital,620,0
2026-08-01 20:20:00.000000,Northeast Community Health Centre,180,0
2026-08-01 20:20:00.000000,Northern Lights Regional Health Centre,68,0
2026-08-01 20:20:00.000000,Okotoks Health and Wellness Centre,,0
2026-08-01 20:20:00.000000,Peter Lougheed Centre,238,0
2026-08-01 20:20:00.000000,Red Deer Regional Hospital,172,0
2026-08-01 20:20:00.000000,Rockyview General Hospital,261,0
2026-08-01 20:20:00.000000,Royal Alexandra Hospital,187,0
2026-08-01 20:20:00.000000,Sheldon M. Chumir Centre,187,0
2026-08-01 20:20:00.000000,South Calgary Health Centre,,0
2026-08-01 20:20:00.000000,South Health Campus Children[;]South Health Campus,30,
2026-08-01 20:20:00.000000,Stollery Children's Hospital,36,0
2026-08-01 20:20:00.000000,Strathcona Community Hospital,301,0
2026-08-01 20:20:00.000000,Sturgeon Community Hospital,243,0
2026-08-01 20:20:00.000000,University of Alberta Hospital,274,0
2026-08-01 20:20:00.000000,WestView Health Centre,307,0
2026-08-01 20:30:00.000000,Airdrie Community Health Centre,137,0
2026-08-01 20:30:00.000000,Alberta Children's Hospital,169,0
2026-08-01 20:30:00.000000,Chinook Regional Hospital,93,0
2026-08-01 20:30:00.000000,Cochrane Community Health Centre,,0
2026-08-01 20:30:00.000000,Devon General Hospital,183,0
2026-08-01 20:30:00.000000,Foothills Medical Centre,169,0
2026-08-01 20:30:00.000000,Fort Sask Community Hospital,339,0
2026-08-01 20:30:00.000000,Grande Prairie Regional Hospital,84,0
2026-08-01 20:30:00.000000,Grey Nuns Community Hospital,201,0
2026-08-01 20:30:00.000000,Innisfail Health Centre,,1
2026-08-01 20:30:00.000000,Lacombe Hospital and Care Centre,,1
2026-08-01 20:30:00.000000,Leduc Community Hospital,213,0
2026-08-01 20:30:00.000000,Medicine Hat Regional Hospital,116,0
2026-08-01 20:30:00.000000,Misericordia Community Hospital,613,0
2026-08-01 20:30:00.000000,Northeast Community Health Centre,203,0
2026-08-01 20:30:00.000000,Northern Lights Regional Health Centre,51,0
2026-08-01 20:30:00.000000,Okotoks Health and Wellness Centre,,0
2026-08-01 20:30:00.000000,Peter Lougheed Centre,220,0
2026-08-01 20:30:00.000000,Red Deer Regional Hospital,159,0
2026-08-01 20:30:00.000000,Rockyview General Hospital,246,0
2026-08-01 20:30:00.000000,Royal Alexandra Hospital,223,0
2026-08-01 20:30:00.000000,Sheldon M. Chumir Centre,171,0
2026-08-01 20:30:00.000000,South Calgary Health Centre,,0
2026-08-01 20:30:00.000000,South Health Campus Children[;]South Health Campus,30,
2026-08-01 20:30:00.000000,Stollery Children's Hospital,30,0
2026-08-01 20:30:00.000000,Strathcona Community Hospital,276,0
2026-08-01 20:30:00.000000,Sturgeon Community Hospital,255,0
2026-08-01 20:30:00.000000,University of Alberta Hospital,272,0
2026-08-01 20:30:00.000000,WestView Health Centre,297,0
2026-08-01 20:40:00.000000,Airdrie Community Health Centre,145,0
2026-08-01 20:40:00.000000,Alberta Children's Hospital,169,0
2026-08-01 20:40:00.000000,Chinook Regional Hospital,126,0
2026-08-01 20:40:00.000000,Cochrane Community Health Centre,,0
2026-08-01 20:40:00.000000,Devon General Hospital,219,0
2026-08-01 20:40:00.000000,Foothills Medical Centre,186,0
2026-08-01 20:40:00.000000,Fort Sask Community Hospital,368,0
2026-08-01 20:40:00.000000,Grande Prairie Regional Hospital,103,0
2026-08-01 20:40:00.000000,Grey Nuns Community Hospital,209,0
2026-08-01 20:40:00.000000,Innisfail Health Centre,,1
2026-08-01 20:40:00.000000,Lacombe Hospital and Care Centre,,1
2026-08-01 20:40:00.000000,Leduc Community Hospital,232,0
2026-08-01 20:40:00.000000,Medicine Hat Regional Hospital,114,0
2026-08-01 20:40:00.000000,Misericordia Community Hospital,620,0
2026-08-01 20:40:00.000000,Northeast Community Health Centre,263,0
2026-08-01 20:40:00.000000,Northern Lights Regional Health Centre,76,0
2026-08-01 20:40:00.000000,Okotoks Health and Wellness Centre,,0
2026-08-01 20:40:00.000000,Peter Lougheed Centre,238,0
2026-08-01 20:40:00.000000,Red Deer Regional Hospital,172,0
2026-08-01 20:40:00.000000,Rockyview General Hospital,230,0
2026-08-01 20:40:00.000000,Royal Alexandra Hospital,237,0
2026-08-01 20:40:00.000000,Sheldon M. Chumir Centre,185,0
2026-08-01 20:40:00.000000,South Calgary Health Centre,,0
2026-08-01 20:40:00.000000,South Health Campus Children[;]South Health Campus,30,
2026-08-01 20:40:00.000000,Stollery Children's Hospital,36,0
2026-08-01 20:40:00.000000,Strathcona Community Hospital,284,0
2026-08-01 20:40:00.000000,Sturgeon Community Hospital,266,0
2026-08-01 20:40:00.000000,University of Alberta Hospital,265,0
2026-08-01 20:40:00.000000,WestView Health Centre,307,0
2026-08-01 20:50:00.000000,Airdrie Community Health Centre,165,0
2026-08-01 20:50:00.000000,Alberta Children's Hospital,155,0
2026-08-01 20:50:00.000000,Chinook Regional Hospital,132,0
2026-08-01 20:50:00.000000,Cochrane Community Health Centre,,0
2026-08-01 20:50:00.000000,Devon General Hospital,219,0
2026-08-01 20:50:00.000000,Foothills Medical Centre,166,0
2026-08-01 20:50:00.000000,Fort Sask Community Hospital,368,0
2026-08-01 20:50:00.000000,Grande Prairie Regional Hospital,93,0
2026-08-01 20:50:00.000000,Grey Nuns Community Hospital,226,0
2026-08-01 20:50:00.000000,Innisfail Health Centre,,1
2026-08-01 20:50:00.000000,Lacombe Hospital and Care Centre,,1
2026-08-01 20:50:00.000000,Leduc Community Hospital,232,0
2026-08-01 20:50:00.000000,Medicine Hat Regional Hospital,120,0
2026-08-01 20:50:00.000000,Misericordia Community Hospital,614,0
2026-08-01 20:50:00.000000,Northeast Community Health Centre,251,0
2026-08-01 20:50:00.000000,Northern Lights Regional Health Centre,42,0
2026-08-01 20:50:00.000000,Okotoks Health and Wellness Centre,,0
2026-08-01 20:50:00.000000,Peter Lougheed Centre,225,0
2026-08-01 20:50:00.000000,Red Deer Regional Hospital,172,0
2026-08-01 20:50:00.000000,Rockyview General Hospital,247,0
2026-08-01 20:50:00.000000,Royal Alexandra Hospital,251,0
2026-08-01 20:50:00.000000,Sheldon M. Chumir Centre,179,0
2026-08-01 20:50:00.000000,South Calgary Health Centre,,0
2026-08-01 20:50:00.000000,South Health Campus Children[;]South Health Campus,30,
2026-08-01 20:50:00.000000,Stollery Children's Hospital,36,0
2026-08-01 20:50:00.000000,Strathcona Community Hospital,293,0
2026-08-01 20:50:00.000000,Sturgeon Community Hospital,266,0
2026-08-01 20:50:00.000000,University of Alberta Hospital,277,0
2026-08-01 20:50:00.000000,WestView Health Centre,299,0
2026-08-01 21:00:00.000000,Airdrie Community Health Centre,189,0
2026-08-01 21:00:00.000000,Alberta Children's Hospital,162,0
2026-08-01 21:00:00.000000,Chinook Regional Hospital,86,0
2026-08-01 21:00:00.000000,Cochrane Community Health Centre,,0
2026-08-01 21:00:00.000000,Devon General Hospital,146,0
2026-08-01 21:00:00.000000,Foothills Medical Centre,191,0
2026-08-01 21:00:00.000000,Fort Sask Community Hospital,368,0
2026-08-01 21:00:00.000000,Grande Prairie Regional Hospital,70,0
2026-08-01 21:00:00.000000,Grey Nuns Community Hospital,226,0
2026-08-01 21:00:00.000000,Innisfail Health Centre,,1
2026-08-01 21:00:00.000000,Lacombe Hospital and Care Centre,,1
2026-08-01 21:00:00.000000,Leduc Community Hospital,252,0
2026-08-01 21:00:00.000000,Medicine Hat Regional Hospital,99,0
2026-08-01 21:00:00.000000,Misericordia Community Hospital,596,0
2026-08-01 21:00:00.000000,Northeast Community Health Centre,287,0
2026-08-01 21:00:00.000000,Northern Lights Regional Health Centre,59,0
2026-08-01 21:00:00.000000,Okotoks Health and Wellness Centre,,0
2026-08-01 21:00:00.000000,Peter Lougheed Centre,232,0
2026-08-01 21:00:00.000000,Red Deer Regional Hospital,159,0
2026-08-01 21:00:00.000000,Rockyview General Hospital,261,0
2026-08-01 21:00:00.000000,Royal Alexandra Hospital,244,0
2026-08-01 21:00:00.000000,Sheldon M. Chumir Centre,184,0
2026-08-01 21:00:00.000000,South Calgary Health Centre,,0
2026-08-01 21:00:00.000000,South Health Campus Children[;]South Health Campus,30,
2026-08-01 21:00:00.000000,Stollery Children's Hospital,30,0
2026-08-01 21:00:00.000000,Strathcona Community Hospital,252,0
2026-08-01 21:00:00.000000,Sturgeon Community Hospital,243,0
2026-08-01 21:00:00.000000,University of Alberta Hospital,271,0
2026-08-01 21:00:00.000000,WestView Health Centre,306,0
2026-08-01 21:10:00.000000,Airdrie Community Health Centre,194,0
2026-08-01 21:10:00.000000,Alberta Children's Hospital,169,0
2026-08-01 21:10:00.000000,Chinook Regional Hospital,104,0
2026-08-01 21:10:00.000000,Cochrane Community Health Centre,,0
2026-08-01 21:10:00.000000,Devon General Hospital,109,0
2026-08-01 21:10:00.000000,Foothills Medical Centre,215,0
2026-08-01 21:10:00.000000,Fort Sask Community Hospital,311,0
2026-08-01 21:10:00.000000,Grande Prairie Regional Hospital,74,0
2026-08-01 21:10:00.000000,Grey Nuns Community Hospital,243,0
2026-08-01 21:10:00.000000,Innisfail Health Centre,,1
2026-08-01 21:10:00.000000,Lacombe Hospital and Care Centre,,1
2026-08-01 21:10:00.000000,Leduc Community Hospital,232,0
2026-08-01 21:10:00.000000,Medicine Hat Regional Hospital,107,0
2026-08-01 21:10:00.000000,Misericordia Community Hospital,590,0
2026-08-01 21:10:00.000000,Northeast Community Health Centre,299,0
2026-08-01 21:10:00.000000,Northern Lights Regional Health Centre,59,0
2026-08-01 21:10:00.000000,Okotoks Health and Wellness Centre,,0
2026-08-01 21:10:00.000000,Peter Lougheed Centre,254,0
2026-08-01 21:10:00.000000,Red Deer Regional Hospital,144,0
2026-08-01 21:10:00.000000,Rockyview General Hospital,284,0
2026-08-01 21:10:00.000000,Royal Alexandra Hospital,237,0
2026-08-01 21:10:00.000000,Sheldon M. Chumir Centre,177,0
2026-08-01 21:10:00.000000,South Calgary Health Centre,,0
2026-08-01 21:10:00.000000,South Health Campus Children[;]South Health Campus,30,
2026-08-01 21:10:00.000000,Stollery Children's Hospital,48,0
2026-08-01 21:10:00.000000,Strathcona Community Hospital,187,0
2026-08-01 21:10:00.000000,Sturgeon Community Hospital,209,0
2026-08-01 21:10:00.000000,University of Alberta Hospital,240,0
2026-08-01 21:10:00.000000,WestView Health Centre,298,0
2026-08-01 21:20:00.000000,Airdrie Community Health Centre,197,0
2026-08-01 21:20:00.000000,Alberta Children's Hospital,176,0
2026-08-01 21:20:00.000000,Chinook Regional Hospital,122,0
2026-08-01 21:20:00.000000,Cochrane Community Health Centre,,0
2026-08-01 21:20:00.000000,Devon General Hospital,109,0
2026-08-01 21:20:00.000000,Foothills Medical Centre,229,0
2026-08-01 21:20:00.000000,Fort Sask Community Hospital,311,0
2026-08-01 21:20:00.000000,Grande Prairie Regional Hospital,79,0
2026-08-01 21:20:00.000000,Grey Nuns Community Hospital,235,0
2026-08-01 21:20:00.000000,Innisfail Health Centre,,1
2026-08-01 21:20:00.000000,Lacombe Hospital and Care Centre,,1
2026-08-01 21:20:00.000000,Leduc Community Hospital,252,0
2026-08-01 21:20:00.000000,Medicine Hat Regional Hospital,107,0
2026-08-01 21:20:00.000000,Misericordia Community Hospital,526,0
2026-08-01 21:20:00.000000,Northeast Community Health Centre,323,0
2026-08-01 21:20:00.000000,Northern Lights Regional Health Centre,76,0
2026-08-01 21:20:00.000000,Okotoks Health and Wellness Centre,,0
2026-08-01 21:20:00.000000,Peter Lougheed Centre,260,0
2026-08-01 21:20:00.000000,Red Deer Regional Hospital,166,0
2026-08-01 21:20:00.000000,Rockyview General Hospital,297,0
2026-08-01 21:20:00.000000,Royal Alexandra Hospital,244,0
2026-08-01 21:20:00.000000,Sheldon M. Chumir Centre,149,0
2026-08-01 21:20:00.000000,South Calgary Health Centre,,0
2026-08-01 21:20:00.000000,South Health Campus Children[;]South Health Campus,30,
2026-08-01 21:20:00.000000,Stollery Children's Hospital,72,0
2026-08-01 21:20:00.000000,Strathcona Community Hospital,202,0
2026-08-01 21:20:00.000000,Sturgeon Community Hospital,226,0
2026-08-01 21:20:00.000000,University of Alberta Hospital,239,0
2026-08-01 21:20:00.000000,WestView Health Centre,322,0
2026-08-01 21:30:00.000000,Airdrie Community Health Centre,189,0
2026-08-01 21:30:00.000000,Alberta Children's Hospital,155,0
2026-08-01 21:30:00.000000,Chinook Regional Hospital,122,0
2026-08-01 21:30:00.000000,Cochrane Community Health Centre,,0
2026-08-01 21:30:00.000000,Devon General Hospital,109,0
2026-08-01 21:30:00.000000,Foothills Medical Centre,237,0
2026-08-01 21:30:00.000000,Fort Sask Community Hospital,283,0
2026-08-01 21:30:00.000000,Grande Prairie Regional Hospital,83,0
2026-08-01 21:30:00.000000,Grey Nuns Community Hospital,235,0
2026-08-01 21:30:00.000000,Innisfail Health Centre,,1
2026-08-01 21:30:00.000000,Lacombe Hospital and Care Centre,,1
2026-08-01 21:30:00.000000,Leduc Community Hospital,252,0
2026-08-01 21:30:00.000000,Medicine Hat Regional Hospital,120,0
2026-08-01 21:30:00.000000,Misericordia Community Hospital,533,0
2026-08-01 21:30:00.000000,Northeast Community Health Centre,323,0
2026-08-01 21:30:00.000000,Northern Lights Regional Health Centre,64,0
2026-08-01 21:30:00.000000,Okotoks Health and Wellness Centre,,0
2026-08-01 21:30:00.000000,Peter Lougheed Centre,265,0
2026-08-01 21:30:00.000000,Red Deer Regional Hospital,148,0
2026-08-01 21:30:00.000000,Rockyview General Hospital,324,0
2026-08-01 21:30:00.000000,Royal Alexandra Hospital,259,0
2026-08-01 21:30:00.000000,Sheldon M. Chumir Centre,175,0
2026-08-01 21:30:00.000000,South Calgary Health Centre,,0
2026-08-01 21:30:00.000000,South Health Campus Children[;]South Health Campus,30,
2026-08-01 21:30:00.000000,Stollery Children's Hospital,84,0
2026-08-01 21:30:00.000000,Strathcona Community Hospital,187,0
2026-08-01 21:30:00.000000,Sturgeon Community Hospital,219,0
2026-08-01 21:30:00.000000,University of Alberta Hospital,217,0
2026-08-01 21:30:00.000000,WestView Health Centre,322,0
2026-08-01 21:40:00.000000,Airdrie Community Health Centre,194,0
2026-08-01 21:40:00.000000,Alberta Children's Hospital,162,0
2026-08-01 21:40:00.000000,Chinook Regional Hospital,129,0
2026-08-01 21:40:00.000000,Cochrane Community Health Centre,,0
2026-08-01 21:40:00.000000,Devon General Hospital,109,0
2026-08-01 21:40:00.000000,Foothills Medical Centre,237,0
2026-08-01 21:40:00.000000,Fort Sask Community Hospital,254,0
2026-08-01 21:40:00.000000,Grande Prairie Regional Hospital,118,0
2026-08-01 21:40:00.000000,Grey Nuns Community Hospital,235,0
2026-08-01 21:40:00.000000,Innisfail Health Centre,,1
2026-08-01 21:40:00.000000,Lacombe Hospital and Care Centre,,1
2026-08-01 21:40:00.000000,Leduc Community Hospital,271,0
2026-08-01 21:40:00.000000,Medicine Hat Regional Hospital,147,0
2026-08-01 21:40:00.000000,Misericordia Community Hospital,537,0
2026-08-01 21:40:00.000000,Northeast Community Health Centre,311,0
2026-08-01 21:40:00.000000,Northern Lights Regional Health Centre,106,0
2026-08-01 21:40:00.000000,Okotoks Health and Wellness Centre,,0
2026-08-01 21:40:00.000000,Peter Lougheed Centre,255,0
2026-08-01 21:40:00.000000,Red Deer Regional Hospital,143,0
2026-08-01 21:40:00.000000,Rockyview General Hospital,348,0
2026-08-01 21:40:00.000000,Royal Alexandra Hospital,244,0
2026-08-01 21:40:00.000000,Sheldon M. Chumir Centre,170,0
2026-08-01 21:40:00.000000,South Calgary Health Centre,,0
2026-08-01 21:40:00.000000,South Health Campus,364,0
2026-08-01 21:40:00.000000,Stollery Children's Hospital,84,0
2026-08-01 21:40:00.000000,Strathcona Community Hospital,171,0
2026-08-01 21:40:00.000000,Sturgeon Community Hospital,230,0
2026-08-01 21:40:00.000000,University of Alberta Hospital,215,0
2026-08-01 21:40:00.000000,WestView Health Centre,357,0
2026-08-01 21:50:00.000000,Airdrie Community Health Centre,173,0
2026-08-01 21:50:00.000000,Alberta Children's Hospital,183,0
2026-08-01 21:50:00.000000,Chinook Regional Hospital,114,0
2026-08-01 21:50:00.000000,Cochrane Community Health Centre,,0
2026-08-01 21:50:00.000000,Devon General Hospital,109,0
2026-08-01 21:50:00.000000,Foothills Medical Centre,246,0
2026-08-01 21:50:00.000000,Fort Sask Community Hospital,254,0
2026-08-01 21:50:00.000000,Grande Prairie Regional Hospital,151,0
2026-08-01 21:50:00.000000,Grey Nuns Community Hospital,251,0
2026-08-01 21:50:00.000000,Innisfail Health Centre,,1
2026-08-01 21:50:00.000000,Lacombe Hospital and Care Centre,,1
2026-08-01 21:50:00.000000,Leduc Community Hospital,271,0
2026-08-01 21:50:00.000000,Medicine Hat Regional Hospital,133,0
2026-08-01 21:50:00.000000,Misericordia Community Hospital,532,0
2026-08-01 21:50:00.000000,Northeast Community Health Centre,323,0
2026-08-01 21:50:00.000000,Northern Lights Regional Health Centre,111,0
2026-08-01 21:50:00.000000,Okotoks Health and Wellness Centre,,0
2026-08-01 21:50:00.000000,Peter Lougheed Centre,269,0
2026-08-01 21:50:00.000000,Red Deer Regional Hospital,139,0
2026-08-01 21:50:00.000000,Rockyview General Hospital,389,0
2026-08-01 21:50:00.000000,Royal Alexandra Hospital,264,0
2026-08-01 21:50:00.000000,Sheldon M. Chumir Centre,142,0
2026-08-01 21:50:00.000000,South Calgary Health Centre,,0
2026-08-01 21:50:00.000000,South Health Campus,401,0
2026-08-01 21:50:00.000000,Stollery Children's Hospital,97,0
2026-08-01 21:50:00.000000,Strathcona Community Hospital,156,0
2026-08-01 21:50:00.000000,Sturgeon Community Hospital,221,0
2026-08-01 21:50:00.000000,University of Alberta Hospital,227,0
2026-08-01 21:50:00.000000,WestView Health Centre,357,0
2026-08-01 22:00:00.000000,Airdrie Community Health Centre,177,0
2026-08-01 22:00:00.000000,Alberta Children's Hospital,162,0
2026-08-01 22:00:00.000000,Chinook Regional Hospital,129,0
2026-08-01 22:00:00.000000,Cochrane Community Health Centre,,0
2026-08-01 22:00:00.000000,Devon General Hospital,109,0
2026-08-01 22:00:00.000000,Foothills Medical Centre,275,0
2026-08-01 22:00:00.000000,Fort Sask Community Hospital,283,0
2026-08-01 22:00:00.000000,Grande Prairie Regional Hospital,156,0
2026-08-01 22:00:00.000000,Grey Nuns Community Hospital,251,0
2026-08-01 22:00:00.000000,Innisfail Health Centre,,1
2026-08-01 22:00:00.000000,Lacombe Hospital and Care Centre,,1
2026-08-01 22:00:00.000000,Leduc Community Hospital,271,0
2026-08-01 22:00:00.000000,Medicine Hat Regional Hospital,120,0
2026-08-01 22:00:00.000000,Misericordia Community Hospital,515,0
2026-08-01 22:00:00.000000,Northeast Community Health Centre,311,0
2026-08-01 22:00:00.000000,Northern Lights Regional Health Centre,100,0
2026-08-01 22:00:00.000000,Okotoks Health and Wellness Centre,,0
2026-08-01 22:00:00.000000,Peter Lougheed Centre,266,0
2026-08-01 22:00:00.000000,Red Deer Regional Hospital,148,0
2026-08-01 22:00:00.000000,Rockyview General Hospital,424,0
2026-08-01 22:00:00.000000,Royal Alexandra Hospital,277,0
2026-08-01 22:00:00.000000,Sheldon M. Chumir Centre,114,0
2026-08-01 22:00:00.000000,South Calgary Health Centre,,0
2026-08-01 22:00:00.000000,South Health Campus,367,0
2026-08-01 22:00:00.000000,Stollery Children's Hospital,109,0
2026-08-01 22:00:00.000000,Strathcona Community Hospital,171,0
2026-08-01 22:00:00.000000,Sturgeon Community Hospital,203,0
2026-08-01 22:00:00.000000,University of Alberta Hospital,233,0
2026-08-01 22:00:00.000000,WestView Health Centre,393,0
2026-08-01 22:10:00.000000,Airdrie Community Health Centre,166,0
2026-08-01 22:10:00.000000,Alberta Children's Hospital,169,0
2026-08-01 22:10:00.000000,Chinook Regional Hospital,129,0
2026-08-01 22:10:00.000000,Cochrane Community Health Centre,,0
2026-08-01 22:10:00.000000,Devon General Hospital,73,0
2026-08-01 22:10:00.000000,Foothills Medical Centre,286,0
2026-08-01 22:10:00.000000,Fort Sask Community Hospital,283,0
2026-08-01 22:10:00.000000,Grande Prairie Regional Hospital,172,0
2026-08-01 22:10:00.000000,Grey Nuns Community Hospital,260,0
2026-08-01 22:10:00.000000,Innisfail Health Centre,,1
2026-08-01 22:10:00.000000,Lacombe Hospital and Care Centre,,1
2026-08-01 22:10:00.000000,Leduc Community Hospital,271,0
2026-08-01 22:10:00.000000,Medicine Hat Regional Hospital,109,0
2026-08-01 22:10:00.000000,Misericordia Community Hospital,512,0
2026-08-01 22:10:00.000000,Northeast Community Health Centre,309,0
2026-08-01 22:10:00.000000,Northern Lights Regional Health Centre,88,0
2026-08-01 22:10:00.000000,Okotoks Health and Wellness Centre,,0
2026-08-01 22:10:00.000000,Peter Lougheed Centre,272,0
2026-08-01 22:10:00.000000,Red Deer Regional Hospital,133,0
2026-08-01 22:10:00.000000,Rockyview General Hospital,449,0
2026-08-01 22:10:00.000000,Royal Alexandra Hospital,289,0
2026-08-01 22:10:00.000000,Sheldon M. Chumir Centre,127,0
2026-08-01 22:10:00.000000,South Calgary Health Centre,,0
2026-08-01 22:10:00.000000,South Health Campus,376,0
2026-08-01 22:10:00.000000,Stollery Children's Hospital,109,0
2026-08-01 22:10:00.000000,Strathcona Community Hospital,187,0
2026-08-01 22:10:00.000000,Sturgeon Community Hospital,202,0
2026-08-01 22:10:00.000000,University of Alberta Hospital,232,0
2026-08-01 22:10:00.000000,WestView Health Centre,400,0
2026-08-01 22:20:00.000000,Airdrie Community Health Centre,166,0
2026-08-01 22:20:00.000000,Alberta Children's Hospital,162,0
2026-08-01 22:20:00.000000,Chinook Regional Hospital,136,0
2026-08-01 22:20:00.000000,Cochrane Community Health Centre,,0
2026-08-01 22:20:00.000000,Devon General Hospital,109,0
2026-08-01 22:20:00.000000,Foothills Medical Centre,290,0
2026-08-01 22:20:00.000000,Fort Sask Community Hospital,283,0
2026-08-01 22:20:00.000000,Grande Prairie Regional Hospital,172,0
2026-08-01 22:20:00.000000,Grey Nuns Community Hospital,251,0
2026-08-01 22:20:00.000000,Innisfail Health Centre,,1
2026-08-01 22:20:00.000000,Lacombe Hospital and Care Centre,,1
2026-08-01 22:20:00.000000,Leduc Community Hospital,291,0
2026-08-01 22:20:00.000000,Medicine Hat Regional Hospital,100,0
2026-08-01 22:20:00.000000,Misericordia Community Hospital,503,0
2026-08-01 22:20:00.000000,Northeast Community Health Centre,343,0
2026-08-01 22:20:00.000000,Northern Lights Regional Health Centre,111,0
2026-08-01 22:20:00.000000,Okotoks Health and Wellness Centre,,0
2026-08-01 22:20:00.000000,Peter Lougheed Centre,290,0
2026-08-01 22:20:00.000000,Red Deer Regional Hospital,169,0
2026-08-01 22:20:00.000000,Rockyview General Hospital,415,0
2026-08-01 22:20:00.000000,Royal Alexandra Hospital,292,0
2026-08-01 22:20:00.000000,Sheldon M. Chumir Centre,117,0
2026-08-01 22:20:00.000000,South Calgary Health Centre,,0
2026-08-01 22:20:00.000000,South Health Campus,386,0
2026-08-01 22:20:00.000000,Stollery Children's Hospital,109,0
2026-08-01 22:20:00.000000,Strathcona Community Hospital,202,0
2026-08-01 22:20:00.000000,Sturgeon Community Hospital,207,0
2026-08-01 22:20:00.000000,University of Alberta Hospital,230,0
2026-08-01 22:20:00.000000,WestView Health Centre,452,0
2026-08-01 22:30:00.000000,Airdrie Community Health Centre,166,0
2026-08-01 22:30:00.000000,Alberta Children's Hospital,176,0
2026-08-01 22:30:00.000000,Chinook Regional Hospital,162,0
2026-08-01 22:30:00.000000,Cochrane Community Health Centre,,0
2026-08-01 22:30:00.000000,Devon General Hospital,146,0
2026-08-01 22:30:00.000000,Foothills Medical Centre,306,0
2026-08-01 22:30:00.000000,Fort Sask Community Hospital,283,0
2026-08-01 22:30:00.000000,Grande Prairie Regional Hospital,144,0
2026-08-01 22:30:00.000000,Grey Nuns Community Hospital,260,0
2026-08-01 22:30:00.000000,Innisfail Health Centre,,1
2026-08-01 22:30:00.000000,Lacombe Hospital and Care Centre,,1
2026-08-01 22:30:00.000000,Leduc Community Hospital,310,0
2026-08-01 22:30:00.000000,Medicine Hat Regional Hospital,64,0
2026-08-01 22:30:00.000000,Misericordia Community Hospital,465,0
2026-08-01 22:30:00.000000,Northeast Community Health Centre,379,0
2026-08-01 22:30:00.000000,Northern Lights Regional Health Centre,133,0
2026-08-01 22:30:00.000000,Okotoks Health and Wellness Centre,,0
2026-08-01 22:30:00.000000,Peter Lougheed Centre,297,0
2026-08-01 22:30:00.000000,Red Deer Regional Hospital,175,0
2026-08-01 22:30:00.000000,Rockyview General Hospital,440,0
2026-08-01 22:30:00.000000,Royal Alexandra Hospital,315,0
2026-08-01 22:30:00.000000,Sheldon M. Chumir Centre,117,0
2026-08-01 22:30:00.000000,South Calgary Health Centre,,0
2026-08-01 22:30:00.000000,South Health Campus,439,0
2026-08-01 22:30:00.000000,Stollery Children's Hospital,133,0
2026-08-01 22:30:00.000000,Strathcona Community Hospital,202,0
2026-08-01 22:30:00.000000,Sturgeon Community Hospital,195,0
2026-08-01 22:30:00.000000,University of Alberta Hospital,237,0
2026-08-01 22:30:00.000000,WestView Health Centre,434,0
2026-08-01 22:40:00.000000,Airdrie Community Health Centre,153,0
2026-08-01 22:40:00.000000,Alberta Children's Hospital,197,0
2026-08-01 22:40:00.000000,Chinook Regional Hospital,143,0
2026-08-01 22:40:00.000000,Cochrane Community Health Centre,,0
2026-08-01 22:40:00.000000,Devon General Hospital,146,0
2026-08-01 22:40:00.000000,Foothills Medical Centre,335,0
2026-08-01 22:40:00.000000,Fort Sask Community Hospital,283,0
2026-08-01 22:40:00.000000,Grande Prairie Regional Hospital,144,0
2026-08-01 22:40:00.000000,Grey Nuns Community Hospital,260,0
2026-08-01 22:40:00.000000,Innisfail Health Centre,,1
2026-08-01 22:40:00.000000,Lacombe Hospital and Care Centre,,1
2026-08-01 22:40:00.000000,Leduc Community Hospital,329,0
2026-08-01 22:40:00.000000,Medicine Hat Regional Hospital,42,0
2026-08-01 22:40:00.000000,Misericordia Community Hospital,469,0
2026-08-01 22:40:00.000000,Northeast Community Health Centre,361,0
2026-08-01 22:40:00.000000,Northern Lights Regional Health Centre,140,0
2026-08-01 22:40:00.000000,Okotoks Health and Wellness Centre,,0
2026-08-01 22:40:00.000000,Peter Lougheed Centre,346,0
2026-08-01 22:40:00.000000,Red Deer Regional Hospital,203,0
2026-08-01 22:40:00.000000,Rockyview General Hospital,514,0
2026-08-01 22:40:00.000000,Royal Alexandra Hospital,328,0
2026-08-01 22:40:00.000000,Sheldon M. Chumir Centre,135,0
2026-08-01 22:40:00.000000,South Calgary Health Centre,,0
2026-08-01 22:40:00.000000,South Health Campus,486,0
2026-08-01 22:40:00.000000,Stollery Children's Hospital,133,0
2026-08-01 22:40:00.000000,Strathcona Community Hospital,187,0
2026-08-01 22:40:00.000000,Sturgeon Community Hospital,190,0
2026-08-01 22:40:00.000000,University of Alberta Hospital,253,0
2026-08-01 22:40:00.000000,WestView Health Centre,420,0
2026-08-01 22:50:00.000000,Airdrie Community Health Centre,140,0
2026-08-01 22:50:00.000000,Alberta Children's Hospital,183,0
2026-08-01 22:50:00.000000,Chinook Regional Hospital,149,0
2026-08-01 22:50:00.000000,Cochrane Community Health Centre,,0
2026-08-01 22:50:00.000000,Devon General Hospital,109,0
2026-08-01 22:50:00.000000,Foothills Medical Centre,345,0
2026-08-01 22:50:00.000000,Fort Sask Community Hospital,254,0
2026-08-01 22:50:00.000000,Grande Prairie Regional Hospital,115,0
2026-08-01 22:50:00.000000,Grey Nuns Community Hospital,277,0
2026-08-01 22:50:00.000000,Innisfail Health Centre,,1
2026-08-01 22:50:00.000000,Lacombe Hospital and Care Centre,,1
2026-08-01 22:50:00.000000,Leduc Community Hospital,329,0
2026-08-01 22:50:00.000000,Medicine Hat Regional Hospital,60,0
2026-08-01 22:50:00.000000,Misericordia Community Hospital,495,0
2026-08-01 22:50:00.000000,Northeast Community Health Centre,361,0
2026-08-01 22:50:00.000000,Northern Lights Regional Health Centre,145,0
2026-08-01 22:50:00.000000,Okotoks Health and Wellness Centre,,0
2026-08-01 22:50:00.000000,Peter Lougheed Centre,362,0
2026-08-01 22:50:00.000000,Red Deer Regional Hospital,230,0
2026-08-01 22:50:00.000000,Rockyview General Hospital,542,0
2026-08-01 22:50:00.000000,Royal Alexandra Hospital,350,0
2026-08-01 22:50:00.000000,Sheldon M. Chumir Centre,141,0
2026-08-01 22:50:00.000000,South Calgary Health Centre,,0
2026-08-01 22:50:00.000000,South Health Campus,507,0
2026-08-01 22:50:00.000000,Stollery Children's Hospital,145,0
2026-08-01 22:50:00.000000,Strathcona Community Hospital,171,0
2026-08-01 22:50:00.000000,Sturgeon Community Hospital,196,0
2026-08-01 22:50:00.000000,University of Alberta Hospital,253,0
2026-08-01 22:50:00.000000,WestView Health Centre,471,0
2026-08-01 23:00:00.000000,Airdrie Community Health Centre,140,0
2026-08-01 23:00:00.000000,Alberta Children's Hospital,183,0
2026-08-01 23:00:00.000000,Chinook Regional Hospital,169,0
2026-08-01 23:00:00.000000,Cochrane Community Health Centre,,0
2026-08-01 23:00:00.000000,Devon General Hospital,109,0
2026-08-01 23:00:00.000000,Foothills Medical Centre,356,0
2026-08-01 23:00:00.000000,Fort Sask Community Hospital,254,0
2026-08-01 23:00:00.000000,Grande Prairie Regional Hospital,86,0
2026-08-01 23:00:00.000000,Grey Nuns Community Hospital,285,0
2026-08-01 23:00:00.000000,Innisfail Health Centre,,1
2026-08-01 23:00:00.000000,Lacombe Hospital and Care Centre,,1
2026-08-01 23:00:00.000000,Leduc Community Hospital,291,0
2026-08-01 23:00:00.000000,Medicine Hat Regional Hospital,77,0
2026-08-01 23:00:00.000000,Misericordia Community Hospital,503,0
2026-08-01 23:00:00.000000,Northeast Community Health Centre,325,0
2026-08-01 23:00:00.000000,Northern Lights Regional Health Centre,168,0
2026-08-01 23:00:00.000000,Okotoks Health and Wellness Centre,,0
2026-08-01 23:00:00.000000,Peter Lougheed Centre,361,0
2026-08-01 23:00:00.000000,Red Deer Regional Hospital,236,0
2026-08-01 23:00:00.000000,Rockyview General Hospital,587,0
2026-08-01 23:00:00.000000,Royal Alexandra Hospital,343,0
2026-08-01 23:00:00.000000,Sheldon M. Chumir Centre,195,0
2026-08-01 23:00:00.000000,South Calgary Health Centre,,0
2026-08-01 23:00:00.000000,South Health Campus,526,0
2026-08-01 23:00:00.000000,Stollery Children's Hospital,145,0
2026-08-01 23:00:00.000000,Strathcona Community Hospital,171,0
2026-08-01 23:00:00.000000,Sturgeon Community Hospital,195,0
2026-08-01 23:00:00.000000,University of Alberta Hospital,253,0
2026-08-01 23:00:00.000000,WestView Health Centre,453,0
